startup_name,industry,country,city,stage,funding,team_size,founder_count,description
Bandsintown,music,USA,San Diego,1,375000.0,3.0,1.0,music
TriCipher,enterprise,USA,Los Gatos,1,40100000.0,9.0,4.75,enterprise
Plixi,web,USA,San Diego,1,2600000.0,5.0,4.0,web
Solidcore Systems,software,USA,Cupertino,1,40000000.0,5.0,3.3333,software
Inhale Digital,games_video,USA,San Francisco,0,1300000.0,2.0,1.0,games_video
Matisse Networks,network_hosting,USA,Mountain View,0,7500000.0,3.0,3.0,network_hosting
RingCube Technologies,software,USA,Mountain View,1,26000000.0,6.0,1.6667,software
ClairMail,finance,USA,San Rafael,1,34100000.0,25.0,3.5,finance
VoodooVox,mobile,USA,Williamstown,1,9650000.0,13.0,4.0,mobile
Doostang,web,USA,Palo Alto,1,5750000.0,14.0,1.0,web
Zong,mobile,USA,Menlo Park,1,27500000.0,22.0,1.0,mobile
Center'd,web,USA,Menlo Park,0,10400000.0,8.0,1.75,web
Resonant Vibes,web,USA,Louisville,0,350000.0,0.0,1.0,web
drop.io,education,USA,Brooklyn,1,9950000.0,15.0,2.3333,education
Stratavia,software,USA,Denver,1,10700000.0,12.0,2.5,software
Invicta Networks,public_relations,USA,Vienna,0,200000.0,0.0,1.0,public_relations
QSecure,security,USA,Los Altos,0,49000000.0,8.0,3.5,security
MeeVee,games_video,USA,Burlingame,1,25000000.0,7.0,3.5,games_video
SinglePlatform,web,USA,New York,1,4575000.0,10.0,5.0,web
Bling Nation,enterprise,USA,Palo Alto,0,28000000.0,13.0,1.0,enterprise
Metreos Corporation,software,USA,Austin,1,4355000.0,8.0,1.5,software
Hidden City Games,other,USA,Seattle,0,15000000.0,3.0,2.0,other
Neopolitan Networks,web,USA,Palo Alto,0,3170000.0,1.0,2.0,web
Pixelpipe,mobile,USA,San Francisco,0,2300000.0,4.0,2.0,mobile
EventVue,public_relations,USA,Boulder,0,455000.0,5.0,4.5,public_relations
BridgePort Networks,software,USA,Chicago,1,13000000.0,3.0,4.0,software
Scalent Systems,public_relations,USA,Palo Alto,1,15000000.0,7.0,4.0,public_relations
IQ Engines,photo_video,USA,Berkeley,1,3800000.0,2.0,2.0,photo_video
"RetailMeNot, Inc.",web,USA,Austin,1,299500000.0,37.0,1.75,web
Mophie,hardware,USA,Santa Ana,1,1000000.0,5.0,2.0,hardware
Airship Ventures,other,USA,Moffett Field,0,10500000.0,3.0,2.0,other
Lockdown Networks,public_relations,USA,Seattle,1,8600000.0,6.0,1.5,public_relations
eMinor,software,USA,Durham,0,5000000.0,9.0,2.5,software
Karma,mobile,USA,San Francisco,1,2304999.0,3.0,5.0,mobile
Zipano,security,USA,Pittsburgh,0,25000.0,2.0,1.0,security
Entertainment Media Works,software,USA,New York,0,4000000.0,1.0,1.0,software
Elastra,software,USA,San Francisco,0,14600000.0,8.0,2.0,software
RPO,hardware,USA,San Jose,0,44000000.0,0.0,4.5,hardware
Fotomoto,ecommerce,USA,San Francisco,1,1822922.0,10.0,2.3333,ecommerce
Peer39,advertising,USA,New York,1,29915001.0,18.0,2.75,advertising
Vitrue,enterprise,USA,Atlanta,1,33000000.0,26.0,3.0,enterprise
Trendslide,mobile,USA,Manchester,1,125000.0,9.0,1.0,mobile
PublicEarth,travel,USA,Menlo Park,0,4000000.0,7.0,1.0,travel
Azaleos,enterprise,USA,Seattle,1,10000000.0,10.0,2.0,enterprise
Efficient Frontier,advertising,USA,Sunnyvale,1,6000000.0,25.0,3.0,advertising
NetDevices,software,USA,Sunnyvale,1,25000000.0,4.0,5.0,software
Go Try It On,fashion,USA,New York,1,3750000.0,2.0,2.0,fashion
Performable,software,USA,Cambridge,1,3000000.0,9.0,1.0,software
Appstores.com,software,USA,San Francisco,1,1155000.0,6.0,9.5,software
Fortify Software,software,USA,San Mateo,1,10000000.0,11.0,2.0,software
iCurrent,web,USA,South San Francisco,1,3000000.0,5.0,1.0,web
AisleBuyer,mobile,USA,Boston,1,11500000.0,4.0,1.0,mobile
Indeed,web,USA,Austin,1,5000000.0,12.0,3.0,web
Colubris Networks,public_relations,USA,Waltham,1,29000000.0,9.0,5.0,public_relations
Mashery,enterprise,USA,San Francisco,1,34700000.0,37.0,5.0,enterprise
Transparency Software,software,USA,Palo Alto,0,12050000.0,0.0,2.0,software
Viewdle,analytics,USA,Palo Alto,1,12000000.0,13.0,2.0,analytics
Enclarity,consulting,USA,Aliso Viejo,1,5500000.0,18.0,2.0,consulting
Virsto Software,software,USA,Sunnyvale,1,24000000.0,10.0,3.3333,software
Handmark,mobile,USA,Kansas City,1,10000000.0,6.0,4.5,mobile
Viacor,biotech,USA,Wilmington,0,19009671.0,10.0,2.0,biotech
Carbonetworks,cleantech,USA,San Francisco,0,5000000.0,6.0,1.0,cleantech
SchemaLogic,enterprise,USA,Kirkland,1,18914576.0,2.0,3.0,enterprise
Skyway Software,software,USA,Tampa,0,4000000.0,0.0,3.0,software
CardStar,software,USA,Boston,1,2030882.0,5.0,3.0,software
Makani Power,cleantech,USA,Alameda,1,5000000.0,4.0,1.0,cleantech
Myrio,software,USA,Bothell,0,20500000.0,5.0,4.0,software
Intela,advertising,USA,Boulder,1,13250000.0,4.0,2.0,advertising
Sana Security,security,USA,San Mateo,1,12000000.0,7.0,2.0,security
Sportgenic,advertising,USA,San Francisco,1,11489687.0,9.0,3.3333,advertising
Lolapps,web,USA,San Francisco,1,4000000.0,15.0,3.0,web
Behavio,software,USA,Sunnyvale,1,355000.0,3.0,1.0,software
Infinity Box,web,USA,Tampa,1,118000.0,10.0,1.5,web
adBrite,advertising,USA,San Francisco,1,40400000.0,17.0,1.6667,advertising
Texert,software,USA,Dallas,0,3000000.0,1.0,1.0,software
Mendocino Software,software,USA,Fremont,0,19700000.0,2.0,4.0,software
QuikCycle,software,USA,Santa Clara,0,17800000.0,0.0,1.0,software
Instagram,photo_video,USA,San Francisco,1,57500000.0,12.0,4.0,photo_video
Motionbox,games_video,USA,New York,1,17200000.0,10.0,2.6667,games_video
AccelGolf,mobile,USA,Cambridge,0,457282.0,4.0,1.0,mobile
MoPub,mobile,USA,San Francisco,1,18500000.0,11.0,2.25,mobile
DNP Green Technology,cleantech,USA,Princeton,0,12000000.0,2.0,6.0,cleantech
Abound Solar,cleantech,USA,Loveland,0,510000000.0,5.0,2.5,cleantech
Trovix,search,USA,Mountain View,1,18250000.0,3.0,2.5,search
Thumbplay,music,USA,New York,1,41500019.0,13.0,4.0,music
Plethora Technology,software,USA,Kearneysville,0,1000000.0,1.0,3.0,software
DailyStrength,web,USA,Los Angeles,1,5000000.0,7.0,1.0,web
Danotek Motion Technologies,cleantech,USA,Canton,0,42700000.0,2.0,3.6667,cleantech
Yub,ecommerce,USA,Mountain View,0,12000000.0,7.0,9.0,ecommerce
SNAPin Software,software,USA,Bellevue,1,22300000.0,5.0,4.5,software
Azuro,semiconductor,USA,Santa Clara,1,10000000.0,5.0,4.0,semiconductor
ARPU,advertising,USA,Washington,0,15564591.0,1.0,3.5,advertising
BookFresh,web,USA,San Francisco,1,500000.0,7.0,5.0,web
Singly,analytics,USA,San Francisco,1,8950000.0,24.0,7.0,analytics
TxVia,finance,USA,New York,1,55350000.0,8.0,4.0,finance
Blue Vector Systems,public_relations,USA,Mountain View,0,4000000.0,1.0,3.0,public_relations
Open Kernel Labs,software,USA,Chicago,1,10764323.0,3.0,2.0,software
Elanti Systems,software,USA,Somerset,0,5500000.0,1.0,3.0,software
Astrid,social,USA,San Francisco,1,400000.0,7.0,3.0,social
Nordic Windpower,cleantech,USA,Berkeley,0,54000000.0,3.0,2.6667,cleantech
Visiprise,software,USA,Alpharetta,0,32000000.0,2.0,7.0,software
Hubspan,software,USA,Seattle,1,13000000.0,1.0,4.0,software
iConclude,software,USA,Bellevue,1,12500000.0,5.0,2.3333,software
41st Parameter,security,USA,San Jose,1,38064570.0,16.0,3.0,security
Aardvark,web,USA,San Francisco,1,6000000.0,21.0,4.0,web
Hotelicopter,web,USA,Charlottesville,0,5000000.0,4.0,1.0,web
Anystream,software,USA,Dulles,1,59000000.0,9.0,2.0,software
CakeStyle,web,USA,Chicago,0,1000000.0,2.0,1.0,web
Fluther,web,USA,San Francisco,1,600000.0,5.0,7.0,web
Pocket Communications Northeast,mobile,USA,Bloomfield,0,125000000.0,0.0,2.0,mobile
Goodreads,web,USA,Santa Monica,1,2750000.0,11.0,4.0,web
Woven Systems,network_hosting,USA,Santa Clara,1,30000000.0,1.0,2.5,network_hosting
Kolorific,semiconductor,USA,Milpitas,0,7000000.0,0.0,1.0,semiconductor
Krugle,search,USA,Menlo Park,1,6100000.0,10.0,4.0,search
Flud,enterprise,USA,San Diego,0,2100000.0,12.0,4.0,enterprise
Chomp,mobile,USA,San Francisco,1,2565000.0,10.0,3.5,mobile
Origen Therapeutics,biotech,USA,Burlingame,0,2000000.0,0.0,1.0,biotech
Inlet Technologies,network_hosting,USA,Raleigh,1,22400000.0,3.0,3.6667,network_hosting
ShopWiki,ecommerce,USA,New York,1,6250000.0,12.0,1.0,ecommerce
Fondu,web,USA,New York,1,575000.0,4.0,6.0,web
Loudcaster,web,USA,Somerville,0,53000.0,1.0,1.0,web
TwoFish,ecommerce,USA,Redwood City,1,9500000.0,6.0,2.5,ecommerce
Workstreamer,enterprise,USA,Austin,0,3500000.0,7.0,1.0,enterprise
Qwiki,photo_video,USA,New York,1,10500000.0,14.0,6.3333,photo_video
Redwood Systems,cleantech,USA,Fremont,1,34250000.0,14.0,2.25,cleantech
Artisan Pharma,biotech,USA,Waltham,1,85381111.0,2.0,4.6667,biotech
Bill Me Later,web,USA,Timonium,1,100000000.0,6.0,2.5,web
Bueda,advertising,USA,Pittsburgh,0,125000.0,3.0,1.0,advertising
Defywire,mobile,USA,Reston,0,10600000.0,2.0,3.0,mobile
Silicon Clocks,semiconductor,USA,Fremont,1,26100000.0,2.0,3.5,semiconductor
TheMarkets,web,USA,New York,1,30000000.0,2.0,5.0,web
Netgamix Inc,games_video,USA,Chicago,0,132885.0,6.0,1.0,games_video
Sentrigo,software,USA,Santa Clara,1,9500000.0,9.0,2.0,software
Netli,network_hosting,USA,Palo Alto,1,18000000.0,9.0,7.0,network_hosting
Define My Style,web,USA,Cincinnati,0,690000.0,4.0,3.0,web
Firethorn,mobile,USA,Atlanta,1,25131611.0,1.0,1.0,mobile
Wellcore,hardware,USA,San Jose,0,2000000.0,1.0,1.0,hardware
Taligen Therapeutics,biotech,USA,Cambridge,1,78750000.0,4.0,3.5,biotech
Adap.tv,advertising,USA,San Mateo,1,48500000.0,27.0,2.5,advertising
Current Media,network_hosting,USA,San Francisco,0,15000000.0,12.0,3.0,network_hosting
ParAccel,analytics,USA,Campbell,1,74000000.0,13.0,5.3333,analytics
Arch Rock Corporation,software,USA,San Francisco,1,15000000.0,6.0,3.0,software
SpiralFrog,games_video,USA,New York,0,45000000.0,8.0,1.0,games_video
Plusmo,mobile,USA,Santa Clara,1,4410000.0,4.0,1.0,mobile
ZipList,web,USA,Sterling,1,4500000.0,9.0,2.0,web
Involver,software,USA,San Francisco,1,11040000.0,11.0,2.5,software
Lionside,games_video,USA,San Francisco,1,1600000.0,6.0,3.0,games_video
Game Trust,software,USA,New York,1,9000000.0,3.0,4.0,software
Nearbuy Systems,analytics,USA,San Mateo,1,3282327.0,4.0,2.0,analytics
Visible Path,web,USA,Foster City,1,24700000.0,5.0,4.0,web
VT Silicon,semiconductor,USA,Atlanta,0,8800000.0,2.0,1.0,semiconductor
GetBack,web,USA,Los Angeles,0,1700000.0,1.0,1.0,web
Slipstream,web,USA,Oakland,0,20000.0,1.0,1.0,web
HipLogic,mobile,USA,Fremont,1,11500000.0,10.0,2.5,mobile
Dilithium Networks,mobile,USA,Petaluma,0,98170000.0,12.0,5.2,mobile
Yobongo,web,USA,San Francisco,1,1350000.0,2.0,10.0,web
Brickfish,software,USA,Chicago,1,940261.0,17.0,1.0,software
MyEnergy,web,USA,Boston,1,4000000.0,12.0,3.0,web
LikeList,web,USA,Sunnyvale,0,5000000.0,5.0,1.0,web
Social Collective,web,USA,Arlington,0,20000.0,3.0,1.0,web
Pure Networks,network_hosting,USA,Seattle,1,12500000.0,5.0,3.0,network_hosting
Internet Pawn,finance,USA,Centennial,0,7228704.0,0.0,2.0,finance
NeuroTherapeutics Pharma,biotech,USA,Chicago,0,55000000.0,5.0,4.0,biotech
Provade,enterprise,USA,San Mateo,1,15180000.0,5.0,1.0,enterprise
Infineta Systems,software,USA,San Jose,0,30000000.0,4.0,2.5,software
Challenge Games,network_hosting,USA,Austin,1,14500000.0,11.0,1.5,network_hosting
Crowd Factory,advertising,USA,San Francisco,1,6500000.0,6.0,3.0,advertising
Friendsignia,web,USA,Memphis,0,15000.0,2.0,1.0,web
Vizibility,mobile,USA,New York,1,4705910.0,5.0,3.0,mobile
OpenFeint,games_video,USA,Burlingame,1,3000000.0,6.0,1.0,games_video
Tumblr,web,USA,New York,1,125250000.0,30.0,3.5,web
Hotlist,social,USA,New York,0,1449998.0,8.0,1.0,social
Crashlytics,mobile,USA,Cambridge,1,6000000.0,5.0,6.0,mobile
BridgePoint Medical,medical,USA,Plymouth,1,28200000.0,7.0,3.0,medical
Recurve,software,USA,San Francisco,1,14000000.0,5.0,2.0,software
Conformity,enterprise,USA,Austin,0,3000000.0,14.0,1.0,enterprise
Moprise,enterprise,USA,Seattle,0,2238055.0,6.0,1.0,enterprise
Plizy,photo_video,USA,San Francisco,0,5200000.0,5.0,1.0,photo_video
ShopRunner,ecommerce,USA,Conshohocken,1,75000000.0,4.0,1.0,ecommerce
RatePoint,software,USA,Needham,0,24500000.0,13.0,2.5,software
Digital Performance,advertising,USA,Newport Beach,0,4476171.0,3.0,2.0,advertising
Gowalla,web,USA,Austin,1,10400001.0,21.0,6.0,web
Copan Systems,network_hosting,USA,Longmont,1,68400000.0,8.0,6.5,network_hosting
Replay Solutions,software,USA,Redwood City,1,15200000.0,13.0,2.0,software
Turf Geography Club,mobile,USA,New York,0,890000.0,2.0,3.0,mobile
skyrockit,mobile,USA,San Francisco,0,2600000.0,0.0,1.0,mobile
Cartavi,enterprise,USA,Naperville,1,1226270.0,7.0,1.0,enterprise
Cramster,web,USA,Pasadena,1,9000000.0,5.0,1.0,web
Certify Data Systems,enterprise,USA,San Jose,1,7210210.0,4.0,1.0,enterprise
Wheelz,automotive,USA,San Francisco,1,15700000.0,15.0,3.0,automotive
CentrePath,software,USA,Waltham,1,15050000.0,4.0,2.5,software
VoxPop Network Corporation,games_video,USA,San Francisco,1,3500000.0,5.0,3.0,games_video
OpVista,software,USA,Milpitas,0,43000000.0,2.0,1.0,software
Metaweb Technologies,web,USA,San Francisco,1,57000000.0,7.0,3.5,web
DocVerse,web,USA,San Francisco,1,1300000.0,8.0,4.0,web
Veoh,games_video,USA,San Diego,1,69750000.0,15.0,5.0,games_video
BzzAgent,advertising,USA,Boston,1,14500000.0,16.0,2.0,advertising
Hammerhead Systems,hardware,USA,Mountain View,0,48000000.0,2.0,6.0,hardware
ThermalTherapeuticSystems,medical,USA,Pittsburgh,0,3508462.0,3.0,3.0,medical
GuardianEdge Technologies,software,USA,San Mateo,1,19500000.0,10.0,3.3333,software
Gradient X,mobile,USA,Santa Monica,1,3750000.0,5.0,9.0,mobile
ezzai - how to arabia,web,USA,Warrenville,0,45000000.0,1.0,2.0,web
rPath,enterprise,USA,Raleigh,0,32500000.0,8.0,2.75,enterprise
Boomi,enterprise,USA,Berwyn,1,4900000.0,4.0,1.5,enterprise
VoloMedia,advertising,USA,Sunnyvale,0,12000000.0,4.0,2.0,advertising
Flixster,web,USA,San Francisco,1,7175000.0,12.0,2.6667,web
Wesabe,web,USA,San Francisco,0,4700000.0,3.0,1.5,web
OfferLounge,public_relations,USA,Morgan Hill,0,120000.0,3.0,2.0,public_relations
NeoEdge Networks,advertising,USA,Mountain View,1,10000000.0,10.0,1.6667,advertising
SemiSouth Laboratories,semiconductor,USA,Austin,0,39000000.0,0.0,3.0,semiconductor
Camiant,software,USA,Marlborough,1,16100000.0,3.0,2.5,software
NuConomy,advertising,USA,San Francisco,1,3300000.0,4.0,2.0,advertising
Flowtown,analytics,USA,San Francisco,1,750000.0,6.0,9.0,analytics
GlobalCrypto,software,USA,Atlanta,0,1000000.0,0.0,2.0,software
Bioenvision,biotech,USA,New York,0,7410000.0,3.0,3.0,biotech
Teranetics,semiconductor,USA,San Jose,1,52800000.0,5.0,5.3333,semiconductor
WebVisible,software,USA,Playa Vista,0,37000000.0,33.0,1.3333,software
GoodGuide,web,USA,San Francisco,1,14229998.0,14.0,3.0,web
ViVu,messaging,USA,Cupertino,1,3000000.0,7.0,2.5,messaging
avVenta,advertising,USA,New York,1,20000000.0,10.0,1.0,advertising
DiJiPOP,advertising,USA,Providence,1,2000000.0,6.0,1.5,advertising
Layer 7 Technologies,software,USA,Washington,1,19900000.0,3.0,2.0,software
DeliveryEdge,ecommerce,USA,San Francisco,0,1500000.0,6.0,1.0,ecommerce
Solmentum,cleantech,USA,San Francisco,0,325000.0,4.0,4.0,cleantech
Pipewise,enterprise,USA,San Francisco,0,3500000.0,16.0,5.0,enterprise
GridNetworks,network_hosting,USA,Seattle,0,30000000.0,7.0,2.0,network_hosting
MAP Pharmaceuticals,biotech,USA,Mountain View,1,50000000.0,1.0,6.0,biotech
"ORCA, Inc.",ecommerce,USA,New York,1,2000000.0,5.0,3.0,ecommerce
Amobee,advertising,USA,Redwood City,1,72000000.0,25.0,2.3333,advertising
KOTURA,cleantech,USA,Monterey Park,1,27690547.0,4.0,4.5,cleantech
Auvitek International,semiconductor,USA,Plano,0,9000000.0,32.0,4.0,semiconductor
Outright,enterprise,USA,Mountain View,1,7500000.0,12.0,3.5,enterprise
Phurnace Software,software,USA,Austin,1,10000000.0,9.0,2.0,software
FastSoft,software,USA,Pasadena,1,5965000.0,7.0,1.0,software
GrandCentral,mobile,USA,Fremont,1,4000000.0,9.0,1.0,mobile
Speedshape,advertising,USA,Bingham Farms,0,5000000.0,2.0,1.0,advertising
BlueLithium,advertising,USA,San Jose,1,11500000.0,15.0,2.0,advertising
Media Chaperone,web,USA,Chicago,0,1050000.0,2.0,1.0,web
Giant Realm,web,USA,New York,1,5500000.0,13.0,2.0,web
Invite Media,advertising,USA,Philadelphia,1,5000000.0,17.0,1.6667,advertising
UpMo,enterprise,USA,Mountain View,0,3700000.0,11.0,3.0,enterprise
Appscio,software,USA,Freedom,0,7000000.0,4.0,2.0,software
Eons,network_hosting,USA,Boston,0,32000000.0,14.0,3.5,network_hosting
LocaModa,advertising,USA,Cambridge,1,7900000.0,8.0,2.0,advertising
Meraki,network_hosting,USA,San Francisco,1,80000000.0,16.0,2.25,network_hosting
MPOWER Mobile,mobile,USA,Austin,0,5000000.0,1.0,1.0,mobile
Haute Secure,security,USA,Seattle,1,2100000.0,5.0,1.5,security
Intelliworks,enterprise,USA,Bethesda,1,22250000.0,6.0,2.5,enterprise
Meridian,enterprise,USA,Portland,1,1975000.0,6.0,3.0,enterprise
Kluster,web,USA,New York,1,1000000.0,0.0,1.0,web
International Battery,cleantech,USA,Allentown,0,35000000.0,0.0,1.0,cleantech
Jingle Networks,mobile,USA,New York,1,88651133.0,12.0,3.1667,mobile
SemEquip,semiconductor,USA,North Billerica,1,26000000.0,3.0,2.0,semiconductor
ItsGoinOn,games_video,USA,Los Angeles,0,100000.0,3.0,1.0,games_video
mSnap,mobile,USA,Denver,1,5000000.0,6.0,1.0,mobile
Biofisica,biotech,USA,Duluth,0,7300000.0,5.0,3.0,biotech
Ardian,biotech,USA,Mountain View,1,64080000.0,8.0,4.0,biotech
Tracelytics,enterprise,USA,Providence,1,5800000.0,8.0,4.0,enterprise
Canopy Financial,finance,USA,San Francisco,0,89500000.0,6.0,1.0,finance
Kyte,games_video,USA,San Francisco,1,23350000.0,11.0,3.0,games_video
Ounce Labs,software,USA,Waltham,1,13500000.0,7.0,2.5,software
Crossbeam Systems,security,USA,Boxborough,1,24500000.0,13.0,5.5,security
PacketHop,public_relations,USA,Redwood City,0,10000000.0,2.0,4.0,public_relations
Inaura,other,USA,Salt Lake City,0,8500000.0,3.0,1.0,other
DynaPump,cleantech,USA,The Woodlands,0,6000000.0,0.0,3.0,cleantech
Immunet Corporation,software,USA,Palo Alto,1,2000000.0,3.0,2.0,software
CopperEgg Corporation,enterprise,USA,Austin,1,4100000.0,3.0,1.5,enterprise
Wink,search,USA,Mountain View,1,6200000.0,5.0,2.0,search
PopularMedia,advertising,USA,San Francisco,1,12250000.0,8.0,2.5,advertising
Miyowa,mobile,USA,San Francisco,1,11725600.0,3.0,2.0,mobile
Intrusic,software,USA,Burlington,0,16000000.0,1.0,3.0,software
Dashwire,mobile,USA,Seattle,1,5056559.0,10.0,1.6667,mobile
Reddit,web,USA,San Francisco,1,100000.0,9.0,1.0,web
Pure Digital Technologies,hardware,USA,San Francisco,1,68200000.0,11.0,4.0,hardware
Voxify,enterprise,USA,Alameda,1,33000000.0,5.0,3.6667,enterprise
EvoApp,analytics,USA,Durham,0,3352194.0,8.0,9.5,analytics
Visual Revenue,analytics,USA,New York,1,2212000.0,5.0,3.0,analytics
Calibra Medical,biotech,USA,Redwood City,1,19800000.0,1.0,5.0,biotech
Offermatic,web,USA,San Mateo,0,4500000.0,6.0,3.0,web
HiWired,software,USA,Needham,1,14000000.0,2.0,1.5,software
DateMyFamily.com,social,USA,Weston,0,100000.0,4.0,1.0,social
Hyperic,software,USA,Palo Alto,1,9900000.0,4.0,2.0,software
Optimal,advertising,USA,San Francisco,1,7600000.0,10.0,5.0,advertising
SendMeHome.com,games_video,USA,Santa Barbara,0,50000.0,2.0,2.0,games_video
Q-magic,public_relations,USA,Palo Alto,0,650000.0,3.0,1.0,public_relations
Geodelic Systems,mobile,USA,Los Angeles,0,10500000.0,8.0,2.0,mobile
BlockBeacon,web,USA,Santa Monica,1,500000.0,12.0,1.0,web
PostPath,web,USA,Mountain View,1,24300000.0,2.0,2.5,web
Attune Systems,hardware,USA,Santa Clara,0,18000000.0,6.0,4.0,hardware
TokBox,messaging,USA,San Francisco,1,26000000.0,27.0,3.6667,messaging
Avega Systems,hardware,USA,Mountain View,0,9500000.0,2.0,3.0,hardware
Heartscape,biotech,USA,Columbia,1,16980999.0,6.0,1.0,biotech
PeerMe,games_video,USA,Mountain View,0,5000000.0,2.0,3.0,games_video
Pacinian,hardware,USA,SPOKANE,0,350000.0,3.0,1.0,hardware
neoSaej,web,USA,Burlington,0,13130000.0,1.0,2.0,web
Kiha Software,software,USA,Seattle,0,20000000.0,1.0,1.0,software
Vlingo,mobile,USA,Cambridge,1,26500000.0,18.0,2.0,mobile
Tizor Systems,enterprise,USA,Maynard,1,15000000.0,4.0,5.0,enterprise
Cerona Networks,public_relations,USA,Frederick,0,2600000.0,0.0,1.0,public_relations
Oorja Protonics,cleantech,USA,Fremont,0,21470000.0,1.0,3.5,cleantech
Hurricane Party,mobile,USA,Austin,0,20000.0,5.0,1.0,mobile
Minekey,web,USA,Sunnyvale,0,3600000.0,10.0,1.0,web
Blip,games_video,USA,New York,1,27300000.0,23.0,2.0,games_video
Fabkids,ecommerce,USA,San Francisco,1,2600000.0,8.0,2.0,ecommerce
CafeBots,web,USA,Palo Alto,0,5000000.0,5.0,1.0,web
Avaak,mobile,USA,San Diego,1,17000000.0,2.0,3.5,mobile
Newfield Design,manufacturing,USA,West Newfield,0,662000.0,0.0,3.0,manufacturing
Savored,hospitality,USA,New York,1,3750000.0,12.0,4.0,hospitality
Digg,news,USA,San Francisco,1,45000000.0,57.0,4.6667,news
Songza,music,USA,Long Island City,1,6700000.0,9.0,8.0,music
Bigfoot Networks,hardware,USA,Redwood City,1,20750000.0,12.0,2.3333,hardware
Kongregate,games_video,USA,San Francisco,1,19000000.0,5.0,2.0,games_video
Powerset,search,USA,San Francisco,1,22500000.0,20.0,4.0,search
Kiptronic,advertising,USA,San Francisco,1,7300000.0,10.0,2.0,advertising
Cozi Group,web,USA,Seattle,0,26390819.0,16.0,1.3333,web
Likewise Software,software,USA,Bellevue,1,10000000.0,4.0,3.0,software
Lifestander,web,USA,NY,0,31000.0,1.0,2.0,web
Jaxtr,mobile,USA,Menlo Park,1,21500000.0,16.0,3.3333,mobile
MX Logic,security,USA,Englewood,1,4000000.0,5.0,5.0,security
Metaplace,games_video,USA,Solana Beach,1,9400000.0,5.0,4.0,games_video
TravelMuse,web,USA,New York,1,5600000.0,9.0,2.0,web
Jambool,finance,USA,San Francisco,1,6000000.0,9.0,2.5,finance
Zipcar,transportation,USA,NW Atlanta,1,60704370.0,35.0,2.0,transportation
Hitpost,sports,USA,San Francisco,1,2000000.0,16.0,3.6667,sports
Home-Account,finance,USA,San Francisco,1,1000000.0,5.0,5.5,finance
PayParade Pictures,games_video,USA,Bala Cynwyd,0,200000.0,3.0,2.0,games_video
Planet Metrics,cleantech,USA,San Bruno,0,2300000.0,2.0,2.0,cleantech
kwiry,mobile,USA,San Francisco,0,1000000.0,5.0,1.0,mobile
imeem,music,USA,San Francisco,1,24750000.0,13.0,2.4,music
Amadesa,software,USA,Evanston,0,12800000.0,15.0,2.0,software
Cast Iron Systems,enterprise,USA,Mountain View,1,30500000.0,10.0,4.5,enterprise
Aptera,automotive,USA,Carlsbad,0,36300000.0,3.0,1.5,automotive
RentJuice,real_estate,USA,San Francisco,1,6693782.0,7.0,1.6667,real_estate
Verari Systems,hardware,USA,San Diego,0,20000000.0,1.0,5.0,hardware
Parascale,network_hosting,USA,Cupertino,1,11370000.0,8.0,2.0,network_hosting
Geni,web,USA,West Hollywood,1,16500000.0,13.0,1.3333,web
Zentact,network_hosting,USA,San Franciso,0,250000.0,3.0,3.0,network_hosting
Outside.in,web,USA,New York,1,14400000.0,9.0,5.8,web
Salesforce Buddy Media,enterprise,USA,New York,1,90000000.0,24.0,3.8,enterprise
Vizu Corporation,advertising,USA,San Francisco,1,13075000.0,10.0,4.0,advertising
Zing Systems,games_video,USA,Mountain View,1,26000000.0,10.0,2.5,games_video
DynamicOps,enterprise,USA,Burlington,1,16300000.0,6.0,2.0,enterprise
Movero Technology,enterprise,USA,Austin,1,5992316.0,5.0,2.0,enterprise
Elevation Pharmaceuticals,biotech,USA,San Diego,1,89400001.0,2.0,4.3333,biotech
Punch Entertainment,software,USA,Palo Alto,0,1200000.0,4.0,1.0,software
Stickybits,web,USA,New York,0,1900000.0,7.0,2.5,web
Ecast,games_video,USA,San Francisco,0,30300000.0,9.0,4.5,games_video
lifeIO,web,USA,New York,0,500000.0,4.0,5.0,web
EdgeCast Networks,network_hosting,USA,Santa Monica,1,74000000.0,19.0,1.75,network_hosting
Sirific Wireless,semiconductor,USA,Richardson,1,18800000.0,3.0,7.0,semiconductor
Revetto,web,USA,Zeeland,0,20000.0,3.0,1.0,web
ZoomSafer,mobile,USA,Herndon,1,3350000.0,3.0,1.5,mobile
AkaRx,biotech,USA,Paramus,1,26100000.0,1.0,2.0,biotech
Lama Lab,enterprise,USA,Pittsburgh,0,1213066.0,0.0,1.0,enterprise
Buysight,advertising,USA,Palo Alto,1,24030000.0,18.0,3.6667,advertising
TripIt,travel,USA,San Francisco,1,13100000.0,14.0,1.6667,travel
Pinch Media,software,USA,New York,1,560001.0,6.0,3.5,software
Enstratius,enterprise,USA,Minneapolis,1,3500000.0,7.0,2.0,enterprise
Jumptap,mobile,USA,Boston,1,121500000.0,45.0,4.5,mobile
WiChorus,mobile,USA,San Jose,1,42500000.0,18.0,2.5,mobile
Hatteras Networks,software,USA,Durham,1,36000000.0,26.0,3.5,software
Focus,enterprise,USA,San Francisco,0,12170000.0,7.0,3.0,enterprise
easy2comply (Dynasec),software,USA,New York,1,1000000.0,4.0,3.0,software
Socialize,mobile,USA,San Francisco,1,1820000.0,5.0,1.0,mobile
Clearwire,mobile,USA,Kirkland,1,5700000000.0,19.0,4.25,mobile
CREDANT Technologies,security,USA,Addison,1,5000000.0,6.0,5.0,security
Exclusively.in,fashion,USA,New York,1,18800000.0,4.0,2.5,fashion
Avidia,advertising,USA,Mountain View,1,72300000.0,3.0,4.5,advertising
PayDivvy,social,USA,Irvine,1,1310000.0,3.0,1.0,social
Octavian,software,USA,Woburn,0,15000000.0,2.0,2.5,software
KickApps,enterprise,USA,New York,1,39007789.0,22.0,3.0,enterprise
Airwide Solutions,software,USA,Burlington,1,25000000.0,3.0,5.0,software
Localocracy,web,USA,Boston,1,172500.0,4.0,1.0,web
Pixable,social,USA,New York City,1,6100000.0,23.0,1.0,social
mFoundry,mobile,USA,Larkspur,1,40300000.0,7.0,4.0,mobile
Bevvy,ecommerce,USA,Los Angeles,0,100000.0,9.0,1.0,ecommerce
Livemocha,education,USA,Seattle,1,19389998.0,14.0,1.5,education
IronPort Systems,hardware,USA,San Bruno,1,61500000.0,21.0,4.0,hardware
Crowdcast,software,USA,San Francisco,1,6000000.0,6.0,2.0,software
Where,mobile,USA,Boston,1,19100000.0,23.0,2.5,mobile
Pictela,advertising,USA,New York,1,3499997.0,8.0,1.5,advertising
Grouply,network_hosting,USA,Redwood City,1,2600000.0,13.0,3.6667,network_hosting
Storify,web,USA,San Francisco,1,2023000.0,14.0,1.3333,web
Axiom Microdevices,semiconductor,USA,Irvine,1,25000000.0,3.0,4.0,semiconductor
ShoeDazzle,fashion,USA,Santa Monica,1,66000000.0,17.0,2.3333,fashion
LiftDNA,advertising,USA,New York,1,1000000.0,5.0,3.5,advertising
Onavo,mobile,USA,Palo Alto,1,13000000.0,11.0,3.0,mobile
Pyxis Mobile,software,USA,Waltham,0,24150000.0,3.0,2.3333,software
Link_A_Media Devices,semiconductor,USA,Santa Clara,0,47218498.0,4.0,3.3333,semiconductor
Guardium,search,USA,Waltham,1,11800000.0,1.0,4.5,search
Trooval,analytics,USA,Henderson,0,2387481.0,2.0,1.0,analytics
Compete,consulting,USA,Boston,1,33000000.0,35.0,2.5,consulting
Rollstream,software,USA,McLean,1,7500000.0,4.0,1.5,software
NeoGuide Systems,biotech,USA,San Jose,1,25000000.0,3.0,1.0,biotech
Accept Software,software,USA,Santa Clara,1,25305000.0,7.0,2.0,software
Milo,web,USA,Palo Alto,1,4950000.0,21.0,12.5,web
Mimosa Systems,software,USA,Santa Clara,1,53816776.0,8.0,5.0,software
Surphace,web,USA,New York,1,3500000.0,15.0,5.5,web
Cloudmeter,enterprise,USA,Mountain View,1,5000000.0,7.0,1.0,enterprise
Zecter,network_hosting,USA,Burlingame,1,2515000.0,9.0,1.6667,network_hosting
Dimdim,web,USA,Lowell,1,8400000.0,10.0,2.0,web
TeleFlip,mobile,USA,Santa Monica,0,4900000.0,5.0,1.0,mobile
MessageGate,software,USA,Bellevue,0,5000000.0,3.0,5.0,software
Cloverleaf Communications,public_relations,USA,Woodbury,1,11000000.0,2.0,3.0,public_relations
SkyPilot Networks,mobile,USA,Santa Clara,1,68400000.0,6.0,4.0,mobile
Zencoder,software,USA,San Francisco,1,2000000.0,7.0,8.5,software
Storm Exchange,enterprise,USA,New York,0,10800000.0,2.0,2.0,enterprise
The Huffington Post,news,USA,New York,1,37000000.0,31.0,2.5,news
Exaprotect,security,USA,Mountain View,1,7660000.0,5.0,6.0,security
Akorri Networks,software,USA,Littleton,1,48730000.0,5.0,3.0,software
Giiv,messaging,USA,Los Angeles,0,3350000.0,1.0,2.5,messaging
MyShape,ecommerce,USA,Glendale,0,28000000.0,3.0,3.0,ecommerce
BlackLocus,analytics,USA,Austin,1,2500000.0,5.0,2.0,analytics
FeedBurner,web,USA,Chicago,1,8000000.0,16.0,4.0,web
DailyBurn,web,USA,New York,1,540000.0,6.0,2.5,web
CastTV,games_video,USA,San Francisco,1,3100000.0,4.0,2.0,games_video
Venmo,mobile,USA,New York,1,1200000.0,8.0,6.0,mobile
WeShow,games_video,USA,New York,0,5000000.0,2.0,2.0,games_video
SenSage,security,USA,San Francisco,1,37079000.0,6.0,3.8,security
Luminus Devices,other,USA,Billerica,1,135826373.0,3.0,4.3333,other
Tapioca Mobile,mobile,USA,San Diego,0,5000000.0,5.0,1.0,mobile
BestVendor,software,USA,New York,1,4200000.0,3.0,3.0,software
Local Marketers,web,USA,Seattle,0,4100000.0,3.0,1.0,web
Eyeona,web,USA,Los Gatos,0,2000000.0,3.0,1.0,web
ColdSpark,software,USA,Broomfield,1,6500000.0,3.0,1.0,software
Etology,web,USA,Foster City,0,4000000.0,0.0,3.0,web
Wander (f. YongoPal),mobile,USA,Mountain View,0,185000.0,3.0,2.0,mobile
CrowdCompass,mobile,USA,Portland,1,1300000.0,5.0,1.0,mobile
Right Media,advertising,USA,New York,1,45000000.0,21.0,1.0,advertising
Goby,search,USA,Boston,1,2500000.0,4.0,2.0,search
FiveRuns,web,USA,Austin,1,9200000.0,11.0,1.0,web
GeekStatus,web,USA,Beverly Hills,0,435953.0,0.0,1.0,web
MOLI,network_hosting,USA,Hartford,0,55600000.0,9.0,2.0,network_hosting
TrenStar,software,USA,Greenwood Village,1,10000000.0,2.0,1.0,software
World Blender,games_video,USA,Seattle,0,12000.0,3.0,1.0,games_video
Zymetis,biotech,USA,College Park,0,2257464.0,3.0,1.0,biotech
Dispatch,messaging,USA,New York,1,983000.0,4.0,6.0,messaging
HauteLook,fashion,USA,Los Angeles,1,41000000.0,15.0,1.5,fashion
Semantra,software,USA,Addison,0,9100000.0,0.0,1.0,software
Inertia Beverage Group,software,USA,Napa,0,25500100.0,6.0,2.5,software
Sponge,web,USA,San Francisco,1,400000.0,3.0,1.0,web
Genesis Networks,network_hosting,USA,New York,1,22165091.0,4.0,2.0,network_hosting
Mogad,network_hosting,USA,San Francisco,1,500000.0,4.0,4.0,network_hosting
Meebo,web,USA,Mountain View,1,70000000.0,29.0,2.8,web
Accertify,security,USA,Itasca,1,4700000.0,6.0,1.0,security
N2N Commerce,ecommerce,USA,Cambridge,1,30000000.0,1.0,2.0,ecommerce
StreamBase Systems,software,USA,Lexington,1,39000000.0,13.0,3.25,software
Provigent,semiconductor,USA,Santa Clara,1,32000000.0,10.0,3.0,semiconductor
Navic Networks,advertising,USA,Waltham,1,42000000.0,7.0,2.6667,advertising
Integrien,enterprise,USA,Irvine,1,24510540.0,5.0,2.6667,enterprise
Generic Media,software,USA,Palo Alto,0,2500000.0,0.0,2.0,software
Persystent Technologies,software,USA,Tampa,1,21460663.0,1.0,4.5,software
WireImage,games_video,USA,New York,1,15000000.0,6.0,4.0,games_video
Hello Chair,mobile,USA,San Francisco,0,889999.0,5.0,3.5,mobile
Encentuate,software,USA,Foster City,1,16000000.0,6.0,3.0,software
Consorte Media,web,USA,San Francisco,1,7000000.0,5.0,2.0,web
Triples Media,advertising,USA,New York,0,100000.0,3.0,1.0,advertising
RightsFlow,music,USA,New York,1,1500000.0,13.0,1.0,music
thePlatform,web,USA,Seattle,1,8000000.0,19.0,1.0,web
Docstoc,web,USA,Santa Monica,1,4000000.0,22.0,3.0,web
TwtBks,web,USA,San Francisco,0,25000.0,3.0,1.0,web
Zenprise,mobile,USA,Redwood City,1,64630000.0,10.0,3.6667,mobile
Picateers,web,USA,San Mateo,0,12100000.0,10.0,1.0,web
Vontu,software,USA,San Francisco,1,20000000.0,9.0,4.5,software
NextIO,hardware,USA,Austin,0,49600000.0,10.0,2.6667,hardware
Emergent Game Technologies,games_video,USA,Calabasas,1,51450000.0,3.0,5.6667,games_video
threadsy,messaging,USA,San Francisco,1,6300000.0,7.0,2.0,messaging
Sonar.me,mobile,USA,New York,0,200000.0,8.0,2.0,mobile
StyleZen,fashion,USA,Cincinnati,0,20000.0,2.0,1.0,fashion
Kiva Systems,hardware,USA,North Reading,1,11600000.0,13.0,2.0,hardware
Krillion,web,USA,Mountain View,1,9150000.0,6.0,2.0,web
Transactiv,advertising,USA,Cincinnati,0,1200000.0,2.0,4.0,advertising
nprogress,social,USA,Los Angeles,0,1700000.0,4.0,7.0,social
Brightkite,social,USA,Burlingame,1,1415000.0,9.0,1.0,social
Peanut Labs,enterprise,USA,San Francisco,1,4200000.0,16.0,1.5,enterprise
FlipKey,web,USA,Boston,1,500000.0,7.0,2.0,web
AppTrigger,public_relations,USA,Richardson,1,21500000.0,1.0,4.0,public_relations
Footnote,web,USA,Lindon,1,10000000.0,4.0,2.0,web
NextMedium,software,USA,Los Angeles,0,9500000.0,7.0,2.5,software
iosil Energy,cleantech,USA,Albuquerque,0,13875001.0,4.0,10.0,cleantech
Kurani Interactive,software,USA,Red Bank,0,275000.0,5.0,2.0,software
Kapow Software,software,USA,Palo Alto,1,19743770.0,10.0,2.5,software
Locately,software,USA,Boston,1,1178000.0,5.0,5.0,software
TrustedID,security,USA,Palo Alto,1,25000000.0,5.0,2.0,security
Ciclon Semiconductor Device Corporation,semiconductor,USA,Bethlehem,1,24150000.0,1.0,2.0,semiconductor
Azingo,mobile,USA,Sunnyvale,0,80000000.0,4.0,1.0,mobile
Vudu,hardware,USA,Santa Clara,1,36000000.0,11.0,3.5,hardware
"ITOG, Inc.",network_hosting,USA,Saint Louis,0,205000.0,1.0,1.0,network_hosting
Plaxo,web,USA,Sunnyvale,1,28300000.0,27.0,2.5,web
Sharetivity,web,USA,Palo Alto,0,2000000.0,1.0,1.0,web
YouTube,games_video,USA,San Bruno,1,11500000.0,63.0,1.0,games_video
Hashable,mobile,USA,New York City,0,4000000.0,15.0,3.0,mobile
MyNines,ecommerce,USA,New York,0,500000.0,2.0,1.0,ecommerce
itzbig,search,USA,Austin,0,4000000.0,9.0,2.0,search
Loosecubes,web,USA,Brooklyn,0,9030000.0,8.0,4.0,web
Avid Radiopharmaceuticals,biotech,USA,Philadelphia,1,69900000.0,15.0,4.75,biotech
Contur,messaging,USA,Los Angeles,0,20000.0,2.0,1.0,messaging
ExactTarget,software,USA,Indianapolis,1,238209999.0,29.0,2.0,software
Rhythmia Medical,medical,USA,Burlington,1,14700000.0,3.0,1.0,medical
MyMiniLife,games_video,USA,Palo Alto,1,430000.0,4.0,1.6667,games_video
Adept Cloud,enterprise,USA,San Mateo,1,1015000.0,5.0,1.0,enterprise
Factery,web,USA,Menlo Park,0,1200000.0,2.0,2.0,web
"MeetMe, Inc.",web,USA,New Hope,1,17100000.0,16.0,2.5,web
WildBlue,web,USA,Englewood,1,50000000.0,0.0,4.0,web
HeadCase Humanufacturing,software,USA,Los Angeles,0,900000.0,3.0,1.0,software
bluepulse,network_hosting,USA,San Mateo,0,6000000.0,7.0,1.0,network_hosting
Mr. Youth,advertising,USA,New York,1,15100000.0,5.0,1.0,advertising
Teknovus,semiconductor,USA,Petaluma,1,62600000.0,7.0,9.3333,semiconductor
Qik,mobile,USA,Redwood City,1,14800000.0,15.0,2.25,mobile
EQAL,web,USA,North Hollywood,1,6875000.0,30.0,7.0,web
IonLogix Systems,software,USA,Waco,0,30000.0,1.0,1.0,software
Atrica,public_relations,USA,Santa Clara,0,22200000.0,10.0,9.0,public_relations
Socialthing,network_hosting,USA,Boulder,1,415000.0,6.0,1.0,network_hosting
Next New Networks,web,USA,New York,1,27063781.0,16.0,3.5,web
AdECN,advertising,USA,Carpinteria,1,3100000.0,6.0,5.0,advertising
Cuil,search,USA,Menlo Park,0,33000000.0,13.0,2.5,search
Sensory Networks,web,USA,Mountain View,1,17400000.0,2.0,5.0,web
Flock,web,USA,Menlo Park,1,28300000.0,17.0,2.0,web
AdMob,advertising,USA,Mountain View,1,46800000.0,42.0,2.5,advertising
FeeFighters,ecommerce,USA,Chicago,1,1525000.0,5.0,2.6667,ecommerce
WeHostels,travel,USA,New York City,1,1200000.0,9.0,5.0,travel
TimeBridge,web,USA,Mountain View,1,12400000.0,6.0,1.6667,web
Lazarus Therapeutics,biotech,USA,West Chester,0,100000.0,1.0,1.0,biotech
Loyalty Lab,software,USA,San Francisco,1,11000000.0,4.0,1.6667,software
RentStuff.com,web,USA,Nashville,1,675000.0,3.0,1.5,web
ZManda,software,USA,Sunnyvale,1,13000000.0,5.0,2.5,software
Jumo,social,USA,New York,1,3500000.0,5.0,2.0,social
Sionex,hardware,USA,Bedford,0,12000000.0,2.0,4.0,hardware
sezmi,games_video,USA,Belmont,1,78573646.0,10.0,4.3333,games_video
StudioNow,photo_video,USA,Nashville,1,15286415.0,2.0,1.0,photo_video
PicApp,web,USA,San Francisco,1,3200000.0,5.0,1.0,web
Million Dollar Earth,advertising,USA,Puyallup,0,30000.0,1.0,2.0,advertising
Composite Software,software,USA,San Mateo,1,14650003.0,28.0,1.0,software
Terracotta,software,USA,San Francisco,1,23500000.0,9.0,5.0,software
FireStar Software,software,USA,Boxborough,0,980000.0,2.0,1.0,software
Aquest Systems,hardware,USA,Sunnyvale,0,20000000.0,0.0,3.0,hardware
Faves,web,USA,Seattle,0,1500000.0,4.0,3.0,web
Generate,games_video,USA,Santa Monica,1,8000000.0,0.0,1.5,games_video
Attributor,software,USA,San Mateo,1,25200000.0,13.0,4.0,software
Greenplum Software,software,USA,San Mateo,1,61000000.0,21.0,3.0,software
PlaySpan,games_video,USA,Santa Clara,1,46300000.0,12.0,4.25,games_video
JackBe,software,USA,Chevy Chase,1,24500000.0,15.0,4.3333,software
D2C Games,games_video,USA,San Mateo,0,7500000.0,1.0,1.0,games_video
Zimbra,enterprise,USA,Palo Alto,1,14500000.0,19.0,9.0,enterprise
Smith & Tinker,games_video,USA,Bellevue,0,29000000.0,1.0,5.0,games_video
Mu Dynamics,network_hosting,USA,Sunnyvale,1,24000000.0,5.0,2.6667,network_hosting
Fulcrum Microsystems,semiconductor,USA,Calabasas,1,81017493.0,2.0,5.6667,semiconductor
ReTel Technologies,analytics,USA,San Francisco,1,1000000.0,4.0,4.5,analytics
NexGen Storage,software,USA,Louisville,1,12010000.0,14.0,2.5,software
WAY Systems,mobile,USA,Woburn,1,22000000.0,2.0,4.0,mobile
Roxro Pharma,biotech,USA,Menlo Park,0,42700000.0,1.0,3.0,biotech
Intelliden,software,USA,Menlo Park,1,80000000.0,5.0,4.0,software
Forrst,web,USA,Campbell,1,205000.0,3.0,7.0,web
XGraph,analytics,USA,New York,1,3750000.0,5.0,1.0,analytics
Color Labs Inc.,other,USA,Palo Alto,0,41000000.0,11.0,1.5,other
Playdom,games_video,USA,Palo Alto,1,76000000.0,37.0,4.0,games_video
Digital Reef,enterprise,USA,Boxborough,1,20000000.0,9.0,1.0,enterprise
Servio,analytics,USA,San Francisco,1,9356180.0,11.0,1.5,analytics
Advaliant,advertising,USA,New York,0,100000.0,6.0,1.0,advertising
Vocalocity,software,USA,Atlanta,1,13600000.0,9.0,3.0,software
Dapper,advertising,USA,San Francisco,1,3000000.0,19.0,2.0,advertising
SeeSaw Networks,advertising,USA,San Francisco,0,21138876.0,4.0,2.0,advertising
oneforty,enterprise,USA,Cambridge,1,2345000.0,13.0,5.75,enterprise
Smalltown,web,USA,San Mateo,0,4000000.0,7.0,1.0,web
Skyrider,software,USA,Mountain View,0,17000000.0,2.0,3.0,software
SkillSlate,web,USA,New York,1,1100000.0,8.0,8.0,web
AwesomeTouch,software,USA,Lexington,1,59700.0,3.0,1.0,software
Syncplicity,enterprise,USA,Menlo Park,1,2350000.0,12.0,2.0,enterprise
Fortisphere,software,USA,Chantilly,0,10000000.0,2.0,2.0,software
PlayerDuel,mobile,USA,Palo Alto,0,21189.0,2.0,1.0,mobile
Aveksa,software,USA,Waltham,1,28000000.0,7.0,2.6667,software
PANTA Systems,software,USA,Santa Clara,0,9500000.0,0.0,2.0,software
Beceem Communications,semiconductor,USA,Santa Clara,1,69600000.0,5.0,7.6667,semiconductor
Trust Digital,mobile,USA,McLean,1,23500000.0,11.0,3.6667,mobile
Sabrix,software,USA,Lake Oswego,1,13000000.0,6.0,4.0,software
Panther Express,games_video,USA,New York,1,21750000.0,8.0,2.0,games_video
T-Networks,public_relations,USA,Allentown,0,5750000.0,0.0,4.0,public_relations
BlueNote Networks,software,USA,Tewksbury,1,23400000.0,1.0,2.5,software
Predictify,advertising,USA,Redwood City,0,4300000.0,4.0,2.0,advertising
BreakingPoint Systems,security,USA,Austin,1,20000000.0,1.0,2.0,security
OptiMedica,biotech,USA,Santa Clara,1,51000000.0,16.0,3.5,biotech
Metatomix,enterprise,USA,Dedham,1,27101994.0,2.0,4.6667,enterprise
Neterion,public_relations,USA,Cupertino,1,6480000.0,6.0,3.0,public_relations
Schooner Information Technology,enterprise,USA,Sunnyvale,1,35000000.0,8.0,2.5,enterprise
Swaptree Inc.,web,USA,Boston,0,11300000.0,5.0,1.0,web
Nalace Corporation,ecommerce,USA,Lawrenceville,0,19000.0,1.0,1.0,ecommerce
Quidsi,ecommerce,USA,Jersey City,1,78500000.0,27.0,3.4,ecommerce
spotdock,web,USA,NYC,0,600000.0,4.0,2.0,web
Netcordia,network_hosting,USA,Annapolis,1,13000000.0,3.0,1.5,network_hosting
SearchMe,search,USA,Mountain View,0,43600000.0,7.0,3.0,search
Yammer,enterprise,USA,San Francisco,1,142000000.0,38.0,5.2,enterprise
Clever Sense,web,USA,Mountain View,1,2000000.0,6.0,1.5,web
AlterPoint,software,USA,Austin,1,26800000.0,4.0,3.0,software
Shocking Technologies,hardware,USA,San Jose,0,55900000.0,2.0,3.2,hardware
Ribbit,mobile,USA,Mountain View,1,11000000.0,14.0,2.0,mobile
StorSimple,enterprise,USA,Santa Clara,1,31500000.0,19.0,3.3333,enterprise
NationalField,enterprise,USA,Washington,1,1500000.0,4.0,2.0,enterprise
Tripl,social,USA,New York,0,900000.0,5.0,1.5,social
Sadra Medical,biotech,USA,Campbell,1,58000000.0,4.0,5.0,biotech
expressor software,software,USA,Burlington,1,29050000.0,10.0,2.6667,software
NSFW Corporation,news,USA,Las Vegas,1,250000.0,3.0,1.5,news
Azaire Networks,software,USA,Santa Clara,0,21000000.0,2.0,4.0,software
Quigo,advertising,USA,New York,1,35000000.0,25.0,3.5,advertising
Weatherista,web,USA,San Francisco,0,500000.0,2.0,1.0,web
Navini Networks,public_relations,USA,Richardson,1,30920000.0,3.0,3.5,public_relations
VirtualLogix,software,USA,Sunnyvale,1,29288979.0,9.0,2.6667,software
Exit41,software,USA,Andover,0,24200000.0,11.0,2.3333,software
SezWho,web,USA,Los Altos,1,1000000.0,4.0,1.0,web
Jobs2Web,web,USA,Minnetonka,1,5550000.0,3.0,1.0,web
HighlightCam,mobile,USA,Mountain View,0,3000000.0,8.0,3.5,mobile
MerchantCircle,web,USA,Mountain View,1,14300000.0,13.0,4.5,web
Helicomm,network_hosting,USA,San Diego,0,1000000.0,0.0,2.0,network_hosting
Kace networks,software,USA,Mountain View,1,11000000.0,7.0,1.5,software
Thwapr,photo_video,USA,New York,0,2000000.0,7.0,3.0,photo_video
Zinch,web,USA,San Francisco,1,5000000.0,17.0,1.0,web
Cloud.com,enterprise,USA,Cupertino,1,11000000.0,12.0,3.0,enterprise
"Wildfire, a division of Google",enterprise,USA,Redwood City,1,14100000.0,19.0,2.25,enterprise
Authenticlick,search,USA,Los Angeles,0,5000000.0,8.0,1.0,search
Idooble,web,USA,Vancouver,0,400000.0,1.0,1.0,web
BioSeek,biotech,USA,South San Francisco,1,10000000.0,4.0,1.0,biotech
xkoto,software,USA,Waltham,0,11035000.0,3.0,1.6667,software
Coradiant,public_relations,USA,Lexington,1,12700000.0,9.0,4.0,public_relations
QuantaLife,biotech,USA,Pleasanton,1,20757182.0,3.0,1.0,biotech
BroadLight,software,USA,Santa Clara,1,27000000.0,5.0,6.0,software
BBE,advertising,USA,New York,1,10000000.0,7.0,1.0,advertising
TelASIC Communications,public_relations,USA,El Segundo,0,26000000.0,4.0,4.0,public_relations
LegiTime Technologies,messaging,USA,Farmington,0,4000000.0,2.0,2.0,messaging
Mobius Microsystems,hardware,USA,Sunnyvale,1,20220000.0,3.0,3.0,hardware
Boonty,games_video,USA,New York,1,10000000.0,7.0,4.0,games_video
B-Side Entertainment,games_video,USA,New York,0,7350000.0,8.0,4.5,games_video
Taggstr,messaging,USA,San Jose,0,50000.0,1.0,1.0,messaging
Fashism,fashion,USA,New York,0,1000000.0,5.0,7.0,fashion
Goodmail Systems,security,USA,Mountain View,0,45000000.0,16.0,2.0,security
Nirvanix,enterprise,USA,San Diego,0,70000000.0,22.0,4.2,enterprise
LookStat,ecommerce,USA,Seattle,0,500000.0,3.0,1.0,ecommerce
Sweepery,software,USA,San Francisco,0,500000.0,6.0,1.0,software
Luminary Micro,semiconductor,USA,Austin,1,44000000.0,2.0,4.0,semiconductor
ZettaCore,semiconductor,USA,Englewood,0,21000000.0,4.0,5.0,semiconductor
Clicker,games_video,USA,Los Angeles,1,19000000.0,12.0,3.5,games_video
iKoa,semiconductor,USA,Menlo Park,0,18700000.0,0.0,2.0,semiconductor
SocialShield,software,USA,San Bruno,1,10000000.0,6.0,7.0,software
LeisureLogix,software,USA,Tampa,0,5900000.0,5.0,1.0,software
Storwize,other,USA,Marlborough,1,28000000.0,13.0,2.0,other
AutoVirt,software,USA,Nashua,0,24300000.0,5.0,2.0,software
Loopt,mobile,USA,Mountain View,1,32006000.0,21.0,1.6667,mobile
Blue Lane Technologies,public_relations,USA,Cupertino,1,13400000.0,4.0,2.0,public_relations
Socialcast,enterprise,USA,San Francisco,1,9400000.0,18.0,1.5,enterprise
Collective Intellect,enterprise,USA,Boulder,1,15324624.0,10.0,2.5,enterprise
Wavii,web,USA,Seattle,1,2000000.0,3.0,11.0,web
Seesmic,web,USA,San Francisco,1,16000000.0,24.0,5.6667,web
Apnex Medical,medical,USA,Saint Paul,0,44000000.0,3.0,2.3333,medical
MobileReactor,software,USA,Philadelphia,0,1175000.0,2.0,1.0,software
Echopass Corporation,network_hosting,USA,Pleasanton,1,9000000.0,22.0,4.0,network_hosting
ID Analytics,web,USA,San Diego,1,35150000.0,9.0,3.0,web
Vela Systems,software,USA,Burlington,1,12000000.0,4.0,2.6667,software
FlowCardia,biotech,USA,Sunnnyvale,1,30000000.0,4.0,9.0,biotech
Bizanga,security,USA,San Mateo,1,8000000.0,5.0,2.0,security
Transpond,advertising,USA,San Francisco,1,4100000.0,6.0,2.0,advertising
Caterva,social,USA,Champaign,0,2408500.0,1.0,3.0,social
Innovative Silicon,other,USA,Santa Clara,0,72000000.0,3.0,2.25,other
Kardia Health Systems,enterprise,USA,Golden Valley,0,18400000.0,2.0,1.0,enterprise
Biolex Therapeutics,biotech,USA,Pittsboro,0,162264126.0,4.0,6.75,biotech
Foldrx Pharmaceuticals,biotech,USA,Cambridge,1,29000000.0,7.0,7.0,biotech
Klir Technologies,network_hosting,USA,Seattle,0,8700000.0,0.0,2.0,network_hosting
MetaCarta,mobile,USA,Cambridge,1,10000000.0,12.0,7.0,mobile
Viridity Software,software,USA,Burlington,1,15000000.0,5.0,2.0,software
Devtap,search,USA,Menlo Park,0,2600000.0,2.0,1.0,search
Bebo,web,USA,San Francisco,1,15000000.0,30.0,1.0,web
SideTour,web,USA,New York,1,4000000.0,7.0,2.0,web
SARcode Bioscience,biotech,USA,Brisbane,1,73000000.0,9.0,3.0,biotech
Lore,education,USA,New York,1,12123837.0,5.0,4.6667,education
Pelago,mobile,USA,Seattle,1,22400000.0,18.0,3.3333,mobile
Desk,enterprise,USA,San Francisco,1,5700000.0,12.0,4.0,enterprise
Trinity Biosystems,biotech,USA,Menlo Park,0,28500000.0,2.0,4.5,biotech
Virtual Computer,software,USA,Westford,1,21000000.0,9.0,2.5,software
Oasys Mobile,software,USA,Raleigh,0,8000000.0,1.0,2.0,software
Gamook,games_video,USA,Menlo Park,0,1500000.0,1.0,1.0,games_video
Quattro Wireless,advertising,USA,Waltham,1,28300000.0,17.0,1.6667,advertising
ShopWell,web,USA,Palo Alto,1,7939553.0,4.0,2.0,web
NewsBasis,public_relations,USA,San Francisco,0,545000.0,3.0,2.0,public_relations
Nexx Systems,semiconductor,USA,Billerica,1,15247925.0,10.0,1.5,semiconductor
5min Media,games_video,USA,NY,1,12800000.0,11.0,1.5,games_video
MyCabbage,mobile,USA,Chicago,0,950000.0,1.0,3.0,mobile
Gotuit,web,USA,Woburn,1,16000000.0,6.0,1.0,web
TeleCIS Wireless,semiconductor,USA,Campbell,1,10000000.0,2.0,1.0,semiconductor
Snapette,fashion,USA,New York,1,1500000.0,5.0,1.0,fashion
EmSense,hardware,USA,San Francisco,0,13000000.0,6.0,2.0,hardware
MakerBot,hardware,USA,Brooklyn,1,10000000.0,6.0,6.0,hardware
Image Space Media,advertising,USA,New York,1,3915000.0,9.0,3.0,advertising
Wanderfly,travel,USA,Brooklyn,1,1400000.0,7.0,6.0,travel
walkby,ecommerce,USA,Chicago,0,650000.0,6.0,1.0,ecommerce
FameCast,games_video,USA,Austin,0,9700000.0,5.0,1.0,games_video
Cassatt,software,USA,San Jose,1,15000000.0,6.0,3.0,software
VirtuOz,enterprise,USA,Emeryville,1,38764000.0,18.0,2.0,enterprise
SolFocus,cleantech,USA,San Jose,0,211403000.0,6.0,2.7143,cleantech
Nimbula,enterprise,USA,Mountain View,1,20750000.0,8.0,2.0,enterprise
Giftiki,social,USA,San Francisco,1,1020000.0,4.0,2.5,social
Storspeed,software,USA,Austin,0,13000000.0,6.0,4.0,software
SpaBooker,software,USA,New York,1,14700000.0,8.0,4.0,software
Jajah,mobile,USA,Mountain View,1,33000000.0,19.0,1.3333,mobile
Baxano,medical,USA,San Jose,1,30000000.0,5.0,6.0,medical
RipCode,software,USA,Richardson,0,33000000.0,10.0,4.0,software
VeteranCentral.com,social,USA,Washington,0,150000.0,1.0,1.0,social
RippleFunction,advertising,USA,Waltham,0,20000.0,3.0,1.0,advertising
CV Ingenuity,medical,USA,Fremont,0,30926154.0,2.0,3.0,medical
AdexLink,advertising,USA,Campbell,0,2000000.0,0.0,1.0,advertising
Certeon,software,USA,Burlington,0,19000000.0,2.0,3.5,software
Applied Identity,advertising,USA,San Francisco,0,33000000.0,2.0,4.0,advertising
Prenova,cleantech,USA,Atlanta,1,15650000.0,1.0,1.3333,cleantech
WooMe,web,USA,San Francisco,1,17400000.0,8.0,2.3333,web
HelpMeRent.com,real_estate,USA,Hollywood,0,154000.0,5.0,1.0,real_estate
Mail.com Media Corporation,web,USA,Los Angeles,0,35000000.0,4.0,3.0,web
DubMeNow,mobile,USA,Viena,0,7516703.0,5.0,1.0,mobile
Smooth-Stone,cleantech,USA,Austin,0,48000000.0,1.0,5.0,cleantech
ONStor,network_hosting,USA,Campbell,1,65800000.0,6.0,4.6667,network_hosting
Relationship Analytics,analytics,USA,Hillsborough,0,125000.0,2.0,1.0,analytics
Summize,search,USA,Potomac Falls,1,750000.0,5.0,2.0,search
JouleX,enterprise,USA,Atlanta,1,17000000.0,10.0,5.0,enterprise
Etelos,enterprise,USA,San Mateo,0,4087500.0,4.0,1.0,enterprise
Make It Work,hardware,USA,Santa Barbara,0,1000000.0,3.0,2.0,hardware
MapMyFitness,health,USA,Austin,1,23500000.0,13.0,1.75,health
What They Like,web,USA,San Francisco,0,990000.0,2.0,2.0,web
FetchBack,advertising,USA,Tempe,1,1000000.0,13.0,3.0,advertising
Sermo,health,USA,Cambridge,1,41000000.0,15.0,1.75,health
Wi-Chi,semiconductor,USA,Tualatin,0,7000000.0,3.0,1.0,semiconductor
Alnara Pharmaceuticals,biotech,USA,Cambridge,1,55000000.0,4.0,2.0,biotech
Braintree,software,USA,Chicago,1,69000000.0,10.0,3.5,software
Virident Systems,enterprise,USA,Milpitas,1,129677153.0,25.0,3.0,enterprise
Pearl Therapeutics,biotech,USA,Redwood City,1,232000100.0,4.0,3.6667,biotech
Lexity,enterprise,USA,Mountain View,1,5700000.0,5.0,4.0,enterprise
Diligent Technologies,security,USA,Framingham,1,10500000.0,3.0,4.0,security
eBillme,ecommerce,USA,Rye Brook,0,23000000.0,2.0,3.0,ecommerce
Smilebox,photo_video,USA,Redmond,1,14000000.0,13.0,3.0,photo_video
B-hive Networks,software,USA,San Mateo,1,7500000.0,4.0,2.0,software
Hot Potato,social,USA,Brooklyn,1,1420000.0,12.0,16.0,social
Kashless,ecommerce,USA,Seattle,0,9000000.0,1.0,1.0,ecommerce
Three Screen Games,games_video,USA,Yardley,0,500000.0,3.0,1.0,games_video
LaunchGram,news,USA,Mountain View,1,70000.0,4.0,1.0,news
BrightQube,ecommerce,USA,Carlsbad,0,850000.0,3.0,1.0,ecommerce
ServiceMesh,enterprise,USA,Santa Monica,1,15000000.0,9.0,1.0,enterprise
Lookery,web,USA,San Francisco,1,3150000.0,12.0,11.5,web
Wantful,ecommerce,USA,San Francisco,0,5500000.0,6.0,8.0,ecommerce
Zep Solar,cleantech,USA,San Rafael,1,10571182.0,8.0,1.0,cleantech
Help Me Rent Magazine,real_estate,USA,Hollywood,0,500000.0,13.0,1.0,real_estate
MOG,music,USA,Berkeley,1,24900000.0,12.0,3.0,music
Loud3r,web,USA,Pasadena,0,3529175.0,12.0,1.0,web
Oyster.com,travel,USA,New York,1,23400000.0,15.0,2.25,travel
LogLogic,security,USA,San Jose,1,8800000.0,15.0,5.0,security
StyleTrek,fashion,USA,New York,0,1500000.0,2.0,6.0,fashion
Sequoia Communications,semiconductor,USA,San Diego,0,74000000.0,3.0,2.0,semiconductor
SnapNames,network_hosting,USA,Portland,1,8800000.0,3.0,1.0,network_hosting
Simple Star,web,USA,San Francisco,1,7100000.0,3.0,1.5,web
StyleFeeder,ecommerce,USA,Cambridge,1,3500000.0,8.0,1.6667,ecommerce
FlashSoft,software,USA,Sunnyvale,1,3000000.0,6.0,2.0,software
TrustDegrees,web,USA,Kenmore,0,11000.0,5.0,1.0,web
Symwave,semiconductor,USA,Laguna Niguel,1,26200000.0,4.0,2.5,semiconductor
Clearwell Systems,software,USA,Mountain View,1,29000000.0,6.0,2.5,software
Impeva,software,USA,Mountain View,0,10000000.0,2.0,2.0,software
Nettle,web,USA,La Jolla,0,500000.0,3.0,3.0,web
CubeTree,enterprise,USA,Redwood City,1,11500000.0,3.0,1.5,enterprise
Infochimps,enterprise,USA,Austin,1,5350000.0,8.0,3.0,enterprise
Songbird,mobile,USA,San Francisco,0,11015719.0,27.0,2.0,mobile
SimpleGeo,advertising,USA,San Francisco,1,9807367.0,30.0,8.6667,advertising
1000memories,web,USA,San Francisco,1,2535000.0,8.0,5.0,web
SensorLogic,enterprise,USA,Addison,1,19000000.0,4.0,5.3333,enterprise
TouristEye,travel,USA,Mountain View,1,475000.0,4.0,4.0,travel
Oberon Media,games_video,USA,New York,1,36000000.0,16.0,1.0,games_video
Arroyo Video Solutions,games_video,USA,Pleasanton,1,12000000.0,4.0,5.0,games_video
Aragon Pharmaceuticals,biotech,USA,San Diego,1,122000000.0,15.0,2.5,biotech
#waywire,news,USA,New York,1,1750000.0,8.0,5.0,news
Feedtrace,web,USA,New York,1,130000.0,3.0,1.0,web
Five Star Technologies,other,USA,Cleveland,0,13222860.0,4.0,3.0,other
Vontoo,public_relations,USA,Indianapolis,0,2192000.0,10.0,3.0,public_relations
Allurent,web,USA,Cambridge,1,2000000.0,4.0,1.0,web
Quantivo,analytics,USA,Emeryville,1,9400000.0,11.0,2.0,analytics
Crossing Automation,semiconductor,USA,Mountain View,1,13045000.0,2.0,2.0,semiconductor
Scrapblog,web,USA,San Francisco,1,10000000.0,8.0,1.25,web
Yield Software,advertising,USA,San Mateo,1,6000000.0,7.0,2.0,advertising
FlyCast,mobile,USA,Lancaster,0,2100000.0,3.0,2.0,mobile
Off & Away,travel,USA,Seattle,1,3250000.0,3.0,1.0,travel
CypherMax,hardware,USA,San Jose,0,148000000.0,1.0,3.5,hardware
Nexsan,hardware,USA,Thousand Oaks,1,24500000.0,10.0,2.0,hardware
Tipping Bucket,enterprise,USA,Provo,0,72000.0,4.0,1.0,enterprise
Qlusters,other,USA,Palo Alto,0,10360000.0,3.0,5.0,other
Producteev,software,USA,New York,1,1310000.0,12.0,6.0,software
SpinTheCam,games_video,USA,New York,0,150000.0,1.0,1.0,games_video
Amalfi Semiconductor,semiconductor,USA,Los Gatos,1,64000000.0,5.0,3.3333,semiconductor
Dormzy,ecommerce,USA,Columbus,0,250000.0,2.0,1.0,ecommerce
iChange,health,USA,Pasadena,1,1830000.0,6.0,2.0,health
AppFog,enterprise,USA,Portland,1,9800000.0,10.0,4.5,enterprise
HotPads,web,USA,San Francisco,1,2300000.0,15.0,1.0,web
Sampa,web,USA,Redmond,0,1310000.0,3.0,1.0,web
DanceJam,games_video,USA,San Francisco,0,4500000.0,4.0,5.5,games_video
Right90,software,USA,Foster City,1,22000000.0,5.0,2.6667,software
SocialMedia.com,advertising,USA,San Francisco,1,10000000.0,23.0,2.6667,advertising
BuyWithMe,ecommerce,USA,New York,1,36500000.0,21.0,1.5,ecommerce
Photobucket,web,USA,Denver,1,33672656.0,35.0,2.0,web
XtremIO,enterprise,USA,Cupertino,1,19000000.0,4.0,2.0,enterprise
Level 5 Networks,semiconductor,USA,Sunnyvale,1,30000000.0,3.0,4.0,semiconductor
Votizen,web,USA,Mountain View,1,2250000.0,6.0,8.5,web
Siimpel Corporation,hardware,USA,Arcadia,1,53818873.0,7.0,4.25,hardware
TalkPlus,web,USA,San Mateo,0,5500000.0,6.0,1.0,web
Napera Networks,network_hosting,USA,Bellevue,1,6000000.0,3.0,1.0,network_hosting
NebuAd,advertising,USA,Redwood City,0,30150000.0,2.0,1.5,advertising
Tercica,biotech,USA,Brisbane,1,83000000.0,11.0,1.0,biotech
Robotgalaxy,games_video,USA,New York,0,12000000.0,1.0,1.0,games_video
PasswordBank,software,USA,Sunnyvale,1,3500000.0,6.0,1.0,software
SnapTell,software,USA,Palo Alto,1,4000000.0,5.0,4.0,software
Gigi Hill,manufacturing,USA,Yorba Linda,0,4000000.0,9.0,1.0,manufacturing
CloudShield Technologies,software,USA,Sunnyvale,1,25000000.0,11.0,4.5,software
Instinctiv,mobile,USA,New York,1,1420698.0,5.0,2.0,mobile
Anchor Bay Technologies,semiconductor,USA,Campbell,1,10000000.0,5.0,3.0,semiconductor
Waze,transportation,USA,Palo Alto,1,67000000.0,18.0,2.6667,transportation
Aster Data Systems,analytics,USA,San Carlos,1,53000000.0,13.0,4.5,analytics
Diversion,games_video,USA,Los Angeles,0,300000.0,5.0,2.0,games_video
Codesion,software,USA,Palo Alto,1,1400000.0,4.0,1.0,software
Xoopit,web,USA,San Francisco,1,6500000.0,4.0,7.0,web
One Block Off the Grid (1BOG),cleantech,USA,San Francisco,1,5000000.0,8.0,1.0,cleantech
Appature,enterprise,USA,Seattle,1,9600000.0,6.0,3.0,enterprise
Action Engine,mobile,USA,Bellevue,1,58200000.0,9.0,1.4,mobile
Blackwave,network_hosting,USA,Acton,1,28000000.0,14.0,2.6667,network_hosting
SoftLayer,network_hosting,USA,Dallas,1,30000000.0,10.0,1.0,network_hosting
Mytopia,games_video,USA,Palo Alto,1,3500000.0,10.0,2.0,games_video
JackPot Rewards,web,USA,Newton,0,16700000.0,7.0,4.0,web
Andigilog,semiconductor,USA,Tempe,0,18000000.0,0.0,7.0,semiconductor
BARRX Medical,medical,USA,Sunnyvale,1,15000000.0,6.0,6.0,medical
Power Analog Microelectronics,hardware,USA,Santa Clara,0,12000000.0,2.0,4.0,hardware
Classiphix,ecommerce,USA,Toledo,0,15000.0,1.0,1.0,ecommerce
StartupDigest,news,USA,Seattle,1,200000.0,11.0,1.0,news
WiLinx,semiconductor,USA,Carlsbad,0,15000000.0,0.0,1.0,semiconductor
Cohuman,enterprise,USA,San Francisco,1,1400000.0,4.0,3.0,enterprise
Correlix,enterprise,USA,New York,0,11400000.0,5.0,3.0,enterprise
OtherInbox,messaging,USA,Austin,1,3800000.0,4.0,4.75,messaging
M-Factor,software,USA,San Mateo,1,10100000.0,3.0,3.0,software
Athena Design Systems,software,USA,Santa Clara,0,4000000.0,0.0,6.0,software
Servo Software,software,USA,San Mateo,1,3011408.0,11.0,1.0,software
Levanta,software,USA,San Mateo,0,8000000.0,2.0,3.0,software
EdgeSpring,analytics,USA,San Mateo,1,12700000.0,15.0,1.5,analytics
DotSpots,public_relations,USA,Torrance,0,300000.0,5.0,2.0,public_relations
about.me,web,USA,San Francisco,1,5675000.0,21.0,4.0,web
Republic Project,advertising,USA,Santa Monica,1,1000000.0,13.0,5.0,advertising
Hit Systems,enterprise,USA,Altamonte Springs,0,125000.0,2.0,1.0,enterprise
Yamisee,web,USA,Westport,0,700000.0,2.0,2.5,web
Thinkfuse,enterprise,USA,Seattle,1,532000.0,6.0,5.0,enterprise
EchoSign,web,USA,Palo Alto,1,8500000.0,8.0,1.0,web
PI Corporation,network_hosting,USA,Seattle,1,9400000.0,2.0,1.0,network_hosting
"MoveableCode, Inc.",mobile,USA,Providence,0,350000.0,3.0,1.0,mobile
Daylife,enterprise,USA,New York,1,12300000.0,16.0,1.5,enterprise
Desktone,network_hosting,USA,Chelmsford,1,25413298.0,6.0,3.0,network_hosting
Pulse,news,USA,San Francisco,1,9800000.0,23.0,4.5,news
Opzi,games_video,USA,San Francisco,0,1015000.0,5.0,5.0,games_video
Standing Cloud,enterprise,USA,Boulder,1,10000003.0,4.0,1.5,enterprise
Where I've Been,travel,USA,Chicago,1,1750000.0,3.0,1.0,travel
HipChat,messaging,USA,San Francisco,1,100000.0,4.0,3.0,messaging
ScaleIO,software,USA,Palo Alto,1,12000000.0,1.0,2.0,software
GroupMe,messaging,USA,New York,1,11450000.0,16.0,8.5,messaging
WeAre.Us,advertising,USA,San Francisco,0,50000.0,7.0,3.0,advertising
Kickfire,software,USA,Santa Clara,0,20000000.0,4.0,4.0,software
"LifeSize, a Division of Logitech",public_relations,USA,Austin,1,42500000.0,16.0,5.5,public_relations
CHiL Semiconductor,semiconductor,USA,"El Segundo,",1,22487000.0,7.0,2.3333,semiconductor
Aptana,software,USA,San Mateo,1,7800000.0,3.0,2.0,software
Enpirion,semiconductor,USA,Hampton,1,59000000.0,8.0,6.0,semiconductor
RFinity,mobile,USA,Idaho Falls,0,4000000.0,5.0,1.0,mobile
ecoATM,cleantech,USA,San Diego,1,71400000.0,6.0,2.6667,cleantech
Adura Technologies,cleantech,USA,San Francisco,1,25500000.0,5.0,2.6667,cleantech
Rhythm NewMedia,advertising,USA,Mountain View,1,28932322.0,28.0,2.6667,advertising
Topsy Labs,analytics,USA,San Francisco,1,35200000.0,18.0,2.3333,analytics
Digit Wireless,public_relations,USA,Burlington,0,10000000.0,2.0,2.5,public_relations
Silver Tail Systems,analytics,USA,Menlo Park,1,22100000.0,11.0,2.6667,analytics
Tatara Systems,mobile,USA,Acton,1,33000000.0,4.0,2.0,mobile
Reliant Technologies,biotech,USA,Mountain View,1,15000000.0,9.0,3.0,biotech
Atrua Technologies,mobile,USA,Campbell,1,13000000.0,6.0,3.0,mobile
Casabi,mobile,USA,Campbell,1,12800000.0,5.0,2.5,mobile
Peek & Co,mobile,USA,New York,0,626096.0,6.0,1.0,mobile
Bluefin Labs,analytics,USA,Cambridge,1,20350000.0,12.0,3.75,analytics
C2 Microsystems,hardware,USA,San Jose,0,10000000.0,1.0,3.0,hardware
GoPollGo,web,USA,Palo Alto,1,425000.0,5.0,2.0,web
Multigig,semiconductor,USA,Scotts Valley,1,37891054.0,5.0,3.0,semiconductor
Ortiva Wireless,mobile,USA,La Jolla,1,40000000.0,9.0,4.0,mobile
Sometrics,games_video,USA,El Segundo,1,5550000.0,10.0,3.0,games_video
Kima Labs,mobile,USA,San Francisco,1,770000.0,3.0,6.0,mobile
Chronicity,consulting,USA,Addison,0,19550000.0,0.0,1.0,consulting
Whiskey Media,web,USA,San Francisco,1,4000000.0,6.0,1.0,web
Jobfox,web,USA,McLean,1,42000000.0,14.0,2.3333,web
Natural Cleaners Colorado,other,USA,Avon,0,1900000.0,0.0,1.0,other
Gaikai,games_video,USA,Aliso Viejo,1,45039999.0,21.0,3.6667,games_video
Blue Buzz Network,news,USA,San Francisco,0,1310000.0,1.0,4.0,news
Max-Viz,hardware,USA,Portland,1,3000000.0,3.0,3.0,hardware
Cotendo,software,USA,Sunnyvale,1,36000000.0,9.0,3.0,software
Particle Code,software,USA,Palo Alto,1,3000000.0,3.0,1.0,software
Flowgram,web,USA,San Francisco,0,1300000.0,1.0,8.0,web
JavaJobs,software,USA,Little Rock,0,50000.0,1.0,1.0,software
Behance,web,USA,New York,1,6500000.0,15.0,8.0,web
Locu,advertising,USA,Cambridge,1,4600000.0,5.0,9.0,advertising
dynaTrace software,software,USA,Waltham,1,21900000.0,5.0,1.6667,software
Socialbomb,games_video,USA,New York,1,240000.0,6.0,2.0,games_video
Imagine Communications,software,USA,San Diego,1,34700000.0,17.0,2.25,software
Univa UD,software,USA,Lisle,1,33000000.0,4.0,5.3333,software
Tutorspree,education,USA,New York,0,1800000.0,3.0,5.0,education
OneRiot,advertising,USA,Boulder,1,27300000.0,14.0,3.0,advertising
Moonshoot,web,USA,Palo Alto,0,6760000.0,6.0,1.5,web
ArcSight,software,USA,Cupertino,1,26914000.0,24.0,6.0,software
AGEIA Technologies,semiconductor,USA,Santa Clara,1,27500000.0,1.0,7.0,semiconductor
U.S. Fiduciary,other,USA,Houston,0,9000000.0,4.0,2.0,other
Broadway Networks,public_relations,USA,San Jose,0,954000.0,3.0,1.0,public_relations
Xelerated,semiconductor,USA,Santa Clara,1,53000000.0,4.0,4.6667,semiconductor
Oodle,social,USA,San Mateo,1,23100000.0,17.0,2.0,social
The Climate Corporation,cleantech,USA,San Francisco,1,108900000.0,28.0,7.5,cleantech
Kosmix,web,USA,Mountain View,1,55000000.0,26.0,2.75,web
Xtify Inc.,mobile,USA,New York,1,5686383.0,9.0,2.0,mobile
Limerick BioPharma,biotech,USA,South San Francisco,0,49008830.0,4.0,3.0,biotech
iSkoot,mobile,USA,San Francisco,1,32200000.0,10.0,4.0,mobile
Rudder,web,USA,Houston,0,2000000.0,3.0,1.0,web
Panvidea,games_video,USA,New York,1,2700000.0,5.0,2.0,games_video
Sway,advertising,USA,Middleton,0,2000000.0,6.0,2.0,advertising
TRAFFIQ,advertising,USA,New York,1,18000000.0,16.0,2.3333,advertising
Dexterra,mobile,USA,Bothell,1,122500000.0,9.0,5.6,mobile
CoTweet,advertising,USA,San Francisco,1,1100000.0,9.0,6.0,advertising
Reef Point Systems,security,USA,Burlington,0,52000000.0,1.0,2.6667,security
Paracor Medical,biotech,USA,Sunnyvale,0,44000000.0,5.0,8.0,biotech
Causata,software,USA,San Francisco,1,15500000.0,12.0,1.0,software
Asempra Technologies,security,USA,Santa Clara,1,20000000.0,4.0,3.0,security
1000Memories,Consumer,US,,Early,0.0,2.0,3.0,Memorial sites.
100x,B2B,IN,,Early,0.0,3.0,2.0,"Create, Share, and Monetize AI Agents"
10 By 10,B2B,US,,Early,0.0,5.0,2.0,10by10 is a unique marketplace in the recruiting agency industry for…
14.ai,B2B,US,,Early,0.0,3.0,2.0,Customer support for 1000x teams
1849 bio,Industrials,US,,Early,0.0,3.0,2.0,Engineering microbes for miners to unlock billions in trapped metal
1910 Genetics,Healthcare,US,,Early,0.0,25.0,1.0,Make undruggable targets a thing of the past
1stCollab,B2B,US,,Early,0.0,11.0,3.0,Performance-Optimized Influencer Marketing at Scale
20n,Healthcare,US,,Early,0.0,2.0,2.0,Using AI to predict biochemistry for manufacturing and therapeutics
222,Consumer,US,,Early,0.0,16.0,3.0,the AI social facilitator for offline human to human interactions
280 North,B2B,US,,Early,0.0,11.0,3.0,
3dot,Consumer,SI,,Early,0.0,2.0,3.0,
42,B2B,US,,Early,0.0,0.0,1.0,Analytics stack for omnichannel retailers and brands
42Floors,Real Estate and Construction,US,,Growth,0.0,60.0,3.0,We make it easy to search for office space.
500Friends,B2B,US,,Early,0.0,51.0,2.0,the best loyalty and retention marketing partner for CMOs. 
54Gene,Healthcare,NG,,Growth,0.0,47.0,3.0,Precision medicine for Africans and the global population
64x Bio,Healthcare,US,,Early,0.0,25.0,1.0,Enabling next generation medicines. A comprehensive platform and…
7cups,Healthcare,US,,Early,0.0,11.0,1.0,7 Cups is an emotional support service that matches up people that…
"80,000 Hours",Unspecified,GB,,Early,0.0,13.0,2.0,An online guide that tells talented graduates how to maximise the…
99dresses,Consumer,US,,Early,0.0,2.0,3.0,We're creating every women's fantasy by combining the unwanted…
99minutos,B2B,MX,,Early,0.0,5000.0,1.0,The fastest shipping for online shopping 
9gag,Consumer,HK,,Growth,0.0,36.0,5.0,Make the world happier.
a0.dev,B2B,US,,Early,0.0,3.0,2.0,We make mobile apps using AI.
A1Base,B2B,US,,Early,0.0,2.0,2.0,Twilio for AI Agents
Aalo,Consumer,CA,,Early,0.0,1.0,1.0,Lego-like furniture for design geeks. We create furniture that's…
Abacum,B2B,US,,Early,0.0,110.0,2.0,Helping Finance teams be 10x faster
Abalone Bio,Healthcare,US,,Early,0.0,14.0,2.0,We create activating antibodies to treat diseases others can’t.
Abatable,Industrials,GB,,Early,0.0,35.0,2.0,Carbon markets platform and solutions
Abbot,B2B,US,,Early,0.0,5.0,2.0,Your Customer Success Co-Pilot
Abel,B2B,US,,Early,0.0,2.0,2.0,Transforming document review for litigation teams
Abel Police,Government,Unknown,,Early,0.0,5.0,1.0,Automating police paperwork
Abhi,Fintech,PK,,Early,0.0,10.0,2.0,Abhi is Pakistan's 1st financial wellness platform focusing on…
Able,Consumer,IN,,Early,0.0,50.0,3.0,India's Largest Placement Platform for Early Professionals
Able Health,Healthcare,US,,Early,0.0,11.0,2.0,Able Health gets doctors paid more for higher quality care
Abstra,B2B,BR,,Early,0.0,10.0,1.0,Python-based BPM
Abundance Labs,Consumer,US,,Early,0.0,12.0,1.0,Abundance Labs incubates and builds alternative currency marketplace…
Abundant,B2B,US,,Early,0.0,3.0,3.0,Data for Agents and Multimodal AI
Accend,Fintech,Unknown,,Early,0.0,3.0,3.0,Human-in-the-loop AI agents for business underwriting & onboarding
Accept.inc (formerly BoardRE),Fintech,US,,Early,0.0,80.0,3.0,BoardRE is a new type of mortgage company that upgrades any offer…
AccessOwl,B2B,DE,,Early,0.0,8.0,2.0,Managing your Employees' Access to SaaS
AccioJob,Education,IN,,Growth,0.0,250.0,4.0,Upskilling bootcamp for India
Accord,B2B,US,,Early,0.0,20.0,2.0,"Driving execution excellence for B2B Sales, Onboarding, and CS"
Accountable,Fintech,US,,Early,0.0,2.0,2.0,Smarter spending for vacation rental managers
ACLU,Unspecified,US,,Early,0.0,501.0,1.0,Defender of rights and liberties
Acrely,B2B,US,,Early,0.0,2.0,2.0,AI CSR + Dispatch for HVAC
Actiondesk,B2B,US,,Early,0.0,4.0,1.0,Access all your live data in one place
Actipulse Neuroscience,Healthcare,US,,Early,0.0,38.0,2.0,Bringing non-invasive brain stimulation from the hospital to the home
Activeloop,B2B,US,,Growth,0.0,15.0,1.0,Database for AI
Activepieces,B2B,US,,Early,0.0,10.0,2.0,"Open-source, AI-first and no-code business automation tool"
Acunote,B2B,US,,Early,0.0,0.0,1.0,
ACX,Healthcare,US,,Early,0.0,4.0,2.0,Next-generation biocides for sustainable agriculture at scale
Adam,B2B,Unknown,,Early,0.0,4.0,2.0,AI Powered CAD
Adaptyv,Healthcare,CH,,Early,0.0,12.0,2.0,We're building fully automated labs for protein engineering
Aden,B2B,US,,Early,0.0,12.0,2.0,Hire Aden to run your business operations at scale
Adentris,Healthcare,US,,Early,0.0,4.0,3.0,Real-time AI Compliance for Medical Documentation
AdGrok,B2B,US,,Early,0.0,2.0,3.0,Easy SEM software. Acquired by Twitter in 2011.
Adla,Consumer,US,,Early,0.0,3.0,2.0,Department store for e-commerce
Adni,Healthcare,US,,Early,0.0,5.0,2.0,Super app for healthcare workers
Adravision,Healthcare,SG,,Early,0.0,8.0,3.0,Automation for dental clinics and insurance companies.
Adri AI,B2B,US,,Early,0.0,2.0,2.0,Vanta for AI
AdThrow,B2B,Unknown,,Early,0.0,0.0,3.0,
Advano,Industrials,US,,Growth,0.0,25.0,2.0,Advano is a battery technology company that improve the longevity of…
Advantage Club,B2B,IN,,Early,0.0,220.0,2.0,Global platform for employee engagement with rewards&flexible benefits
Adventris Pharmaceuticals,Healthcare,US,,Early,0.0,7.0,3.0,Adventris makes cancer vaccines
Adventurous Co,Consumer,US,,Early,0.0,2.0,2.0,Disney meets Airbnb Experiences
adyn,Healthcare,US,,Early,0.0,7.0,1.0,The first test designed to prevent birth control side effects
Aedilic,B2B,US,,Early,0.0,2.0,2.0,Open-Source AI-generated image/deepfake detection
Aegis,Healthcare,US,,Early,0.0,3.0,3.0,AI Agents to win denied health insurance claims.
Aella,Fintech,NG,,Early,0.0,60.0,1.0,Diversified credit infrastructure powering payments across Africa.
Aer,Fintech,US,,Early,0.0,18.0,1.0,Compound compliance: the central hub for meeting SEC obligations 
AeroFS,B2B,US,,Growth,0.0,40.0,2.0,Secure Enterprise Collaboration.
Aerones,Industrials,LV,,Early,0.0,250.0,2.0,Robotics for wind turbine maintenance.
Aerotime,B2B,US,,Early,0.0,6.0,2.0,Calendar that kills time fragmentation
AesculaTech,Healthcare,US,,Early,0.0,6.0,1.0,"Responsive materials, better lives. "
Aesthetic,B2B,US,,Early,0.0,4.0,2.0,Your AI-powered creative apprentice 🪄
Aether,B2B,US,,Early,0.0,8.0,2.0,AI go-to-market revenue engine for home services installers. 
Affil.ai,B2B,US,,Early,0.0,3.0,2.0,AI Affiliate Network For Financial Companies
Affinity,B2B,US,,Early,0.0,2.0,2.0,A compliance training platform built for regulated industries.
Affogato AI,B2B,IN,,Early,0.0,20.0,3.0,Affogato is Cursor for short videos
Afriex,Fintech,US,,Early,0.0,55.0,2.0,"Instant, low-fee remittances"
Afrostream,Consumer,FR,,Early,0.0,11.0,2.0,AFROSTREAM is Netflix for African-American and African  content…
Aftercare,B2B,US,,Early,0.0,3.0,3.0,Conversational AI surveys with intelligent follow-up questions
Afternoon.co,B2B,US,,Early,0.0,3.0,2.0,"Bookkeeping, compliance and tax for founders"
AfterQuery,B2B,US,,Early,0.0,3.0,3.0,Research lab investigating the boundaries of AI capabilities.
Agapé,Healthcare,US,,Early,0.0,6.0,2.0,"Feel close, even when apart. One meaningful conversation at a time."
Agave,B2B,US,,Early,0.0,23.0,4.0,Data infrastructure for Construction
Agency,B2B,US,,Early,0.0,0.0,2.0,Solving Complex Security and Compliance
AgendaPro,B2B,CL,,Early,0.0,50.0,4.0,Shopify for Beauty and Wellness businesses in Latam
AgentHub,B2B,US,,Early,0.0,2.0,2.0,The simulation and evaluation engine for AI agents
Agentic Labs,B2B,US,,Early,0.0,2.0,1.0,AI system design tools for dev teams
Agentin AI,B2B,US,,Early,0.0,2.0,1.0,AI Agents that automate enterprise software processes
Agentive,B2B,US,,Early,0.0,6.0,1.0,AI Workspace for Audit & Advisory Firms
AgentMail,B2B,US,,Early,0.0,3.0,3.0,API email service provider for AI Agents
Agentnoon,B2B,CA,,Early,0.0,16.0,2.0,Org design and workforce planning platform to drive org transformation
AgileMD,Healthcare,US,,Early,0.0,18.0,1.0,Predictive analytics and clinical pathways for hospitals 
Aglide,B2B,US,,Early,0.0,4.0,2.0,Connect every disconnected app to your SSO.
Ahazou,B2B,BR,,Early,0.0,27.0,1.0,Podium for local businesses in Latam
&AI,B2B,US,,Early,0.0,12.0,2.0,Enterprise AI for Patent Teams
Aidy,B2B,US,,Early,0.0,2.0,2.0,Persistent research on the issues that drive key company decisions
AI.Fashion,B2B,US,,Early,0.0,11.0,2.0,AI.Fashion is the AI creative suite for the fashion industry.
AI Insurance,Fintech,US,,Early,0.0,10.0,1.0,AI Insurance is the platform that runs insurance companies
AiPrise,Fintech,US,,Early,0.0,30.0,2.0,Global KYC and KYB Platform 
Airbnb,Consumer,US,,Early,0.0,6132.0,3.0,Book accommodations around the world.
Airbyte,B2B,US,,Early,0.0,90.0,2.0,Open Data Movement Platform
Airfordable,Fintech,US,,Growth,0.0,7.0,2.0,Buy flights for only a fraction upfront and pay off the rest in…
Airgoods,B2B,US,,Early,0.0,9.0,3.0,Wholesale marketplace for food & beverage
Airhart Aeronautics,Industrials,US,,Early,0.0,6.0,1.0,Airplanes anyone can fly
AirHelp,Consumer,Unknown,,Growth,0.0,350.0,3.0,"AirHelp helps air passengers get compensation for delayed, cancelled…"
Airmada,Industrials,US,,Early,0.0,2.0,2.0,Autonomous ground stations for drones
AirMyne,Industrials,US,,Early,0.0,11.0,2.0,Building systems to remove carbon dioxide from air at industrial scale
Airo Health,Healthcare,US,,Early,0.0,2.0,1.0,Airo is an AI to passively track and manage your mental health. 
Airshared,Consumer,Unknown,,Early,0.0,0.0,3.0,TBD
Airthium,Industrials,FR,,Early,0.0,18.0,2.0,Decarbonized heat and power cheaper than fossil fuels
Airtrain AI,B2B,US,,Early,0.0,5.0,1.0,No-code data curation for LLM fine-tuning and evaluation.
Airware,Industrials,US,,Growth,0.0,51.0,2.0,Airware provides end-to-end solutions that enable enterprises to…
Airweave,B2B,US,,Early,0.0,3.0,2.0,Open-Source Tool That Lets Agents Search Any App
Airwork,B2B,CA,,Early,0.0,4.0,1.0,On-demand labour that's actually good
AiSDR,B2B,US,,Early,0.0,5.0,2.0,AI sales prospecting. Replace your SDR with AiSDR
AI Sell,B2B,US,,Early,0.0,2.0,1.0,AI Sales Associate for Ecommerce
Aisle50,Consumer,US,,Early,0.0,11.0,3.0,Grocery deals.
AiSupervision,Industrials,DE,,Early,0.0,13.0,1.0,The operating system for factory production lines
AI Tech Packs,B2B,US,,Early,0.0,2.0,1.0,Build factory ready tech packs in minutes.
AIVideo.com,B2B,Unknown,,Early,0.0,7.0,3.0,The all in one tool for AI powered video production
Ajaib,Fintech,ID,,Early,0.0,300.0,2.0,Consumer fintech for Indonesia
Akido Labs,Healthcare,US,,Early,0.0,1000.0,2.0,Rebuilding healthcare with AI at the core
Akiflow,B2B,IT,,Early,0.0,18.0,2.0,All your tasks and calendars into an AI-powered productivity app
Aklimate,B2B,GB,,Early,0.0,3.0,3.0,Software for enterprises to track and reduce supply chain emissions
Akudo,Fintech,IN,,Early,0.0,20.0,3.0,India's first learning-focused neobank for teenagers
Akute Health,Healthcare,US,,Early,0.0,4.0,1.0,The medical record & infrastructure stack for digital health companies
Alaan,Fintech,AE,,Early,0.0,120.0,2.0,AI-powered expense management platform for businesses in the Middle…
Alai,B2B,Unknown,,Early,0.0,3.0,2.0,Create high quality presentations faster using AI
Alana,B2B,MX,,Early,0.0,14.0,3.0,"Staff management software for retail, manufacturing and hospitality"
Alara,B2B,Unknown,,Early,0.0,0.0,3.0,Procurement Platform for Dental Offices
Albacore Inc.,Government,US,,Early,0.0,15.0,2.0,Autonomous undersea vehicles to deter maritime invasions.
Alba Orbital,Industrials,GB,,Early,0.0,16.0,1.0,"We make satellites to image everywhere on Earth, every 15 minutes"
Albedo,Industrials,US,,Early,0.0,55.0,3.0,Capturing the highest resolution satellite imagery
Albiware Inc.,Real Estate and Construction,US,,Early,0.0,12.0,2.0,B2B SaaS for insurance damage repair contractors. 
Alchemy,Industrials,CA,,Early,0.0,25.0,2.0,Nanotechnology-enabled coatings for automotive and defence sectors
Aldara,Real Estate and Construction,ES,,Early,0.0,10.0,1.0,HOA manager with automated operations
AlemHealth,Healthcare,SG,,Early,0.0,25.0,1.0,AI Radiologist in a Box - We provide a vertically integrated AI…
Aleph,B2B,US,,Early,0.0,30.0,2.0,One source of truth for financial data.
Aleph Solutions (Alephee),B2B,AR,,Early,0.0,35.0,3.0,We help automotive aftermarket brands to supply and sell parts online
Alex,B2B,US,,Early,0.0,3.0,1.0,The Cursor for Xcode
Alfie,Healthcare,US,,Early,0.0,6.0,2.0,Democratizing access to precision weight loss medications 
Alga Biosciences,Industrials,US,,Early,0.0,6.0,3.0,We stop cows from burping methane.
Algofi,Fintech,Unknown,,Early,0.0,7.0,2.0,Building the new financial system
Algolia,B2B,US,,Growth,0.0,810.0,2.0,A developer-friendly and enterprise-grade search API.
Algoriz,Fintech,US,,Early,0.0,4.0,1.0,Algoriz is an AI based algorithmic trading platform that enables you…
AlgoSurg Inc,Healthcare,IN,,Early,0.0,8.0,2.0,We make AI technology for Robotic and AR Surgeries
AlgoTest,Fintech,IN,,Early,0.0,28.0,2.0,Ecosystem for options trading in India
AlgoUniversity,Education,IN,,Early,0.0,10.0,2.0,Building Job driven Virtual Tech University for India 🇮🇳
Alguna,B2B,US,,Early,0.0,5.0,2.0,"Modern SaaS Pricing, Quoting & Billing Platform"
Alice.tech,Education,DK,,Early,0.0,5.0,2.0,AI-driven exam prep
Alima,B2B,MX,,Early,0.0,10.0,2.0,Fresh procurement made easy
Alinea,Fintech,US,,Early,0.0,12.0,2.0,Automated investing for the next generation 💸
Alixia,Healthcare,US,,Early,0.0,2.0,2.0,Targeting the Tumor Ecosystem to address cancer drug resistance.
Alkali,B2B,US,,Early,0.0,2.0,2.0,Your Copilot for Building Chemical Projects
Allo,Consumer,US,,Early,0.0,2.0,1.0,Allo is an app that helps neighboring families meet and help each…
Allotrope Medical,Healthcare,US,,Early,0.0,2.0,1.0,Advancing surgical precision through safe electrical stimulation. 
Alloy Automation,B2B,US,,Early,0.0,40.0,2.0,Alloy is a platform for building and managing SaaS integrations
All Screen,B2B,US,,Early,0.0,11.0,1.0,Connecting users with engaging video content across the web.…
AllSome Fulfillment,B2B,CN,,Early,0.0,18.0,2.0,Fulfillment platform to build Southeast Asia e-commerce operations
Alltruists,Consumer,US,,Early,0.0,1.0,1.0,"Kid-friendly, at-home volunteer projects in a box, delivered bimonthly"
Allure Systems,B2B,US,,Early,0.0,18.0,2.0,A.I. to create stunning fashion images for eCommerce. 
Alma,Fintech,US,,Early,0.0,0.0,2.0,Gamified mobile banking app where people can win $1M every Wednesday
Almond,Healthcare,US,,Early,0.0,8.0,2.0,We make it easy to get great ObGyn care  in-person and over telehealth
Alokai,B2B,PL,,Early,0.0,100.0,3.0,Frontend Platform for eCommerce
Alpaca,Fintech,US,,Early,0.0,150.0,2.0,API-first stock and crypto brokerage platform
Alpas,B2B,DE,,Early,0.0,5.0,1.0,Software for procurement departments to find suppliers 10x faster
AlphaFlow,Fintech,US,,Early,0.0,26.0,1.0,AlphaFlow is a technology-driven investment manager.
Alpha Vantage,Fintech,US,,Early,0.0,8.0,2.0,Developer-friendly and enterprise-grade APIs for financial market…
AlphaWatch AI,Fintech,US,,Early,0.0,7.0,1.0,Agentic search for enterprises with trusted data
Altay Therapeutics,Healthcare,US,,Early,0.0,6.0,2.0,Altay develops disease-modifying therapies targeting transcription…
Alter,B2B,US,,Early,0.0,2.0,2.0,Secure access control and authorization platform for agent workflows
Alterya,Fintech,IL,,Early,0.0,30.0,2.0,Protecting Humans from Scams
Altro,Fintech,US,,Early,0.0,29.0,2.0,Build Credit With Your Subscriptions
ALT TEX,Industrials,CA,,Early,0.0,10.0,2.0,"Biodegradable and carbon neutral textiles, engineered from food waste."
Altur,B2B,US,,Early,0.0,4.0,2.0,Voice AI Agents for Debt Collection
Alude,Real Estate and Construction,BR,,Early,0.0,8.0,2.0,We offer free software that automates bureaucracy for real-estate…
Amal Invest,Fintech,BH,,Early,0.0,3.0,1.0,Investing app for Muslims
AmberBox Gunshot Detection,B2B,US,,Early,0.0,0.0,1.0,Detect Gunshots | Inform Law Enforcement | Empower First Responders
Ambient.ai,B2B,US,,Early,0.0,95.0,2.0,AI company transforming enterprise physical security to prevent…
Ambition,B2B,US,,Early,0.0,55.0,3.0,Coaching and gamification software for sales teams. 
Ambral,B2B,Unknown,,Early,0.0,2.0,2.0,AI-powered Account Managers
Amby Health,Healthcare,US,,Early,0.0,2.0,2.0,AI Copilot for Ambulance Agencies (EMS)
Amenli,Fintech,EG,,Early,0.0,65.0,2.0,Offers insurance to customers in a convenient & transparent way 
Amiato,B2B,US,,Early,0.0,2.0,1.0,The BI bridge for unstructured data. We automatically bridge the gap…
amiloz,Fintech,MX,,Early,0.0,20.0,2.0,Micro-lender in Mexico
AminoAnalytica,Healthcare,US,,Early,0.0,2.0,2.0,The AI-Native Operating System for Protein Engineering
Amplitude,B2B,US,,Growth,0.0,750.0,2.0,Digital Analytics Platform
AmpUp,Consumer,US,,Early,0.0,45.0,1.0,We make EV charging as simple and reliable as LED lights
Amulyte,Healthcare,US,,Early,0.0,2.0,2.0,Remote monitoring & activity tracking system for seniors. 
Anakin,B2B,US,,Early,0.0,60.0,2.0,We automate pricing for eCommerce and on-demand service companies
Ananya Health,Healthcare,US,,Early,0.0,6.0,1.0,Portable cryoablation to prevent cervical cancer
Anara,B2B,US,,Early,0.0,5.0,1.0,AI for researchers
Anasen,B2B,FR,,Early,0.0,15.0,2.0,Anasen is an app that makes data analysis easy and accessible to…
Ancana,Consumer,MX,,Early,0.0,7.0,2.0,Marketplace to buy managed vacation homes through fractional ownership
Anchor,Fintech,NG,,Early,0.0,8.0,3.0,Embedded finance platform for African businesses
Anchor Health,Healthcare,US,,Early,0.0,2.0,2.0,"Modernizing home health care agencies with software, hardware, and…"
And Comfort,Consumer,US,,Early,0.0,2.0,1.0,And Comfort is a direct to consumer fashion brand.
Andi,Consumer,US,,Early,0.0,2.0,2.0,Search for the next generation using generative AI
Andon Labs,B2B,Unknown,,Early,0.0,2.0,1.0,Autonomous organizations without humans in the loop
Andromeda Surgical,Healthcare,US,,Early,0.0,10.0,2.0,Autonomous surgical robots
Andson Biotech,Healthcare,US,,Early,0.0,4.0,1.0,Empowering Mass Spec for Biotech and Beyond
Andy AI,Healthcare,US,,Early,0.0,2.0,2.0,Faster clinical documentation for home health nurses
Anfin,Fintech,VN,,Early,0.0,40.0,1.0,A multi-asset trading platform dedicated to retail investors
Angle Health,Fintech,US,,Early,0.0,8.0,2.0,Health Insurance for Startups
Anglera,B2B,US,,Early,0.0,3.0,2.0,AI-Powered Product Data Enrichment
Ångström AI,Healthcare,US,,Early,0.0,5.0,3.0,Gen AI molecular simulations that reproduce wetlab results
Anima,Healthcare,GB,,Early,0.0,20.0,2.0,The next generation care enablement platform
Anima App,B2B,US,,Early,0.0,20.0,3.0,Design to Code & On-brand Vibe-coding
Anja Health,Healthcare,US,,Early,0.0,2.0,1.0,Cord Blood Banking Reimagined
Anjuna,B2B,US,,Early,0.0,55.0,1.0,Anjuna enabled organizations to trust any infrastructure
Ankr Health,Healthcare,US,,Early,0.0,30.0,2.0,Virtualizing brick-mortar infrastructures of clinics w/ generative AI 
AnnieCannons,Education,US,,Early,0.0,14.0,1.0,Connecting Survivors to Careers in Tech
Ansa Biotechnologies,Healthcare,US,,Early,0.0,72.0,2.0,Next-generation DNA synthesis using enzymes
Answerly,Consumer,US,,Early,0.0,11.0,2.0,
Anthrogen,Healthcare,US,,Early,0.0,6.0,2.0,We're training the next generation of protein foundation models.
AntWalk,Education,IN,,Early,0.0,50.0,2.0,An employee up-skilling platform for fast growing companies
Anvil,B2B,Unknown,,Early,0.0,2.0,2.0,Anvil is the SEO platform for the AI era
AnyList,Consumer,US,,Early,0.0,3.0,2.0,"One app for stress-free shopping, cooking, and meal planning."
Anyvite,Consumer,US,,Early,0.0,2.0,2.0,
Anywhere.FM,Consumer,Unknown,,Early,0.0,11.0,2.0,
AOA Dx,Healthcare,US,,Early,0.0,25.0,3.0,Blood Test for Early Detection of Ovarian Cancer 
AON3D,Industrials,CA,,Growth,0.0,40.0,3.0,Additive Manufacturing with advanced materials
Apartio,Fintech,BR,,Early,0.0,2.0,3.0,Apartio offers Short Term Rentals for Business Travelers in Brazil
Apero Health,Healthcare,US,,Early,0.0,24.0,2.0,Modern medical billing
Apolink,Industrials,Unknown,,Early,0.0,4.0,1.0,24/7 satellite connectivity in low Earth orbit
Apollo,B2B,US,,Growth,0.0,200.0,3.0,Apollo helps engineering teams accelerate delivery
Apollo Health,Consumer,Unknown,,Early,0.0,0.0,2.0,
Apollo.io,B2B,US,,Early,0.0,800.0,2.0,Apollo is the foundation of your entire go-to-market strategy.
ApolloShield,Industrials,IL,,Early,0.0,0.0,1.0,ApolloShield is a system that detects unwanted drones and drives them…
Apoxy,B2B,Unknown,,Early,0.0,2.0,2.0,Simpler and cheaper multi-cloud and cross-platform deployments.
Apozy,B2B,US,,Early,0.0,9.0,1.0,Apozy makes every website safe to browse
Appcanary,B2B,CA,,Early,0.0,2.0,2.0,Appcanary tracks the dependencies you use in your apps and servers…
Appcubator,B2B,US,,Early,0.0,0.0,2.0,The easiest way to prototype web applications.
AppHarbor,B2B,US,,Early,0.0,1.0,3.0,.NET Cloud Platform as a Service
Appjet,B2B,US,,Early,0.0,3.0,1.0,
Apply Design,Real Estate and Construction,IL,,Early,0.0,9.0,2.0,Helping realtors showcase the full potential of their properties
Apportable,B2B,US,,Early,0.0,51.0,1.0,iOS porting
Apprentice Health,Healthcare,US,,Early,0.0,6.0,2.0,We deploy sensors and software that increase hospital efficiency.
Approval AI,Fintech,US,,Early,0.0,2.0,2.0,"One-click mortgage: AI shops, negotiates, and handles your application"
Apptimize,B2B,US,,Growth,0.0,50.0,1.0,Apptimize lets mobile teams innovate faster to create an amazing user…
AppX,Education,IN,,Early,0.0,30.0,2.0,AppX helps social media creators launch their own mobile apps.
April,Consumer,US,,Early,0.0,2.0,2.0,Voice AI Executive Assistant
AptDeco,Consumer,US,,Growth,0.0,0.0,2.0,AptDeco is the easiest way to buy and sell used furniture
Apten,B2B,US,,Early,0.0,3.0,2.0,"Omnichannel AI agents that engage leads across SMS, voice, and email"
Aptible,B2B,US,,Growth,0.0,25.0,2.0,The No Infrastructure Platform as a Service
Apto Payments,Fintech,US,,Growth,0.0,32.0,2.0,API platform for partners to issue branded debit and credit cards to…
Apurata,Fintech,PE,,Early,0.0,12.0,2.0,Point of sale financing for Latin America's middle class.
Aqua,Fintech,US,,Early,0.0,6.0,2.0,The Modern Way for Financial Advisors to Put Their Clients into Alts
Aquarium Learning,B2B,US,,Early,0.0,12.0,2.0,We help ML teams improve their models by improving their datasets
Aqua Voice,Consumer,US,,Early,0.0,3.0,2.0,Talk into any text box - write 4x faster than typing.
Aragorn AI,B2B,Unknown,,Early,0.0,4.0,2.0,Operating system for HR in the AI era
Aravolta,B2B,US,,Early,0.0,3.0,2.0,"Software to monitor, control, and optimize data centers."
Arc,Industrials,US,,Early,0.0,2.0,3.0,aerial videography
Arcane,Consumer,US,,Early,0.0,2.0,2.0,AI powered games
Archbee,B2B,RO,,Early,0.0,10.0,1.0,Answer user and dev questions with documentation (using Generative AI)
ArchForm,Healthcare,US,,Early,0.0,23.0,1.0,Replacing orthodontic braces with our clear aligner and software
Archil,B2B,Unknown,,Early,0.0,5.0,1.0,"Transform S3 in an unlimited, local file system"
ArchiLabs,Real Estate and Construction,US,,Early,0.0,2.0,2.0,AI Copilot for Architects
Archon,Government,US,,Early,0.0,3.0,2.0,We help software companies sell to government.
Arcimus,B2B,US,,Early,0.0,2.0,1.0,Find who needs your product
Arcus,Fintech,US,,Growth,0.0,100.0,3.0,Payment-as-a-service that helps any business launch payment solutions
Ardis AI,B2B,US,,Early,0.0,3.0,3.0,Transform your text data into a searchable knowledge graph
Arengu,B2B,ES,,Early,0.0,10.0,3.0,Build frictionless signup flows in minutes
Ares Industries,Industrials,US,,Early,0.0,2.0,2.0,Building low-cost cruise missiles 
Argil,Consumer,FR,,Early,0.0,8.0,2.0,The video generation engine for the creator economy 
Argo,Consumer,US,,Early,0.0,10.0,1.0,A social streaming platform powered by creators and fans 
"Argon AI, Inc.",Healthcare,Unknown,,Early,0.0,2.0,2.0,AI for Pharma Intelligence 
Argovox,Fintech,US,,Early,0.0,3.0,3.0,Voice AI agents for patient billing and collections
Argument Computer Corporation,B2B,US,,Early,0.0,8.0,3.0,Accelerate verifiable computing
Ariglad,B2B,CA,,Early,0.0,4.0,2.0,Knowledge base maintenance on auto-pilot
Arini,Healthcare,US,,Early,0.0,10.0,2.0,AI receptionist for dentists
Arintra,Healthcare,US,,Early,0.0,20.0,2.0,Medical coding automation
Arist,B2B,US,,Early,0.0,23.0,2.0,Deliver effective learning at scale 
Ark,Consumer,US,,Early,0.0,11.0,3.0,Ark organizes the world's social information. 
Arketa,B2B,US,,Early,0.0,55.0,2.0,Everything for your fitness or wellness business.
Armilla AI,B2B,CA,,Early,0.0,14.0,2.0,AI/LLM Assessment & Warranty Solutions
Armory,B2B,US,,Early,0.0,90.0,2.0,"Continuous Deployment at any scale, for all developers."
arnata,B2B,US,,Early,0.0,15.0,1.0,AI workers for the logistics industry. 
Arpari,Fintech,US,,Early,0.0,6.0,2.0,Multibank treasury management
Arpeggio Bio,Healthcare,US,,Early,0.0,20.0,1.0,Arpeggio Bio develops drugs targeting transcription factors using AI…
Arpio,B2B,US,,Early,0.0,7.0,2.0,Recover from any outage in 10 minutes or less.
Array Labs,Industrials,US,,Early,0.0,0.0,2.0,We're building satellites to create a real-time 3D map of the world.
Arrow,Fintech,SG,,Early,0.0,18.0,3.0,Modern Checkout Platform for D2C brands in Southeast Asia
Arroyo,B2B,US,,Early,0.0,2.0,1.0,Cloud-native stream processing
Artemis Search,B2B,US,,Early,0.0,3.0,2.0,A search technology that actually finds what you’re looking for.
Arthena,Fintech,US,,Growth,0.0,12.0,2.0,Quantitative Investment in Art Assets 
Artie,B2B,US,,Early,0.0,8.0,2.0,Software that streams data from databases to warehouses in real-time
Artifact,Consumer,US,,Early,0.0,10.0,4.0,Personal podcasts with the people in your life
Artificial Societies,B2B,US,,Early,0.0,3.0,2.0,We use AI to simulate entire human societies
Artillery,B2B,IE,,Early,0.0,5.0,1.0,"The complete production quality platform. AI-powered E2E testing,…"
Artisan,B2B,US,,Early,0.0,37.0,1.0,"AI employees called Artisans, starting with an AI BDR"
Artos,B2B,Unknown,,Early,0.0,6.0,2.0,"Authoring documents for life sciences in minutes, not months."
Arva AI,B2B,Unknown,,Early,0.0,8.0,2.0,"AI Agents to scale AML, KYB and KYC operations"
Arylla,Industrials,CA,,Early,0.0,6.0,3.0,"We connect products to the internet using an invisible, chip-less tag"
OpenReplay,B2B,FR,,Early,0.0,11.0,1.0,"Open-source, self-hosted, session replay tool for developers."
Ascen,B2B,US,,Early,0.0,17.0,1.0,EOR for the staffing industry
Asha Health,Healthcare,US,,Early,0.0,9.0,2.0,We help medical practices become AI-native
Ashby,B2B,US,,Early,0.0,110.0,2.0,All-in-one recruiting platform that empowers hiring excellence in…
Asher Bio,Healthcare,US,,Early,0.0,3.0,2.0,We build better immunotherapies
aSim,Consumer,US,,Early,0.0,9.0,2.0,Build and share apps with friends
Askdata,B2B,US,,Early,0.0,17.0,2.0,Frictionless Data
askLio,B2B,US,,Early,0.0,3.0,3.0,AI-Copilot for procurement teams at large enterprises
AskMyClass,Education,US,,Early,0.0,2.0,2.0,Audio learning assistant for teachers and students.
Aspect,B2B,Unknown,,Early,0.0,1.0,1.0,Build UI fast.
Aspire,Fintech,SG,,Early,0.0,500.0,2.0,All-in-one Finance OS for businesses
Aspora,Fintech,GB,,Early,0.0,85.0,1.0,Single account to manage money across the world
Assembled,Consumer,US,,Growth,0.0,2.0,2.0,"Pivoted to TenXList, a professional network of top college engineers."
Assembly,B2B,US,,Early,0.0,12.0,1.0,Advanced manufacturing and distribution solutions (for China-based…
AssemblyAI,B2B,US,,Early,0.0,65.0,1.0,APIs for AI models
Assembly HOA,Real Estate and Construction,US,,Early,0.0,9.0,2.0,AI-enabled HOA Management Company
Asseta,B2B,US,,Early,0.0,4.0,1.0,Marketplace for industrial spare parts and capital equipment.
assistant-ui,B2B,US,,Early,0.0,1.0,1.0,Open Source React.js Library for AI Chat
Assorted Bits,B2B,Unknown,,Early,0.0,0.0,1.0,A mobile calendar for all the fun stuff you do with friends.
Astek Diagnostics,Healthcare,US,,Early,0.0,5.0,1.0,One-hour antibiotic sensitivity testing
Asteroid,B2B,US,,Early,0.0,4.0,2.0,AI Browser Agents for the Back-Office
Astranis,Industrials,US,,Early,0.0,500.0,2.0,Advanced satellites for high orbits.
Astrix Health,Healthcare,US,,Early,0.0,2.0,2.0,Astrix builds better healthcare data products.
Astro,Industrials,Unknown,,Early,0.0,1.0,1.0,The world’s first AI energy developer
AstroForge,Industrials,US,,Early,0.0,10.0,1.0,We Mine Asteroids
Astro Mechanica,Industrials,US,,Early,0.0,19.0,1.0,Supersonics for the new Jet Age
Async,B2B,Unknown,,Early,0.0,2.0,2.0,AI-native Linear
Athelas,Healthcare,US,,Early,0.0,800.0,2.0,"Extensible, Integrated Technology that Simplifies Health Systems"
AthenaHQ,B2B,Unknown,,Early,0.0,7.0,2.0,Get Your Brand Discovered on ChatGPT.
Athina AI,B2B,Unknown,,Early,0.0,5.0,2.0,"Prototype, Experiment & Evaluate AI Pipelines in a Spreadsheet-like UI"
A Thinking Ape,B2B,CA,,Early,0.0,75.0,2.0,We build communities through massively multiplayer mobile games
Atla,B2B,GB,,Early,0.0,10.0,2.0,The improvement engine for AI agents
Atlas,B2B,SG,,Early,0.0,12.0,3.0,"Operating system for restaurants, focusing on Southeast Asia"
Atlog,B2B,US,,Early,0.0,3.0,3.0,Voice Agents for Physical Retail Stores
Atmana,Consumer,AE,,Early,0.0,8.0,1.0,Apps to control technology addictions/ helping startups hire engineers
Atmo,Industrials,US,,Early,0.0,10.0,2.0,Ultra-precise AI weather forecasting.
Atmos,Real Estate and Construction,US,,Early,0.0,30.0,4.0,"The entire homebuilding process, all online"
AtoB,Fintech,US,,Early,0.0,71.0,1.0,Rebuilding global transportation payments.
Atomic,B2B,US,,Early,0.0,25.0,1.0,API that lets companies embed investment accounts into their services
Atomic Alchemy,Industrials,US,,Early,0.0,8.0,1.0,We produce cancer-curing materials used in nuclear medicine.
Atomic Industries,Industrials,US,,Early,0.0,25.0,1.0,The world's first AI powered tool and die maker
Atomized,B2B,US,,Early,0.0,3.0,1.0,Enabling teams to deploy without needing a cloud expert
Atomwise,Healthcare,US,,Early,0.0,67.0,2.0,Artificial intelligence for drug discovery.
atopile,B2B,US,,Early,0.0,5.0,2.0,We make tools to design electronics circuit boards with code
Atrato,Fintech,MX,,Early,0.0,80.0,2.0,Enabling consumers split the cost of purchases without a credit card
Atrium,B2B,US,,Growth,0.0,180.0,1.0,Modern law firm for startups powered by proprietary technology
Attain,B2B,US,,Early,0.0,5.0,2.0,One-Stop Shop for Convenience Store Inventory
attimet,Fintech,US,,Early,0.0,3.0,2.0,we predict stuff
Attune,B2B,US,,Early,0.0,3.0,2.0,"Faster builds, zero effort."
Attunement,Healthcare,US,,Early,0.0,2.0,1.0,Automation workflow for psychiatric assessments.
Atum Works,Industrials,US,,Early,0.0,3.0,3.0,Gigascale Nanomanufacturing
Auctomatic,Consumer,US,,Early,0.0,2.0,3.0,
Auctor,B2B,US,,Early,0.0,4.0,4.0,Automating Enterprise Software Implementations
Audiobeta,B2B,US,,Early,0.0,0.0,2.0,
AudioFocus,Healthcare,US,,Early,0.0,4.0,1.0,"Hearing aids that work in noisy places, like restaurants, using ML."
Audm,Consumer,US,,Early,0.0,10.0,2.0,Audm is a subscription service providing mini-audiobooks —…
Audobox,B2B,Unknown,,Early,0.0,0.0,3.0,Audobox is a developer and user friendly tool for in-app feedback.
Augento,B2B,US,,Early,0.0,4.0,4.0,Improving Agents through Reinforcement Learning
Aurabeat,Industrials,HK,,Early,0.0,12.0,2.0,"Providing clean, safe, virus free air for homes, buildings and cars"
Aura Vision,B2B,GB,,Early,0.0,10.0,3.0,Visitor analytics for physical retail stores using existing security…
Aurelian,B2B,US,,Early,0.0,15.0,2.0,Automating non-emergency calls for 911 centers
Auricle,Healthcare,US,,Early,0.0,2.0,2.0,Neurostimulation implant to restore hearing & speech understanding
AuroraQ,Industrials,CA,,Early,0.0,1.0,2.0,"Building the first practical, integrated quantum computer."
Auro Robotics,Industrials,US,,Early,0.0,10.0,2.0,Autonomous shuttles for campus-like environments.
autarc,B2B,DE,,Early,0.0,30.0,3.0,autarc is the OS for Europe's One-Stop Energy Installers
Authologic,B2B,Unknown,,Early,0.0,33.0,3.0,Stripe for online identity verification
Authy,B2B,US,,Early,0.0,201.0,2.0,Authy is a Two-Factor Authentication platform for developers
authzed,B2B,US,,Early,0.0,31.0,3.0,Cloud Infrastructure for Authorization
AutoComputer,B2B,US,,Early,0.0,2.0,2.0,Desktop RPA with AI computer use
AutoHub,B2B,US,,Early,0.0,2.0,2.0,We help dealerships appraise vehicle trade-ins more efficiently…
Automat,B2B,US,,Early,0.0,0.0,2.0,AI enabled RPA using ChatGPT and computer vision
Automate Ads,B2B,US,,Early,0.0,2.0,1.0,"On a mission to programmatically automate, optimize, and unify your…"
Automatic,Consumer,US,,Growth,0.0,51.0,1.0,Automatic connects your car to the rest of your digital life.
Automorphic,B2B,US,,Early,0.0,3.0,3.0,Infuse knowledge into language models with just 10 samples
autone,B2B,GB,,Early,0.0,70.0,2.0,Inventory management SaaS for Retail & Consumer brands
AutoPallet Robotics,Industrials,US,,Early,0.0,3.0,2.0,We make robots that move boxes in warehouses
Autosana,B2B,US,,Early,0.0,3.0,2.0,AI QA Engineer for Mobile Teams
Autotab,B2B,Unknown,,Early,0.0,2.0,1.0,AI agents reliable enough to do real work
Autumn,B2B,Unknown,,Early,0.0,2.0,2.0,Billing infrastructure for AI
Autumn Labs,Industrials,US,,Early,0.0,3.0,3.0,Datadog for industrial robots
AvairSense,Consumer,IN,,Early,0.0,14.0,2.0,We go all out to Build the Smartest AI-Enabled Cameras!
Avalanche,B2B,US,,Early,0.0,1.0,2.0,Referral program SDK for startups
Avallon AI,Fintech,Unknown,,Early,0.0,3.0,2.0,AI agents for insurance claims operations
Avametric,B2B,US,,Growth,0.0,11.0,1.0,Simulate clothes on your body.
Avelis Health,Healthcare,US,,Early,0.0,2.0,2.0,We audit medical claims for self-insured employers and health plans.
Avent,B2B,US,,Early,0.0,2.0,1.0,AI agents for industrial commerce
Avenue,B2B,US,,Early,0.0,8.0,2.0,Observability platform for operations teams
AviaryAI,Fintech,US,,Early,0.0,8.0,2.0,Outbound AI voice agents for the financial services industry
Aviator,B2B,US,,Early,0.0,6.0,1.0,Google-level engineering productivity suite
Avina,B2B,US,,Early,0.0,5.0,2.0,GTM signals engine for sales teams. Automate warm outbound with AI.
Avion,Industrials,US,,Early,0.0,0.0,3.0,Avion builds and operates autonomous eVTOL drones that deliver vital…
Avion School,Education,PH,,Early,0.0,4.0,2.0,We teach Filipinos to become remote software engineers globally.
Aviro,B2B,US,,Early,0.0,2.0,2.0,Task Time Intelligence for Enterprise AI
Aviron Interactive,Consumer,CA,,Early,0.0,90.0,1.0,"Aviron transforms workouts with game-based exercise machines, making…"
Avo,B2B,US,,Early,0.0,10.0,2.0,Fixing data quality in product analytics.
Avoca,B2B,Unknown,,Early,0.0,7.0,2.0,AI-powered Sales Agent for Service-Based Industries
Avocademy,Education,US,,Early,0.0,6.0,2.0,We teach UX/UI design and then help people get great jobs. 
Avocado,B2B,US,,Early,0.0,4.0,2.0,Restaurant POS with built-in AI agent
Avora,Healthcare,US,,Early,0.0,4.0,2.0,Agents for dental operations
Avro Life Science,Healthcare,CA,,Early,0.0,8.0,2.0,Skin patches for generic drug delivery. 
Awari,Education,BR,,Early,0.0,35.0,1.0,Reinventing lifelong learning for the future of work.
awen,B2B,Unknown,,Early,0.0,3.0,1.0,We are rebuilding photoshop with an AI-voice interface.
Awesomic,B2B,US,,Early,0.0,150.0,2.0,Get matched with top 1% of talents in 24h
Awtomic,B2B,US,,Early,0.0,11.0,1.0,Dollar Shave Club as a platform. 
Axal,B2B,US,,Early,0.0,2.0,2.0,The AI Software Architect 
AXDRAFT,B2B,UA,,Early,0.0,34.0,2.0,"AXDRAFT helps corporations draft, negotiate and approve documents 10x…"
Axiom,Fintech,Unknown,,Early,0.0,2.0,2.0,"Trade memecoins, perpetuals, and earn yield."
Axiom.ai,B2B,GB,,Early,0.0,8.0,3.0,No-code Browser RPA
Axis,B2B,US,,Early,0.0,15.0,1.0,Knowledge base for corporate affairs teams
Axle,Fintech,US,,Early,0.0,10.0,3.0,Universal API for insurance
Axle Health,Healthcare,US,,Early,0.0,14.0,1.0,Scheduling and workforce management SaaS for home healthcare providers
Axolo,B2B,FR,,Early,0.0,2.0,2.0,Improving Developer Experience with Streamlined Code Reviews
Axoni,Fintech,US,,Growth,0.0,155.0,2.0,Axoni is building the next generation of capital markets technology
Axross Pte Ltd,B2B,SG,,Early,0.0,10.0,2.0,AI-driven HVAC control system for improved energy performance
AYC Fund,Fintech,KR,,Growth,0.0,2.0,1.0,Web3 VC and Web3 Liquid Fund
Azalea Robotics Corporation,Industrials,US,,Early,0.0,2.0,2.0,Automating airport baggage handling with robots.
Azuki,Consumer,US,,Early,0.0,5.0,5.0,Japanese comic subscription service
b-12,Healthcare,US,,Early,0.0,2.0,2.0,Chemical Copilot for Pharma and Biotech
Backdrop,B2B,Unknown,,Early,0.0,2.0,2.0,"Vertical SaaS for $650B+ Film, TV, Music & Event Production Industry "
BackerKit,B2B,US,,Growth,0.0,42.0,2.0,The only end-to-end crowdfunding platform built for today’s creators
Backpack,Consumer,US,,Early,0.0,2.0,1.0,Marketplace to get stuff from overseas
BackType,B2B,US,,Early,0.0,0.0,2.0,BackType was an analytics company acquired by Twitter in 2011
Bagaveev Corporation,Industrials,US,,Early,0.0,2.0,1.0,Launch small satellites
Bakool,Consumer,ID,,Early,0.0,30.0,2.0,Group buying for Fresh in Indonesia's tier 2 cities
Balance,Fintech,US,,Early,0.0,70.0,2.0,"The first digital payment experience company, built for B2B.  "
Balanced,Fintech,US,,Early,0.0,11.0,1.0,Payments for Marketplaces
Ballerine,Fintech,Unknown,,Early,0.0,3.0,3.0,Open-source KYC and risk management infrastructure
Balto,Consumer,US,,Early,0.0,5.0,3.0,Acquired by FuboTV (NYSE: FUBO) - Contest automation software…
Bamboo,Fintech,NG,,Early,0.0,14.0,2.0,Bamboo ― the first online brokerage service for Africans and their…
Banabo,B2B,US,,Early,0.0,2.0,1.0,ML Marketing Infrastructure
Bandit ML,B2B,US,,Early,0.0,4.0,3.0,Bandit ML builds machine learning tools for e-commerce companies.
Bankjoy,Fintech,US,,Growth,0.0,60.0,1.0,An end-to-end digital banking solution for banks and credit unions
Banner,Real Estate and Construction,US,,Early,0.0,35.0,2.0,Banner makes software for CRE owners to manage capital spend
Bannerman,B2B,US,,Early,0.0,3.0,2.0,Security Guard Company Marketplace
Baraka,Fintech,AE,,Early,0.0,34.0,2.0,Grow Your Wealth With Baraka
BarSense,Consumer,US,,Early,0.0,0.0,3.0,Kid's first smartphone with web-based parental controls.
Basalt,Industrials,US,,Early,0.0,4.0,2.0,"Autonomy in space, for every mission"
Basedash,B2B,CA,,Early,0.0,6.0,1.0,The AI-native business intelligence platform
Baseline AI,Healthcare,US,,Early,0.0,2.0,2.0,AI document creation and data management for clinical trials
Basement,Consumer,US,,Early,0.0,2.0,2.0,The social network for your close friends.
Basepilot,B2B,US,,Early,0.0,2.0,2.0,"AI coworkers to automate browser work, in minutes."
Baserun,B2B,US,,Early,0.0,2.0,1.0,Observability and evaluation platform for LLM apps.
Basilica,B2B,US,,Early,0.0,2.0,2.0,Basilica is an API that embeds high-dimensional data like images and…
Baubap,Fintech,MX,,Early,0.0,150.0,2.0,Smart micro financing for everyone
Bayes,B2B,US,,Early,0.0,4.0,2.0,
Bayes Impact,Unspecified,US,,Early,0.0,11.0,1.0,Tech nonprofit building the future of public services.
Bayesline,Fintech,US,,Early,0.0,2.0,2.0,Highly customizable and blazingly fast analytics for asset managers.
BBy,Healthcare,US,,Growth,0.0,70.0,1.0,BBy powders breast milk that's immunologically active & lasts 6 months
Beacons,Consumer,US,,Growth,0.0,35.0,3.0,"An AI-powered, all-in-one business platform for content creators"
Beam,B2B,US,,Early,0.0,5.0,2.0,AI-Native Cloud Platform
Beanstalk,Industrials,US,,Early,0.0,15.0,2.0,"Great tasting produce, farmed around the corner"
Bear,B2B,US,,Early,0.0,2.0,2.0,Show up on AI Search Engines
Bear Flag Robotics,Industrials,US,,Early,0.0,10.0,2.0,Autonomous driving technology for farm tractors.
BeatDeck,B2B,US,,Early,0.0,2.0,1.0,"Music, Metrics... Meritocracy. 
(Upload Music, Connect your Social…"
Beau,B2B,ES,,Early,0.0,5.0,3.0,Workflows for repetitive customer-facing tasks
BeeBettor,Consumer,Unknown,,Early,0.0,2.0,2.0,Robinhood for sports prediction markets
Beek,Consumer,MX,,Early,0.0,32.0,2.0,Leading audio subscription platform for Spanish content and creators
Beep,Industrials,US,,Early,0.0,2.0,2.0,Cellular networks for IoT.
Beeper,Consumer,US,,Growth,0.0,16.0,2.0,One chat app to rule them all
Beetailer,B2B,US,,Early,0.0,2.0,3.0,Facebook stores.
BeGo,B2B,US,,Early,0.0,65.0,2.0,BeGo Connects cargo shippers with truck suppliers in Mexico and US
Bellabeat,Consumer,US,,Early,0.0,134.0,2.0,Tech-powered women's wellness.
Beluga Labs,B2B,US,,Early,0.0,2.0,2.0,Rippling for Content Creators
Belvo,Fintech,BR,,Early,0.0,100.0,2.0,Open Finance API platform for Latam.
Bemlo,Healthcare,SE,,Early,0.0,8.0,2.0,AI-native scheduling and workforce management platform for healthcare
Ben,Fintech,US,,Early,0.0,2.0,2.0,"The easiest way to learn about, buy, and store cryptocurrency."
Benchify,B2B,US,,Early,0.0,4.0,2.0,Instantly Repair LLM-Generated Code
Benchling,B2B,US,,Growth,0.0,750.0,1.0,Unlocking the power of biotech with modern software for modern science
Benchmark,B2B,US,,Early,0.0,5.0,2.0,The trusted AI platform for investment firms
Benepass,B2B,US,,Early,0.0,45.0,3.0,Fintech for corporate compensation
Bensen,B2B,US,,Early,0.0,2.0,2.0,Online and phone ordering for restaurant takeout and delivery
Benson,Fintech,US,,Early,0.0,3.0,1.0,Easily invest like the rich
Bento,B2B,US,,Early,0.0,0.0,2.0,In product customer activation
Bentocart,Consumer,US,,Early,0.0,3.0,2.0,Last-mile delivery for perishables.
Berbix,B2B,US,,Growth,0.0,39.0,2.0,Convert more verified users. Instantly & accurately validate user IDs.
Berilium,Fintech,US,,Early,0.0,3.0,3.0,Invest in top Private Equity and Private Credit starting at $10k
Berry,B2B,US,,Early,0.0,8.0,2.0,Scale customer success and onboarding with AI 
Besimple AI,B2B,US,,Early,0.0,2.0,2.0,AI powered data annotation
Better Auth,B2B,US,,Early,0.0,2.0,1.0,The authentication framework for TypeScript
BetterBasket,B2B,US,,Early,0.0,4.0,2.0,The only all-in-one pricing system for grocers
Betterhalf,Consumer,IN,,Early,0.0,25.0,1.0,India’s first and only marriage super app
Better Opinions,Consumer,IN,,Early,0.0,12.0,2.0,Prediction market of India
beU delivery,Consumer,ET,,Early,0.0,300.0,1.0,Food delivery service in Africa
BeWell Digital,Healthcare,IN,,Early,0.0,2.0,2.0,Building the operating system for diagnosis.
Beyond Aero,Industrials,Unknown,,Early,0.0,50.0,3.0,First electric business aircraft designed for hydrogen propulsion
Bezel,B2B,US,,Early,0.0,1.0,1.0,Digital AI humans that model clothes for e-commerce brands.
BharatX,Fintech,IN,,Early,0.0,14.0,4.0,Enable Buy-Now-Pay-Later in a White-Labelled Manner
BHRD,B2B,CA,,Early,0.0,3.0,3.0,"BHRD (""Be Heard"") helps public companies communicate with investors."
Bicycle AI,B2B,IN,,Early,0.0,11.0,1.0,Bicycle AI provides customer support as a service. We work on top of…
Bifrost,Fintech,US,,Early,0.0,4.0,2.0,Wills and Estate Management for Crypto
BiggerPicture,B2B,US,,Early,0.0,5.0,2.0,Scheduling automation platform between trucking and warehousing 
BIK,B2B,IN,,Early,0.0,100.0,2.0,"One stop platform for Marketers to drive acquisitions, retention &…"
Bikanta,Healthcare,US,,Early,0.0,2.0,1.0,Nano-diamonds for cancer detection
Bikry,B2B,IN,,Early,0.0,25.0,2.0,Bikry: Helping SMB's in India go online 
Bilanc,B2B,GB,,Early,0.0,3.0,1.0,The AI Engineering Productivity Platform
Bild AI,Real Estate and Construction,Unknown,,Early,0.0,3.0,2.0,AI that understands construction blueprints
Billforward,Fintech,US,,Early,0.0,8.0,1.0,"Subscription billing, rate plan management and analytics as a…"
BillionToOne,Healthcare,US,,Early,0.0,300.0,2.0,The genetic testing platform detecting and measuring disease.
Bimaplan,Fintech,IN,,Early,0.0,30.0,1.0,Affordable insurance for the next billion Indians
Grid,Consumer,US,,Early,0.0,0.0,3.0,
Bindwell,Industrials,US,,Early,0.0,2.0,2.0,Discovering new pesticides with AI
Binks,Consumer,IN,,Early,0.0,70.0,2.0,"A zero inventory, zero returns factory-to-consumer apparel company"
Biobot Analytics,Government,US,,Early,0.0,12.0,2.0,Population health analytics powered by wastewater.
Biocartesian,Healthcare,US,,Early,0.0,2.0,2.0,Converting biology into digital molecular maps
Biocogniv,Healthcare,US,,Early,0.0,6.0,1.0,
Biodock,Healthcare,US,,Early,0.0,8.0,1.0,Cloud AI microscopy automation
Biographicon,Consumer,Unknown,,Early,0.0,2.0,2.0,
BioRender,B2B,CA,,Early,0.0,205.0,3.0,'Figma/Canva for scientists’
BIOS Health,Healthcare,GB,,Early,0.0,45.0,2.0,Neural interfaces to understand and use nerve data in medicine.
Birch Biosciences,Industrials,US,,Early,0.0,10.0,1.0,We recycle plastic using engineered enzymes
Bird,B2B,NL,,Early,0.0,500.0,3.0,The world’s largest omnichannel communications platform
Birdie,B2B,US,,Early,0.0,2.0,1.0,Connect LinkedIn to your CRM to automate and track LinkedIn outreach.
Bistrobot,B2B,US,,Early,0.0,2.0,1.0,We make robots that make sandwiches.
Bitaccess,Fintech,CA,,Early,0.0,55.0,1.0,We make bitcoin simple. 
BitBoard,Healthcare,US,,Early,0.0,2.0,2.0,The AI workforce for healthcare operations.
Bite Ninja,B2B,US,,Early,0.0,20.0,1.0,Remote labor for restaurants
BiteSight,Consumer,US,,Early,0.0,4.0,2.0,The video-first food delivery app. Imagine TikTok meets DoorDash.
Bitmovin,B2B,US,,Early,0.0,145.0,3.0,Powers OTT online video providers with video developer tools.
Bitnami,B2B,US,,Growth,0.0,75.0,2.0,The App Store for Server Software
BitPatrol,B2B,US,,Early,0.0,1.0,1.0,AI-powered code security
Bitplay,Consumer,US,,Early,0.0,2.0,2.0,"Effortless Video Meetings
- Acquired by Jive Software in 2013"
bitrig,B2B,US,,Early,0.0,3.0,3.0,"Vibe code, test, and deploy Swift apps. All from your iPhone."
Bitrise,B2B,HU,,Early,0.0,243.0,3.0,Hosted Continuous Integration and Delivery for mobile apps
Bits,Fintech,GB,,Early,0.0,15.0,1.0,Bits is a credit card designed to help people build credit
BitSample,B2B,Unknown,,Early,0.0,0.0,1.0,
Bitstack,Fintech,FR,,Early,0.0,16.0,2.0,"All things money, with better money"
Bits to Atoms,Consumer,Unknown,,Early,0.0,3.0,2.0,Match job seekers to roles at deep technology startups.
Bizzy,B2B,US,,Early,0.0,2.0,2.0,Bizzy is omni-channel marketing for ecommerce businesses.
BlackOakTV,Consumer,US,,Early,0.0,2.0,2.0,A video subscription platform serving black viewers and creators.
Blacksmith,B2B,Unknown,,Early,0.0,3.0,3.0,The fastest way to run your GitHub Actions
Blair,Fintech,US,,Early,0.0,10.0,3.0,Financing education through Income Share Agreements
Bland AI,B2B,US,,Early,0.0,52.0,2.0,The enterprise platform for AI phone calls
Blank Bio,Healthcare,US,,Early,0.0,3.0,3.0,RNA-based AI for better drugs and smarter clinical trials.
Blast,B2B,US,,Early,0.0,2.0,2.0,Helping enterprises build safe and compliant LLM apps/agents
Blaxel,B2B,Unknown,,Early,0.0,6.0,6.0,AWS for AI Agents
Blaze,B2B,US,,Early,0.0,10.0,2.0,Marketing automation for the modern world
Blee,Fintech,US,,Early,0.0,6.0,1.0,"Smart, fast, and collaborative compliance reviews "
BlindPay,Fintech,Unknown,,Early,0.0,4.0,4.0,Stablecoin API for global payments
Blink,Industrials,IT,,Early,0.0,5.0,4.0,Same-day delivery for e-commerce companies in Europe.
Blissway,Government,US,,Early,0.0,18.0,2.0,The tolling industry’s prime tech infrastructure
Blitz,B2B,US,,Early,0.0,4.0,1.0,Lovable for non-tech users: Build no-code internal and customer apps
Blitz Esports,Consumer,US,,Early,0.0,11.0,2.0,Blitz breaks down the complex world of esports and offers new…
BlitzIQ,B2B,Unknown,,Early,0.0,0.0,1.0,Note taking workspace for B2B sales teams
Blitzllama,B2B,IN,,Early,0.0,7.0,3.0,A platform to collect and analyze in-product user feedback
Blixo,B2B,US,,Early,0.0,2.0,1.0,Accounts receivable automation to help companies get paid faster 
Blockscope,B2B,US,,Early,0.0,4.0,2.0,Palantir for Web3
Blockspring,B2B,US,,Early,0.0,3.0,2.0,Automate data collection for spreadsheets and productivity tools.
Blockstamp,Industrials,US,,Early,0.0,2.0,2.0,Blockstamp is an asset management software for industrial equipment
Blok,Consumer,US,,Early,0.0,2.0,1.0,A platform for fitness instructors to build their business and…
Bloom,Fintech,US,,Early,0.0,8.0,1.0,Investing app that teaches you how to invest
BloomAPI,Healthcare,US,,Early,0.0,7.0,2.0,BloomAPI helps doctors share clinical data. Today most healthcare…
Bloom Institute of Technology,Education,US,,Early,0.0,50.0,2.0,The online coding school that invests in you.
BloomThat,Consumer,US,,Growth,0.0,11.0,3.0,Uber for Flowers.
bloop,B2B,US,,Early,0.0,10.0,2.0,Modernising legacy code with AI
Blue,Consumer,US,,Early,0.0,4.0,3.0,The first voice assistant that can control every app on your iPhone
Blueberry Pediatrics,Healthcare,US,,Early,0.0,15.0,1.0,24/7 pediatric clinic in every family's living room
Bluebirds,B2B,US,,Early,0.0,6.0,2.0,Automate outbound with signals
Bluebook,B2B,US,,Early,0.0,4.0,3.0,AI for accounting
BlueCargo,B2B,US,,Early,0.0,35.0,2.0,The automated solution for complex freight transactions.
Bluecrew,B2B,US,,Early,0.0,100.0,2.0,Bluecrew is a web based staffing agency.
Bluedot,Fintech,US,,Early,0.0,11.0,2.0,Bluedot is a single payment platform for EV drivers and fleets.
Blue Frog Gaming,Consumer,US,,Growth,0.0,11.0,1.0,
BlueHill Payments,Fintech,US,,Early,0.0,2.0,2.0,Expanding Payment Flexibility and Lowering Rates for Merchants
Bluejay,B2B,Unknown,,Early,0.0,3.0,2.0,The world's first quality assurance agency for voice & text AI.
Bluelight,B2B,US,,Early,0.0,3.0,2.0,"Analytics, built for the trades."
Blue Onion,B2B,US,,Early,0.0,27.0,3.0,Financial data layer for AI-powered finance and accounting
Blueshoe,B2B,US,,Early,0.0,2.0,2.0,The AI platform for legal reasoning
Bluesmart,Consumer,US,,Growth,0.0,51.0,1.0,Bluesmart makes smart luggage powered by an app to empower people to…
Blume Benefits,Fintech,US,,Early,0.0,3.0,3.0,The AI copilot for health insurance brokers.
BLUUMBIO,Healthcare,US,,Early,0.0,4.0,1.0,We make bacteria and plants that clean up pollution.
Blyss,B2B,US,,Early,0.0,2.0,2.0,End-to-end encrypted AI.
Boardcave,Consumer,AU,,Early,0.0,6.0,2.0,Building the world’s largest online surf gear store.  
Bobidi,B2B,US,,Early,0.0,7.0,1.0,Restaurant Loyalty Using Quiz
Bodyport,Healthcare,US,,Growth,0.0,19.0,2.0,Predicting and preventing heart disease.
BODYSIM by Well Principled,Healthcare,US,,Early,0.0,10.0,3.0,Gain Muscle and Shed Fat with a Digital Twin of Your Body
boitas.com,B2B,MX,,Early,0.0,35.0,2.0,Largest B2B eCommerce platform for SMBs in Latin America. 
BoldVoice,Consumer,US,,Early,0.0,7.0,2.0,Speech and accent coaching app for non-native English speakers
Bolster,Real Estate and Construction,CA,,Early,0.0,120.0,1.0,"The platform for buying, selling and managing residential construction"
Bolto,B2B,US,,Early,0.0,6.0,3.0,AI Driven All-In-One Global HR Solution
Bond,B2B,US,,Early,0.0,2.0,1.0,"Building Donna, your AI Chief of Staff"
Bonfire,B2B,CA,,Growth,0.0,95.0,2.0,Bonfire is reimagining RFPs & bidding for gov procurement teams
Bonsai,B2B,US,,Early,0.0,25.0,1.0,The all-in-one solution for small businesses and self-employed.
BookMyFlight,Consumer,US,,Early,0.0,2.0,2.0,We're making booking a flight as easy as booking an Uber.
BookSolid,B2B,Unknown,,Early,0.0,0.0,1.0,BookSolid is the opentable for tour operators.
Booktrope,B2B,US,,Early,0.0,51.0,3.0,Booktrope provides a software platform that makes it easy for…
Boom,Industrials,US,,Early,0.0,227.0,1.0,Economically and environmentally sustainable supersonic travel
Boost Biomes,Industrials,US,,Growth,0.0,12.0,2.0,
Boosted,Consumer,US,,Growth,0.0,51.0,3.0,"Simple, fun, and fast electric vehicles."
Boostly,B2B,US,,Early,0.0,50.0,2.0,Gamified marketing for restaurants
Boost Robotics,Industrials,US,,Early,0.0,2.0,2.0,Robots for the inspection and maintenance of data centers
Booth AI,B2B,Unknown,,Early,0.0,3.0,2.0,Generative AI Photographer for E-Commerce
BootLoop,B2B,US,,Early,0.0,2.0,2.0,"Firmware in minutes, not months - rigorously tested on real hardware"
Bop.fm,Consumer,US,,Growth,0.0,2.0,2.0,Canonical permalinks for songs.
borong,B2B,MY,,Early,0.0,80.0,3.0,borong is a SaaS-enabled marketplace that connects brands like…
BotBuilt,Industrials,US,,Early,0.0,8.0,3.0,We use robots to build houses.
BotCity,B2B,US,,Early,0.0,35.0,2.0,Observability and Governance for AI-Generated Python scripts.
Botin,Fintech,CR,,Early,0.0,3.0,3.0,Investment super app for Latin America
Bot MD,Healthcare,SG,,Growth,0.0,15.0,2.0,AI Clinical Assistant for Doctors
Boton,B2B,PA,,Early,0.0,3.0,2.0,Accounting software with an AI agent
Bottomless,Consumer,US,,Early,0.0,2.0,2.0,Building the first sensor enabled marketplace for repeat purchases
Bouncer,B2B,US,,Early,0.0,2.0,2.0,SDK for scanning and verifying credit cards and photo IDs in mobile…
Boundary,B2B,US,,Early,0.0,5.0,2.0,The programming language for AI
Boundo,B2B,US,,Early,0.0,2.0,2.0,"Using generative AI to 10x outbound sales, all on autopilot!"
Bountiful,Industrials,US,,Early,0.0,4.0,1.0,An Operating System for agriculture.
Bountii,Consumer,US,,Early,0.0,2.0,2.0,
boxouse,Real Estate and Construction,US,,Early,0.0,2.0,1.0,"portable, affordable, beautiful smart homes"
Boya,Fintech,KE,,Early,0.0,9.0,2.0,Corporate Expense cards and Spend management for businesses in Africa
Brace,B2B,US,,Early,0.0,0.0,1.0,Backlift allows front-end only developers to build entire websites…
Bracket,B2B,US,,Early,0.0,3.0,3.0,Two-way syncs between business tools and your database
Brainbase Labs,B2B,US,,Early,0.0,5.0,1.0,Applied AI research lab enabling the global AI workforce
Brainboard,B2B,US,,Early,0.0,12.0,2.0,Visually design and manage cloud infrastructures.
BrainHi,Healthcare,PR,,Early,0.0,18.0,2.0,Automated receptionist that answers missed calls for local businesses 
BrainKey,Healthcare,US,,Early,0.0,20.0,1.0,Brain Longevity: We quantify brain health
BrainTripping,Consumer,Unknown,,Early,0.0,1.0,1.0,
Bramante Biologics,Healthcare,US,,Early,0.0,2.0,2.0,American drug manufacturing
Branch8,B2B,HK,,Early,0.0,15.0,1.0,Branch8 helps sellers to list and manage products on e-commerce…
Branch AI,B2B,SG,,Early,0.0,3.0,2.0,"AI Overview Search, as a Service"
Brave Care,Healthcare,US,,Early,0.0,90.0,4.0,"Modern healthcare for kids. Pediatric Primary, Urgent & Remote Care."
Breadcrumbs.io,B2B,US,,Early,0.0,20.0,3.0,No-code scoring engine identifying your most engaged upsell opps
Breadfast,Consumer,EG,,Early,0.0,6000.0,3.0,"Household needs, from bread to everything."
Breaker,Consumer,US,,Early,0.0,1.0,1.0,A podcast company.
Breathe Well-being,Healthcare,IN,,Growth,0.0,15.0,2.0,A digital well-being program to help people prevent or manage chronic…
Bree,Fintech,CA,,Early,0.0,2.0,2.0,"Chime for Canada, starting with cash advances"
Breezeful,Fintech,CA,,Early,0.0,6.0,2.0,"An online mortgage broker. Get the best mortgage, fast."
Brevy,B2B,Unknown,,Early,0.0,8.0,3.0,Empower your customer service team through AI & automation.
Brewit,B2B,US,,Early,0.0,4.0,3.0,Conversational data analytics for every team
Brex,Fintech,US,,Early,0.0,1000.0,2.0,"Business accounts, corporate cards, and spend management software."
Brick Health,Healthcare,US,,Early,0.0,1.0,1.0,Building infrastructure to expand scope and quality of virtual care
BricksAI,B2B,US,,Early,0.0,2.0,2.0,Streamlining LLM application management for enterprises
Bridgecard,Fintech,NG,,Early,0.0,5.0,2.0,Card issuer for Africa
Briefer,B2B,BR,,Early,0.0,2.0,2.0,The collaborative data platform.
Bright,Industrials,MX,,Early,0.0,100.0,1.0,Sunrun for the developing world
Brighterway,Healthcare,Unknown,,Early,0.0,14.0,2.0,Streamlining the record review process for physicians in medlegal…
BrioHR,B2B,MY,,Early,0.0,35.0,2.0,All-in-one HR management platform for SMEs
Bristle,Healthcare,US,,Early,0.0,6.0,3.0,"At-home oral health testing, coaching & care"
Brite,B2B,US,,Early,0.0,15.0,3.0,Software that helps employees pick their employee benefits.
Broad,Fintech,GB,,Early,0.0,5.0,2.0,The multicurrency account and card for Brazilians
Broccoli AI,B2B,US,,Early,0.0,11.0,2.0,AI-native operating system for home service businesses
Bronco AI,B2B,US,,Early,0.0,5.0,2.0,AI for ASIC Design Verification
Brown Foods,Healthcare,US,,Early,0.0,5.0,3.0,Making 'REAL' Milk without any Cows!
Browser Buddy,Consumer,US,,Early,0.0,2.0,3.0,Internet discovery engine
BrowserOS,Consumer,US,,Early,0.0,2.0,2.0,Open source Agentic Browser
Browser Use,B2B,US,,Early,0.0,2.0,2.0,Leading open-source web agent project with 50k stars in 3 months
Brushes,B2B,Unknown,,Early,0.0,0.0,2.0,iPad drawing software.
Bucket Robotics,Industrials,Unknown,,Early,0.0,4.0,1.0,Defect detection for manufacturing built from CAD and synthetic data.
Bueno Finance,Fintech,IN,,Early,0.0,18.0,2.0,Building Chime for India
BufferBox,Consumer,CA,,Early,0.0,2.0,3.0,The future of package delivery. We are building a network of…
BuildBuddy,B2B,US,,Early,0.0,15.0,2.0,BuildBuddy provides enterprise features for Bazel — the open source…
BuildJet,B2B,DE,,Early,0.0,2.0,2.0,High-performance computing cloud
BuildScience,Real Estate and Construction,US,,Early,0.0,1.0,1.0,The operating system for commercial buildings.
buildspace,Education,US,,Early,0.0,5.0,1.0,we're the place where people build cool shit.
BuildStream,Real Estate and Construction,GB,,Early,0.0,9.0,2.0,Workforce solutions for the construction industry
BuildZoom,Consumer,US,,Growth,0.0,100.0,2.0,BuildZoom is a better way to remodel. We connect homeowners to the…
Bujeti,B2B,NG,,Early,0.0,10.0,2.0,Corporate cards and expenses management platform for African…
BukuWarung,Fintech,ID,,Early,0.0,250.0,1.0,"Accounting, Payments & Credit app for 60M micro-businesses in…"
Bulk MRO Industrial Supply,B2B,US,,Early,0.0,170.0,2.0,Full Stack Fintech and Supply Chain Platform for Global Trade
Bulldozair,Real Estate and Construction,FR,,Early,0.0,8.0,2.0,Construction management platform 
Bulletin,B2B,US,,Growth,0.0,15.0,2.0,Helping retailers discover and shop the best brands on the planet
Bump,Consumer,US,,Early,0.0,30.0,2.0,"Bump, Flock, Photoroll (unreleased) => Google Photos"
Secured,Consumer,GB,,Growth,0.0,12.0,2.0,"Tools for Sneaker, NFT & web3 investors"
Bumpline,Healthcare,US,,Early,0.0,2.0,2.0,Captain Tailor is the Uber for tailoring. 
Bun,B2B,US,,Early,0.0,13.0,1.0,Bun is an incredibly fast all-in-one JavaScript toolkit
Bunkerhill Health,Healthcare,US,,Early,0.0,30.0,2.0,"We bring AI algorithms, built by researchers everywhere, to the clinic"
Bunkyr,B2B,US,,Early,0.0,3.0,1.0,Zero-Knowledge security without seed phrases or backup codes
Bunting Labs,B2B,US,,Early,0.0,2.0,2.0,Digitize geospatial data locked on paper and in PDFs 
Buoyant Aero,Industrials,US,,Early,0.0,2.0,1.0,Bringing back blimps
burnt,B2B,US,,Early,0.0,3.0,3.0,Agentic Operating System for Food Supply Chain
Burrow,Consumer,US,,Early,0.0,60.0,2.0,"A design brand creating innovative, award winning furniture."
Bus.com,B2B,CA,,Early,0.0,90.0,2.0,The easiest way to charter a bus in North America.
BusinessOnBot,B2B,IN,,Early,0.0,25.0,3.0,Automated user acquisition & selling on WhatsApp for businesses
Buster,B2B,US,,Early,0.0,3.0,2.0,Open source AI data analysts
Butter,B2B,Unknown,,Early,0.0,1.0,1.0,Behavioral Cache for Agents
Buttercoin,Fintech,US,,Early,0.0,11.0,1.0,Bitcoin Marketplace
Butter Systems,B2B,US,,Early,0.0,2.0,2.0,Replacing the paper restaurant menu with an interactive experience at…
Buxfer,Fintech,US,,Early,0.0,1.0,2.0,Buxfer helps you make better spending decisions by making it easy to…
Buy Me a Coffee,Consumer,US,,Early,0.0,30.0,3.0,Helping creators monetize
BuyPower,Industrials,NG,,Growth,0.0,115.0,2.0,Modern bill payment platform for African businesses and consumers.
Buzzle,B2B,US,,Early,0.0,3.0,3.0,Automatic voice-of-customer trends & metrics from sales conversations.
bxblue,Fintech,BR,,Growth,0.0,28.0,3.0,bxblue is a marketplace for people with guaranteed income in Brazil.…
Bystreet,B2B,US,,Early,0.0,4.0,3.0,Source deals with AI research agents
Byte,Consumer,PK,,Early,0.0,30.0,1.0,On-demand food delivery from dark kitchens in Pakistan.
Bytebot,B2B,US,,Early,0.0,3.0,1.0,Bytebot is the open source container for AI desktop agents.
Byte Kitchen,Consumer,US,,Early,0.0,5.0,3.0,Increasing restaurant profitability through our AI Operating System
C16 Biosciences,Healthcare,US,,Early,0.0,35.0,3.0,"Next-gen ingredients to decarbonize consumer products, starting w/…"
Cabal,B2B,US,,Early,0.0,8.0,1.0,"Private workspace for founders, investors, and advisors to collaborate"
Cacao,Fintech,BR,,Early,0.0,3.0,3.0,The Global Dollar App for Brazil
Cache,Consumer,US,,Early,0.0,2.0,2.0,"Online convenience stores fulfilled by tiny, automated dark stores."
Cactus,B2B,Unknown,,Early,0.0,3.0,2.0,AI inference engine for phones & AI-native devices
Cadence,B2B,US,,Early,0.0,2.0,2.0,Delightful team-building events for remote companies
Caelum Health,Healthcare,US,,Early,0.0,2.0,2.0,Caelum Health is replacing drugs with software. We use behavioral…
Café,B2B,FR,,Early,0.0,10.0,2.0,Your Workplace Engagement Hub
Caire Health,Healthcare,US,,Early,0.0,3.0,3.0,Semi-Autonomous Diagnostics for Emergent Care
Cair Health,Healthcare,Unknown,,Early,0.0,6.0,2.0,Predictive analytics and automation for medical claims
Cairns Health,Healthcare,US,,Early,0.0,17.0,3.0,Your voice. Your health. We care.
Cakework,B2B,US,,Early,0.0,2.0,1.0,API that adds cloud hosting to any developer platform
California Dreamin,Consumer,US,,Early,0.0,2.0,2.0,Cannabis infused beverages
Calii,Consumer,MX,,Early,0.0,750.0,2.0,Full-stack grocery delivery in LatAm
Call9,Healthcare,US,,Growth,0.0,51.0,1.0,
Callback,B2B,US,,Early,0.0,2.0,2.0,AI-native business process outsourcing
Calltree,B2B,US,,Early,0.0,5.0,2.0,Enterprise-grade AI support reps for call centers
Camber,Healthcare,US,,Early,0.0,70.0,3.0,Admin automation for healthcare
Cambio,Real Estate and Construction,US,,Early,0.0,16.0,2.0,Real estate capital planning and compliance made simple
CambioML,B2B,Unknown,,Early,0.0,3.0,1.0,AI Teammate to Enable Every Knowledge Worker to Be a Top Performer
Cambly,Education,US,,Early,0.0,200.0,2.0,On-demand access to English tutors over video chat.
Cambridge Cancer Genomics,Healthcare,GB,,Early,0.0,25.0,4.0,CCG.ai empowers clinicians to make personalised treatment strategies…
camelAI,B2B,US,,Early,0.0,3.0,3.0,AI Business Intelligence agent. Get actionable insights in minutes.
Camlist,Consumer,GB,,Early,0.0,5.0,2.0,The super app for pets
camfer,B2B,US,,Early,0.0,4.0,3.0,Building the world’s first AI mechanical engineer.
Camp,Consumer,US,,Early,0.0,3.0,3.0,A Nouns DAO governance client
Campfire,B2B,US,,Early,0.0,8.0,1.0,A modern version of NetSuite
Canary Technologies,B2B,US,,Early,0.0,150.0,2.0,Modernizing the hospitality tech stack. 
Candidate.ly,B2B,US,,Early,0.0,9.0,4.0,The digital storefront for staffing and recruiting teams.
Candid Health,Healthcare,US,,Early,0.0,125.0,1.0,The revenue cycle automation platform.
Candle,Consumer,US,,Early,0.0,2.0,2.0,Candle helps couples and friends grow closer daily in just 5 minutes.
Candor,Government,US,,Early,0.0,2.0,2.0,We help companies win government funding with AI
CandorIQ,B2B,Unknown,,Early,0.0,4.0,2.0,Headcount & Compensation Management
Candytrail,B2B,US,,Early,0.0,2.0,2.0,"AI agents for in-person sales teams, starting with coaching"
Canix,B2B,US,,Growth,0.0,22.0,1.0,Canix makes it easy to get and stay compliant as a cannabis business.
Can of Soup,Consumer,Unknown,,Early,0.0,2.0,2.0,AI photos of you and your friends
Canopi,B2B,US,,Early,0.0,0.0,2.0,API to measure and eliminate carbon emissions
Canopy Labs,B2B,US,,Early,0.0,11.0,2.0,Canopy Labs automates customer analytics for small and medium-sized…
Canvas,B2B,Unknown,,Early,0.0,3.0,1.0,The AI GTM Engineer
Capacitive,B2B,US,,Early,0.0,2.0,2.0,The AI Agent Platform for Knowledge Workers.
Caper,B2B,Unknown,,Growth,0.0,15.0,3.0,Plug-and-play cashier-less retail powered by computer vision and AI
Capi Money,Fintech,GB,,Early,0.0,40.0,2.0,Helping businesses in emerging markets make pay their international…
Capitol AI,B2B,US,,Early,0.0,11.0,2.0,Capitol is a custom perplexity for every website in the world.
Capix,Fintech,US,,Early,0.0,5.0,1.0,AI-powered private equity intelligence.
CAPSULE,Consumer,US,,Early,0.0,4.0,2.0,Buy anything you find on social media
CaptivateIQ,B2B,US,,Early,0.0,280.0,3.0,"Agile commission software to design, deploy & adapt commission plans."
Capture,B2B,US,,Early,0.0,4.0,4.0,"All your notes, tasks, and files in one super-fast workspace."
CapWay,Fintech,US,,Early,0.0,9.0,1.0,Inclusive financial technology service provider.
Capy,B2B,US,,Early,0.0,4.0,2.0,AI Software Engineer
Carbic,Industrials,US,,Early,0.0,8.0,2.0,using ultrasonics + ml to analyze fluid behavior at infrastructure…
Carbon-12 Labs,Fintech,Unknown,,Early,0.0,0.0,1.0,A Global Payouts API for Startups
CarbonChain,Industrials,GB,,Early,0.0,16.0,2.0,We help companies automate the accounting of their carbon emissions
Carbon Crusher,Industrials,NO,,Early,0.0,21.0,3.0,We make carbon negative roads 
Carbonfact,Industrials,FR,,Early,0.0,22.0,3.0,Decarbonizing the fashion industry
Cardamon,B2B,US,,Early,0.0,2.0,2.0,AI compliance co-pilot for regulated financial businesses
CarDash,Consumer,US,,Early,0.0,12.0,1.0,Managed marketplace for automotive services. 
Cardda,Fintech,CL,,Early,0.0,5.0,2.0,All-in-one spend management for businesses in Latam
Cardinal,B2B,US,,Early,0.0,3.0,2.0,Your AI product backlog
Cardinal Gray,Fintech,US,,Early,0.0,3.0,3.0,Automating lenders' interactions with the DMV
Cardpool,Consumer,US,,Early,0.0,251.0,1.0,
careCycle,B2B,US,,Early,0.0,2.0,2.0,Voice AI teams for medicare agencies.
Careerist,Education,US,,Growth,0.0,100.0,3.0,Learning platform for job seekers with job applications automation
CareerTu,Education,US,,Early,0.0,15.0,3.0,Online school for Chinese to learn in-demand digital skills 
CareLedger,Healthcare,US,,Early,0.0,0.0,3.0,CareLedger helps companies save money on healthcare expenses by…
CareMessage,Healthcare,US,,Early,0.0,45.0,2.0,Patient engagement for low-income populations
CareOasis,Healthcare,US,,Early,0.0,2.0,2.0,Get Paid for Family Caregiving
CareRev,Healthcare,US,,Early,0.0,275.0,2.0,Seamlessly connecting healthcare facilities and professionals through…
CareSwift,Healthcare,US,,Early,0.0,3.0,3.0,AI scribe for Ambulance Reports
Care Weather,Industrials,US,,Early,0.0,2.0,2.0,The highest-accuracy global weather data from low-cost flat satellites
Cargo,B2B,US,,Early,0.0,6.0,2.0,Build your GTM workforce
Caribou,Fintech,GB,,Early,0.0,5.0,1.0,Transfer Pricing & Intragroup agreements for global companies
Carlypso,Consumer,US,,Early,0.0,11.0,2.0,Used car marketplace
Carma,B2B,US,,Early,0.0,11.0,2.0,Same-Day Auto Repair for Commercial Fleets.
Carousel Technologies,B2B,US,,Early,0.0,3.0,2.0,AI Assistant for Excel
Carrot Fertility,Healthcare,US,,Early,0.0,0.0,2.0,Customized fertility benefits for modern companies. 
Carsabi,Consumer,US,,Early,0.0,2.0,1.0,Carsabi is the search engine for used cars
Cartage,B2B,US,,Early,0.0,8.0,2.0,Autonomous freight coordination
Cartcam,Consumer,Unknown,,Early,0.0,1.0,1.0,"Cartcam is an app for opinionated, deal-seeking shoppers.  It gives…"
Cartpanda,B2B,BR,,Early,0.0,60.0,1.0,Global online sales platform
CARUPI,Consumer,BR,,Early,0.0,50.0,1.0,CARUPI is the world's 1st managed P2P marketplace for used cars
CarWoo,Consumer,US,,Early,0.0,11.0,3.0,The best way to buy a new car.
Casca,Fintech,US,,Early,0.0,28.0,2.0,Make Banking Magical
Cascade Space,Industrials,Unknown,,Early,0.0,3.0,2.0,Deep space communications as a service
Casco,B2B,Unknown,,Early,0.0,5.0,2.0,Autonomous security testing for AI systems
Caseflood.ai,B2B,US,,Early,0.0,3.0,3.0,the AI inbound sales team for law firms
Casetext,B2B,US,,Growth,0.0,50.0,1.0,We make the world's laws free and understandable. 
Cashboard,B2B,US,,Early,0.0,6.0,1.0,Inventing the solo CFO.
CashBook,B2B,Unknown,,Early,0.0,4.0,2.0,Ramp for Indian Businesses - UPI Wallets for Employee Expenses
Cash Flow Portal,Real Estate and Construction,US,,Early,0.0,19.0,1.0,Investment management platform for real estate
Cashfree Payments,Fintech,IN,,Early,0.0,200.0,2.0,Next-gen digital payments provider for India.
Cashmere,Fintech,US,,Early,0.0,3.0,1.0,Crypto wallet for web3 startups
Casixty,B2B,Unknown,,Early,0.0,2.0,1.0,Reddit Marketing Agent for technical audiences
Castia,Real Estate and Construction,CO,,Early,0.0,50.0,3.0,Built Rewards for Latam. Pay Rent and get benefits.
Castle,Real Estate and Construction,US,,Early,0.0,11.0,3.0,Castle manages rental homes using automation and on-demand labor.
Castled.io,B2B,IN,,Early,0.0,8.0,4.0,Customer Engagement software on top of BigQuery/Snowflake
Catamaran,Fintech,GB,,Early,0.0,5.0,2.0,The AI-powered risk decision platform 
Catch,Fintech,US,,Growth,0.0,18.0,2.0,Benefits for independent workers.
Catena Biosciences,Healthcare,US,,Early,0.0,7.0,2.0,Using protein coupling to build new therapies
Caucus,Government,Unknown,,Early,0.0,3.0,2.0,AI CRM for Government
Caviar,Consumer,US,,Growth,0.0,51.0,4.0,Uber for food.
CB Therapeutics,Healthcare,US,,Early,0.0,18.0,2.0,Fermentation-derived natural products to solve health problems 
Cedalio,B2B,US,,Early,0.0,6.0,3.0,Turn your utility bills into smart decisions with AI
Cedana,B2B,US,,Early,0.0,5.0,2.0,"Fast, reliable, reproducible AI with GPU live migration"
Cedar,B2B,Unknown,,Early,0.0,2.0,2.0,The open source copilot for any app
Cekura,B2B,US,,Early,0.0,5.0,3.0,Voice AI and Chat AI agents: Testing and Observability
Celery,B2B,US,,Early,0.0,11.0,3.0,Celery is a platform for pre-orders (www.trycelery.com). Accept…
Celest,B2B,US,,Early,0.0,1.0,1.0,The Vercel of Flutter
Cellbyte,Healthcare,DE,,Early,0.0,3.0,1.0,AI Agents for Pharma Drug Launches
CellChorus,Healthcare,US,,Early,0.0,4.0,2.0,The dynamic single-cell analysis company
Cenote,Healthcare,US,,Early,0.0,3.0,3.0,Automate back office tasks for medical clinics
Centauri AI,Fintech,Unknown,,Early,0.0,5.0,3.0,The Modern ETL and Data Science Platform for Finance
Centaur Labs,Healthcare,US,,Early,0.0,31.0,3.0,Labeling medical data at scale
Central,B2B,US,,Early,0.0,15.0,3.0,"Payroll, benefits, state compliance & other bullsh*t for startups"
Centralize,B2B,US,,Early,0.0,6.0,2.0,The AI-powered deal collaboration platform for high ACV revenue teams
Cercli,B2B,Unknown,,Early,0.0,22.0,2.0,Rippling for Middle East & North Africa
Cerebrium,B2B,US,,Early,0.0,4.0,2.0,Serverless Infrastructure Platform for AI
Cero,B2B,CL,,Early,0.0,10.0,3.0,Automated communication between hospitals and patients in Latam
Cerrion,Industrials,CH,,Early,0.0,9.0,2.0,Video AI to automatically detect and respond to production line…
Certainly Health,Healthcare,Unknown,,Early,0.0,2.0,1.0,Marketplace to book doctors and avoid surprise bills
Certus AI,B2B,US,,Early,0.0,3.0,3.0,Replacing the restaurant phone line with Voice AI
Cerulion,B2B,Unknown,,Early,0.0,2.0,2.0,Open source operating system for robots
Chaldal,Consumer,BD,,Early,0.0,2886.0,3.0,
Channel3,B2B,US,,Early,0.0,2.0,2.0,Database of every product on the internet
Chaos Genius,B2B,US,,Early,0.0,10.0,1.0,DataOps Observability Platform for Snowflake
Charge Robotics,Industrials,US,,Early,0.0,25.0,2.0,Robots that build solar farms
Charge Running,Consumer,US,,Growth,0.0,3.0,1.0,"Provides live, virtual running classes to runners all around the world"
Chari,Consumer,MA,,Early,0.0,100.0,2.0,B2B e-commerce and fintech platform for traditional proximity stores 
Chariot,Consumer,US,,Early,0.0,501.0,1.0,The world's first private mass transit service providing a commuting…
Charityvest,Fintech,US,,Early,0.0,9.0,2.0,"A premier charitable giving account, for everyone."
Chart,Fintech,Unknown,,Early,0.0,3.0,1.0,Realtime Access to Verified Tax Records
Chartio,B2B,US,,Growth,0.0,40.0,1.0,Chartio is changing how companies work by building the best…
Chaser,B2B,US,,Early,0.0,2.0,2.0,No code app builder. 
Chatfuel,B2B,US,,Growth,0.0,53.0,2.0,Platform to easily create chatbots to engage with audiences on…
Hubla,B2B,BR,,Early,0.0,86.0,4.0,All-in-one platform for creators to sell courses and subscriptions
Chatter,B2B,US,,Early,0.0,2.0,2.0,Dead simple LLM testing and iteration
Chatwoot,B2B,US,,Early,0.0,9.0,2.0,"The modern, open source, self-hosted AI customer support platform"
Checkars,Consumer,AR,,Early,0.0,45.0,2.0,E-commerce site where you can buy certified used-cars in Latin America
Checkr,B2B,US,,Early,0.0,800.0,2.0,People infrastructure for the future of work
Cheddar,Fintech,Unknown,,Early,0.0,2.0,2.0,The Best Mobile Checking Account
Cheers,B2B,US,,Early,0.0,2.0,1.0,Reputation engineering for frontline brands
Cheetah,B2B,US,,Early,0.0,2.0,1.0,"Fastest, easiest, and most affordable way for small business owners…"
Cheqout,Fintech,US,,Early,0.0,6.0,2.0,Mobile ordering & payments for Brick & Mortars
CheqUPI,Fintech,IN,,Early,0.0,15.0,2.0,India's first UPI wallet for foreign nationals and NRIs
Cherry,B2B,US,,Early,0.0,2.0,2.0,Cherry lets employees choose their own workplace perks.
Cherry Recommends,B2B,SG,,Early,0.0,6.0,2.0,Promotion management platform
Chestnut,Fintech,US,,Early,0.0,1.0,1.0,The first AI mortgage lender
Chillabit,Consumer,US,,Early,0.0,3.0,5.0,Chillabit is the best way to procrastinate! It’s a live feed of funny…
Chima,B2B,US,,Early,0.0,7.0,2.0,Building infrastructure tools to help large companies customize their…
Chipax,B2B,CL,,Early,0.0,37.0,4.0,Quickbooks for SMBs in Latam
Chiron,Education,US,,Early,0.0,2.0,2.0,Grammarly for Math ✏️
Chirply,Consumer,US,,Early,0.0,2.0,2.0,Crowdsourced design marketplace for paper goods.
Chonkie,B2B,Unknown,,Early,0.0,2.0,2.0,Open Source Data Ingestion For AI
Choppy!,Consumer,US,,Early,0.0,2.0,2.0,FAST FLAVORFUL PROTEIN
Chordio,B2B,US,,Early,0.0,4.0,2.0,AI-powered design reviews that guard your standards
Chorrie,Healthcare,US,,Early,0.0,3.0,2.0,Intelligent automation for healthcare
Chorus Sleep,B2B,US,,Early,0.0,4.0,3.0,Mobile app and coaching program that helps employees sleep better
Chow Central Inc,Consumer,NG,,Early,0.0,0.0,3.0,Asset Light Chipotle for Africa
Chowdeck,Consumer,NG,,Early,0.0,14.0,3.0,On-demand food delivery for Africa
chrt,B2B,Unknown,,Early,0.0,2.0,2.0,chrt is a logistics platform for time-critical shipping
Chunkr,B2B,Unknown,,Early,0.0,3.0,3.0,Open source API service to parse complex documents
Chute,B2B,US,,Growth,0.0,11.0,2.0,Discover the photos and videos people are taking of your brand or…
Chutney Inc,B2B,IN,,Early,0.0,5.0,2.0,Autonomous AI agents to conduct user interviews for product managers
Cifrato,B2B,CO,,Early,0.0,0.0,1.0,AI Accountant for Retail
Cinapse,B2B,US,,Early,0.0,2.0,2.0,The Operating System of Hollywood
Cinder,Consumer,US,,Early,0.0,2.0,2.0,The World’s First Countertop Precision Grill –  using two ceramic…
Circa,B2B,US,,Early,0.0,21.0,1.0,Event marketing CRM
Circleback,B2B,Unknown,,Early,0.0,6.0,2.0,AI-powered meeting notes and automations
Circle Medical,Healthcare,Unknown,,Early,0.0,153.0,3.0,Modern primary care via video and in-person
Circlemind,B2B,Unknown,,Early,0.0,2.0,2.0,Circlemind makes general AI agents
CircuitHub,Industrials,GB,,Early,0.0,58.0,1.0,On-Demand Electronics Manufacturing
CircuitLab,B2B,US,,Early,0.0,2.0,2.0,Online circuit simulator and electronic schematic editor.
Circular,Consumer,SG,,Early,0.0,25.0,4.0,Subscription consumer electronics for Asia
Circumvent,Healthcare,Unknown,,Early,0.0,6.0,1.0,Utilizing monogenic disorders to inform and solve highly complex…
Ciro,B2B,US,,Early,0.0,5.0,3.0,Build the perfect prospect list in <5min with AI
Cisterna Biologics,Healthcare,US,,Early,0.0,2.0,1.0,High quality mRNA for therapeutic application
Citus Data,B2B,US,,Growth,0.0,45.0,1.0,Real-time. Big data. PostgreSQL
Cityfurnish,Consumer,IN,,Early,0.0,90.0,2.0,Cityfurnish - Commitment-free furniture rentals for a better you!
Clad,Real Estate and Construction,US,,Early,0.0,5.0,1.0,Construction software for building infrastructure.
Clado,B2B,US,,Early,0.0,7.0,2.0,Deep Research for People
Claim Health,Healthcare,Unknown,,Early,0.0,2.0,2.0,The first AI revenue platform for post-acute healthcare
ClaimSorted,Fintech,Unknown,,Early,0.0,20.0,2.0,Making it easy for insurance companies to process claims
Claimspotting,Consumer,Unknown,,Early,0.0,0.0,4.0,Claim and conquer your city
Clara,Healthcare,US,,Early,0.0,5.0,2.0,"Helping families discover, hire, and manage in-home caregivers"
Clara Labs,B2B,US,,Growth,0.0,20.0,2.0,Clara is a human-in-the-loop assistant that helps automate repetitive…
Clarion,Healthcare,US,,Early,0.0,6.0,2.0,The AI communication layer for healthcare
Clarm,B2B,Unknown,,Early,0.0,2.0,2.0,Perplexity for internal docs
Clarum,B2B,US,,Early,0.0,3.0,2.0,"Investment Due Diligence & Research, Accelerated by AI."
ClassDojo,Education,US,,Early,0.0,100.0,2.0,"Communication app for K-8 teachers, kids, and families"
Clau,Real Estate and Construction,MX,,Early,0.0,90.0,2.0,The real estate superapp for Mexico
Clay,B2B,Unknown,,Early,0.0,5.0,2.0,Figma for 3D design
Clayboard,B2B,US,,Early,0.0,4.0,2.0,"Create active, collaborative learning experiences "
Cleancard,Healthcare,US,,Early,0.0,12.0,2.0,Making cancer detection as easy as a pregnancy test
Cleanly,Consumer,US,,Early,0.0,40.0,3.0,Laundry & Dry Cleaning delivered.
Clear,Consumer,GB,,Early,0.0,2.0,1.0,The social commerce app for skincare.
ClearBrain,B2B,US,,Early,0.0,10.0,2.0,Causal Analytics for Growth Teams
Clearest Health,Fintech,US,,Early,0.0,3.0,1.0,Rebuilding trust in American health insurance.
Clear Gene,Healthcare,US,,Early,0.0,4.0,1.0,Our tests help eradicate cancer by telling doctors whether they got…
Clear Genetics,Healthcare,US,,Early,0.0,8.0,3.0,Clear Genetics is scaling delivery of Genomic services
Clearly AI,B2B,US,,Early,0.0,5.0,2.0,Automate security and privacy reviews
ClearMix,B2B,US,,Early,0.0,7.0,2.0,"On-Demand, Fully-Remote Marketing and Sales Video Production Platform"
Clearspace,Consumer,US,,Early,0.0,5.0,2.0,Eliminate compulsive phone usage
Cleon,B2B,US,,Early,0.0,3.0,3.0,AI Agents for Software Implementations
Clerky,B2B,US,,Early,0.0,15.0,2.0,Makes legal paperwork easy for startups and their attorneys.
Cleva,Fintech,NG,,Early,0.0,30.0,2.0,USD banking platform for Africa
Clever,Education,US,,Growth,0.0,210.0,2.0,The platform that powers technology in the classroom.
CleverDeck,Education,TR,,Early,0.0,1.0,1.0,Collaborate with an artist to commission original artwork you'll live…
Clew,B2B,CA,,Early,0.0,2.0,2.0,Unified file system for the cloud. 
Click & Grow,Consumer,US,,Growth,0.0,28.0,1.0,Click & Grow makes indoor urban gardens and farms that take complete…
Clickfacts,B2B,US,,Early,0.0,11.0,3.0,
Clickpass,B2B,US,,Early,0.0,11.0,1.0,
ClickPe,Fintech,IN,,Early,0.0,2.0,2.0,Finance on a Click
clicOH,B2B,AR,,Early,0.0,155.0,3.0,Amazon-like logistics for e-commerce companies in Latam
Clidey,B2B,US,,Early,0.0,3.0,2.0,Documentation made for AI Agents
Clinikally,Healthcare,IN,,Early,0.0,76.0,1.0,India's Telemedicine Platform & Online Pharmacy for Dermatology Care
Clipboard Health,Healthcare,Unknown,,Growth,0.0,600.0,1.0,Connects healthcare facilities with nurses nearby.
ClipDrop,Consumer,FR,,Early,0.0,5.0,3.0,Turn regular mobile photos into professional product visuals
Clip Health,Healthcare,US,,Early,0.0,10.0,2.0,"Testing & treatment at home, in minutes, for chronic & acute disease"
Clodo,Real Estate and Construction,US,,Early,0.0,3.0,3.0,The AI Real Estate Agent
Close,B2B,Unknown,,Early,0.0,20.0,3.0,CRM and sales automation tools for startups and SMBs
Closera,B2B,US,,Early,0.0,2.0,2.0,AI employees for commercial real estate
Closer Sports,Healthcare,Unknown,,Early,0.0,2.0,2.0,Mobile streaming platform connecting professional athletes with their…
Closure,Government,US,,Early,0.0,4.0,2.0,We help law enforcement solve crime
Cloudanix,B2B,US,,Early,0.0,8.0,2.0,Cloud and Container Security Platform
Cloudant,B2B,US,,Growth,0.0,51.0,3.0,NoSQL Database-aaS.  Acquired by IBM in 2014.  Now IBM Cloud Data…
Cloudchipr,B2B,DE,,Early,0.0,8.0,2.0,Workflow Automation for Cloud Operations
CloudCruise,B2B,US,,Early,0.0,3.0,2.0,The developer platform for fast and reliable browser agents
Cloudglue,B2B,US,,Early,0.0,3.0,1.0,Developer APIs to let your AI/LLM understand videos and audio.
cloud humans,B2B,BR,,Early,0.0,30.0,3.0,AI-powered customer service for startups
Cloudkick,B2B,US,,Early,0.0,11.0,1.0,
Cloudstitch,B2B,US,,Early,0.0,4.0,2.0,Power your website with Google Spreadsheets.Acquired by Instabase…
Cloudthread,B2B,US,,Early,0.0,8.0,1.0,Eliminate Cloud Waste. Attribute and Track Savings. Engage Engineers.
Clover,B2B,US,,Early,0.0,2.0,2.0,"The all-in-one notebook for creatives to brainstorm, write, and plan…"
Clueso,B2B,IN,,Early,0.0,10.0,3.0,Create beautiful videos & docs for any product or process in minutes
Clupp,Fintech,MX,,Early,0.0,12.0,2.0,Innovative insurance solutions for underserved markets.
Clustrix,B2B,US,,Growth,0.0,51.0,1.0,
Clutch,B2B,US,,Early,0.0,2.0,1.0,An easy to integrate library for native iOS applications designed to…
CO2Stats,B2B,US,,Early,0.0,0.0,1.0,Social and environmental web analytics. Acquired in December 2016.
Coast,B2B,US,,Early,0.0,25.0,2.0,Demo Platform for API-First Companies
Coba,Fintech,MX,,Early,0.0,9.0,4.0,Dual Currency Accounts For LatAm
Cobbery,B2B,US,,Early,0.0,4.0,2.0,Fixing senior care
Cobblestone,Real Estate and Construction,US,,Early,0.0,3.0,2.0,Delinquency reduction and automation software for institutional…
Coblocks,B2B,US,,Early,0.0,2.0,1.0,Build data pipelines in minutes with AI
Cococart,B2B,SG,,Early,0.0,18.0,1.0,Empowering local businesses to sell online.
Coco Controller,Consumer,Unknown,,Early,0.0,0.0,2.0,We're building a tactile gaming controller for mobile phones.
Cocoon,Consumer,US,,Early,0.0,6.0,2.0,Bring your most important groups closer together
Coco Wallet,Fintech,US,,Early,0.0,50.0,3.0,Web3 super app for remittances to Latin America.
CoCrafter,Real Estate and Construction,DE,,Early,0.0,9.0,3.0,B2B construction marketplace to match contractors and subcontractors.
cocreate,Consumer,US,,Early,0.0,4.0,3.0,AI-native video production software that automates post-production
CocuSocial,Consumer,US,,Early,0.0,10.0,2.0,Marketplace for local activities.
CodeAnt AI,B2B,US,,Early,0.0,10.0,2.0,AI Code Review Platform
Codeball,B2B,SE,,Early,0.0,3.0,2.0,AI-Powered Code Review
Codebuff,B2B,Unknown,,Early,0.0,2.0,2.0,The CLI tool that writes code for you
Codec,B2B,US,,Early,0.0,2.0,1.0,Tools and APIs for video intelligence
Codecademy,Education,US,,Growth,0.0,225.0,1.0,The leading online learning platform for technical skills.
CodeCombat,Education,US,,Growth,0.0,45.0,1.0,Game that teaches computer science to middle and high school kids.
CodeCrafters,Consumer,Unknown,,Early,0.0,10.0,2.0,Programming courses for experienced engineers
Code Four,Government,US,,Early,0.0,3.0,2.0,Modernizing the police workflow.
CodeNow,Unspecified,US,,Early,0.0,2.0,1.0,Our mission is to diversify the talent pipeline of students who…
CodeParrot AI,B2B,IN,,Early,0.0,2.0,2.0,Helps Developers build stunning UI Lightning Fast ⚡️
Coderhouse,Education,AR,,Early,0.0,225.0,2.0,Effective and accessible online live education.
CoderWall,B2B,US,,Early,0.0,2.0,2.0,
Codes Health,Healthcare,US,,Early,0.0,4.0,3.0,Perfect medical histories. 
CodeStory,B2B,GB,,Early,0.0,4.0,2.0,"Aide is an AI-native , privacy-first IDE built on top of VSCode"
CodeStream,B2B,US,,Early,0.0,10.0,2.0,CodeStream is a Developer Collaboration Platform designed to…
co.dev,B2B,Unknown,,Early,0.0,2.0,2.0,Turn your ideas into full-stack apps
CodeViz,B2B,US,,Early,0.0,2.0,2.0,Visual Search Engine For Code
Codingal,Education,IN,,Early,0.0,60.0,2.0,Leading online after-school for kids & teens to learn AI & coding
Cofactor Genomics,Healthcare,US,,Early,0.0,13.0,2.0,Cofactor closes the precision medicine gap with predictive diagnostics
Cofactr,B2B,US,,Early,0.0,15.0,2.0,Cloud pre-factory logistics and procurement for electronics
CoffeeAI,B2B,NZ,,Early,0.0,5.0,2.0,"Instant, hyper-personalized, AI-powered outreach messages"
Cognition IP,B2B,US,,Early,0.0,12.0,1.0,Flat-fee patent & trademark counsel with top firm results
Cognito,B2B,US,,Growth,0.0,12.0,3.0,"Frictionless, modern identity verification that starts with just a…"
Cogram,B2B,US,,Early,0.0,15.0,2.0,"The AI Platform for Architects, Builders, and Engineers"
Cohere,B2B,US,,Early,0.0,7.0,2.0,Support automation that's actually intelligent
Cohesive,B2B,US,,Early,0.0,2.0,2.0,The agentic CRM for blue-collar services
coil inc.,Consumer,US,,Early,0.0,1.0,1.0,ai
Coin,Fintech,US,,Growth,0.0,11.0,2.0,A mobile wallet that allows you to pay everywhere credit cards are…
Coinbase,Fintech,US,,Growth,0.0,6112.0,1.0,"Buy, sell, and manage cryptocurrencies."
Coinrule,Fintech,GB,,Early,0.0,17.0,3.0,Coinrule Automates Your Crypto and Stock Investments
CoinTent,B2B,US,,Early,0.0,2.0,3.0,Recover revenue lost to ad blockers 
CoinTracker,Fintech,US,,Growth,0.0,70.0,2.0,The gold standard in cryptocurrency portfolio tracking and taxes
CoLab,B2B,CA,,Early,0.0,150.0,2.0,Human and AI design review for hardware
Coldreach,B2B,US,,Early,0.0,3.0,2.0,Find the best leads with custom intent signals
Collections,Consumer,US,,Early,0.0,2.0,2.0,Finder for the Cloud
Collectly,Healthcare,US,,Early,0.0,106.0,2.0,We help healthcare orgs collect more money faster
CollectWise,Fintech,Unknown,,Early,0.0,8.0,1.0,Automating consumer debt collection with AI
College Pulse,B2B,US,,Growth,0.0,8.0,1.0,Research and analytics company focused on college students.
CoLoop,B2B,GB,,Early,0.0,11.0,2.0,AI Copilot for insights & strategy
CombineHealth,Healthcare,US,,Early,0.0,15.0,2.0,Automating Healthcare Revenue Cycle Management with AI Workforce
Combinely,B2B,Unknown,,Early,0.0,2.0,2.0,AI coworker for accountants
Comena,B2B,US,,Early,0.0,2.0,2.0,AI agents for distributors and manufacturers to automate order entry.
Comet Health,Healthcare,US,,Early,0.0,3.0,2.0,Digital platform for pelvic floor physical therapy
Comfy Deploy,B2B,US,,Early,0.0,3.0,2.0,ComfyUI for everyone on your team
Command AI,B2B,US,,Early,0.0,35.0,3.0,AI-powered user assistance platform
Commery,Real Estate and Construction,US,,Early,0.0,3.0,3.0,Marketplace to lease commercial real estate
Commissary Club (formerly 70 Million Jobs),B2B,US,,Early,0.0,8.0,1.0,Social network for 70 million Americans with criminal records.
CommodityAI,B2B,US,,Early,0.0,3.0,3.0,AI that automates commodity operations
Common Paper,B2B,US,,Early,0.0,9.0,2.0,The SAFE for commercial contracts
Community Phone Company,Consumer,US,,Early,0.0,70.0,1.0,The best phone for communities in America
Compgun,B2B,US,,Early,0.0,11.0,2.0,Sales commission software that grows revenue.
Complete,B2B,US,,Early,0.0,5.0,1.0,The complete way to do compensation
compliant-llm,B2B,US,,Early,0.0,3.0,2.0,Detect every data leak into third-party GenAI tools
Complif,B2B,AR,,Early,0.0,45.0,2.0,Compliance tools for financial companies in LatAm KYC & AML
Compose,B2B,US,,Growth,0.0,51.0,2.0,"We make it easy to run databases.
PostgreSQL, Redis, MongoDB,…"
Compose.ai,B2B,US,,Early,0.0,7.0,2.0,Cut your writing time by 40% with AI-powered autocomplete
Compound,Fintech,US,,Early,0.0,51.0,2.0,Compound is a wealth manager for people who work at tech companies. 
Foster,Consumer,US,,Early,0.0,15.0,1.0,A better way to write.
Compra Rápida,B2B,BR,,Early,0.0,10.0,1.0,One-click checkout and AI sales assistant for LatAm.
Comprehend,Healthcare,US,,Growth,0.0,51.0,1.0,SaaS to increase speed and quality of clinical trials.
CompUp,B2B,IN,,Early,0.0,35.0,3.0,Building a compensation graph to help companies optimise people spend
Comradery,B2B,US,,Early,0.0,1.0,1.0,White-label Bookface for companies and communities!
Concord Materials,Real Estate and Construction,US,,Early,0.0,7.0,1.0,Automating procurement and finance for construction companies
Concourse,B2B,US,,Early,0.0,6.0,2.0,AI Agents for corporate finance teams
Conductor,B2B,US,,Early,0.0,3.0,2.0,Run a bunch of Claude Codes in parallel
Conductor Quantum,Industrials,US,,Early,0.0,3.0,2.0,Quantum computers on silicon chips using AI.
Conduit,B2B,US,,Early,0.0,6.0,1.0,Air Traffic Control for Warehouses
Cone,B2B,IN,,Early,0.0,8.0,2.0,Work operating system for professional service businesses
Confident AI,B2B,US,,Early,0.0,2.0,2.0,Open-Source Unit Testing for LLM Applications
Confident LIMS,B2B,US,,Early,0.0,17.0,2.0,Laboratory Information Management System (LIMS) serving…
Confido,B2B,US,,Early,0.0,11.0,2.0,AI-enabled financial automation and intelligence for CPG Brands
Conntour,B2B,Unknown,,Early,0.0,6.0,2.0,AI to monitor thousands of security cameras.
Constant,Fintech,Unknown,,Early,0.0,2.0,1.0,Private credit investment platform
Constructable,Real Estate and Construction,US,,Early,0.0,3.0,3.0,Building the next Procore
ConstructVR,Consumer,US,,Early,0.0,2.0,2.0,"The simplest way to test, manage, and deploy VR/AR apps at scale."
Consus,Industrials,Unknown,,Early,0.0,1.0,1.0,Your single source of truth for government documents
Contalink,B2B,Unknown,,Early,0.0,28.0,2.0,We help Accountants automate work and serve their customers online
Conta Simples,Fintech,BR,,Growth,0.0,130.0,3.0,All-in-one financial platform for latam Startups and SMBs.
ContestMachine,B2B,US,,Early,0.0,2.0,3.0,Roll your own contest or giveaway.  No longer in business.
ContextFort,Real Estate and Construction,US,,Early,0.0,2.0,2.0,Helping construction contractors find errors in blueprints
Continue,B2B,US,,Early,0.0,10.0,2.0,Ship faster with Continuous AI
Contour,B2B,US,,Early,0.0,2.0,2.0,Voice AI for Financial Institutions
ContraForce,B2B,US,,Early,0.0,15.0,2.0,Hyperautomated Incident Remediation Platform 
Contrario,B2B,US,,Early,0.0,3.0,2.0,AI-powered recruiting team for startups
Contrast,B2B,US,,Early,0.0,4.0,1.0,Developer Handoff - Reimagined for Storybook
ControlHub,B2B,Unknown,,Early,0.0,22.0,2.0,Purchasing Software | Procure-to-Pay SaaS 
Conveo,B2B,BE,,Early,0.0,13.0,2.0,Qualitative Research Conducted and Analyzed by AI
Converge,B2B,US,,Early,0.0,4.0,3.0,All-in-one marketing measurement for B2C
Convex,B2B,US,,Growth,0.0,110.0,2.0,Software for the commercial services industry. 
Convexia,Healthcare,US,,Early,0.0,2.0,2.0,The world's first AI-maximalist pharma company
Convictional,B2B,CA,,Early,0.0,12.0,2.0,Convictional is reinventing business operations
Convore,Consumer,US,,Early,0.0,2.0,3.0,Hosted IRC and so much more.
Convox,B2B,US,,Early,0.0,3.0,3.0,"Open-source tools for deploying, managing, and monitoring cloud…"
Convoy,B2B,NG,,Early,0.0,8.0,1.0,Webhooks Gateway for outgoing and incoming webhooks.
Coperniq,B2B,US,,Early,0.0,6.0,2.0,Workflow software for solar & energy contractors ☀️😎
Copia,B2B,US,,Early,0.0,20.0,1.0,Copia's a for-profit technology company that solves food waste &…
Copilot,B2B,US,,Early,0.0,15.0,2.0,Shopify for Professional Services Businesses 
Copper Health,Healthcare,US,,Early,0.0,2.0,2.0,Modern patient engagement and remote therapeutic monitoring platform
CopyCat,B2B,US,,Early,0.0,3.0,3.0,The AI RPA - Powered by Browser Agents
Coral Genomics,Healthcare,US,,Early,0.0,5.0,1.0,New clinical tests for managing autoimmune treatments.
CoreCare,Healthcare,US,,Early,0.0,11.0,2.0,Helping healthcare providers reduce administrative costs using AI
CoreOS,B2B,US,,Growth,0.0,150.0,1.0,Open source tools of modern distributed systems.
Corgea,B2B,US,,Early,0.0,4.0,1.0,"Corgea finds, and fixes insecure code. "
Corgi,Fintech,US,,Early,0.0,70.0,2.0,Corgi is building an AI insurance company
Corgi Labs,Fintech,US,,Early,0.0,3.0,1.0,AI to increase payment acceptance and reduce fraud for businesses
Coris,B2B,US,,Early,0.0,9.0,2.0,"AI-powered risk platform for Payment Providers, Banks, SaaS platforms…"
Correlia Biosystems,Healthcare,US,,Early,0.0,16.0,3.0,Next-gen blood testing to provide 1000x more data to pharma companies
Cortex,B2B,US,,Early,0.0,100.0,3.0,Cortex is the Internal Developer Portal eliminating “developer tax”…
Corveus Medical,Healthcare,US,,Early,0.0,3.0,2.0,Catheter-based solution to treat chronic heart failure. 
Corvus Robotics,Industrials,US,,Early,0.0,20.0,1.0,Autonomous drones to help warehouses scan inventory.
Cosine,B2B,US,,Early,0.0,12.0,3.0,Fully Agentic SWE
Cosmic,B2B,US,,Early,0.0,5.0,1.0,Cosmic is a headless CMS and API toolkit
Cotera,B2B,GB,,Early,0.0,5.0,1.0,AI for customer experience.
Cotool,B2B,US,,Early,0.0,3.0,3.0,AI Agents for Security Operations Teams
Coub,Consumer,RU,,Early,0.0,11.0,2.0,"Coub is YouTube for video loops. You can take any video from YouTube,…"
Coulomb AI,B2B,IN,,Early,0.0,5.0,2.0,Battery Observability Platform for Electric Vehicles
Coupl,Fintech,IN,,Early,0.0,8.0,2.0,A neobank for couples in India
Couple,Consumer,US,,Early,0.0,2.0,5.0,"App that connects two phones and creates a private
timeline to share…"
Courier,B2B,US,,Early,0.0,35.0,1.0,The fastest way for developers to build notifications for their app.
Coursedog,B2B,US,,Early,0.0,100.0,2.0,Higher Ed's Best Friend - integrated academic operations software.
Courtyard.io,Fintech,US,,Early,0.0,13.0,2.0,"A frictionless, safe, and fun experience to invest in collectibles"
Coval,B2B,Unknown,,Early,0.0,5.0,1.0,Simulation & Evaluation for Voice and Chat Agents
Covela,Fintech,MX,,Early,0.0,6.0,3.0,The digital insurance broker for SMEs in LATAM
Cover,Fintech,US,,Growth,0.0,50.0,3.0,The mobile-first insurance platform that makes insurance easy.
Coverage Cat,Fintech,US,,Early,0.0,4.0,2.0,Consumer Optimized Insurance
CoVerified,Healthcare,US,,Growth,0.0,9.0,4.0,Using infection data to keep organizations safe
Covetly,Consumer,US,,Early,0.0,3.0,2.0,"#1 Collectibles Marketplace: Authentic Vinyl Toys, Comics, Funko Pop "
Covie,Fintech,US,,Early,0.0,14.0,2.0,Programmatic building blocks for transacting with insurance
Cowlar,Industrials,US,,Early,0.0,2.0,2.0,Fitbit for dairy cows. Farms use cowlar's alerts & recommendations to…
Cowrywise,Fintech,NG,,Early,0.0,40.0,2.0,Digitizing wealth management in Africa
CozmoX AI,B2B,US,,Early,0.0,11.0,2.0,"We help you build AI Employee who can speak, think and do"
Cradle,B2B,IN,,Early,0.0,2.0,1.0,B2B payments network in India
Craft Coffee,Consumer,US,,Early,0.0,0.0,1.0,Better coffee for less money
CraftOS,B2B,US,,Early,0.0,3.0,1.0,Inventory Management and POS for the Wine industry
Craftwork,Real Estate and Construction,US,,Early,0.0,50.0,4.0,Digital-native home painting franchise
Craniometrix,Healthcare,US,,Early,0.0,5.0,2.0,We're building the one-stop-shop care platform for Alzheimer's…
Cratejoy,B2B,US,,Growth,0.0,51.0,1.0,Cratejoy is the platform for subscriptions
Craze,B2B,IN,,Early,0.0,8.0,2.0,"All-in-one Payroll, HR and IT for India"
Creative Market,B2B,US,,Early,0.0,0.0,3.0,Marketplace for graphic design assets
CreativeMode,Consumer,US,,Early,0.0,3.0,3.0,Vibe coding platform for video game mods
CreatorML,B2B,US,,Early,0.0,6.0,1.0,Foundation Model for Human Attention
Credal.ai,B2B,US,,Early,0.0,12.0,2.0,Harness Frontier Intelligence by building AI assistants that can…
CrediBook,B2B,ID,,Early,0.0,53.0,3.0,Faire for Indonesia
Credictive,B2B,Unknown,,Early,0.0,0.0,3.0,Attribution metatags for online content.
CredPal,Fintech,NG,,Early,0.0,35.0,1.0,CredPal is a buy now pay later company in Africa that allows…
Creizer,Fintech,MX,,Early,0.0,12.0,1.0,Clear.co for LATAM. Revenue based financing for online sellers.
Crew,B2B,FR,,Early,0.0,6.0,1.0,Next Gen ATS/CRM for Modern Recruitment Agencies
Cribspot,Real Estate and Construction,US,,Early,0.0,2.0,3.0,Tech-Enabled Real Estate Company (YC W15)
Crimson,B2B,Unknown,,Early,0.0,3.0,3.0,The AI Associate for Litigation Lawyers
crmCopilot,B2B,US,,Early,0.0,2.0,1.0,Give Salesforce the AI upgrade it deserves
Crocodoc,B2B,US,,Early,0.0,0.0,4.0,"Embed PDFs, PowerPoints, and other documents into web and mobile apps"
Crohnology (by Healthy Labs),Healthcare,US,,Early,0.0,1.0,2.0,We turn Patients into Researchers.
Cron,B2B,US,,Early,0.0,3.0,1.0,Next-generation calendar for professionals and teams
CrowdAI,B2B,US,,Growth,0.0,32.0,3.0,CrowdAI is the world's leading no-code platform for vision AI
Crowdery,B2B,US,,Early,0.0,2.0,2.0,"[Now Clara, YC S14- claralabs.com]"
CrowdForce,Fintech,NG,,Early,0.0,41.0,2.0,"Crowdforce is an app that allows any local merchant in Africa,…"
CrowdMed,Healthcare,US,,Early,0.0,5.0,1.0,CrowdMed harnesses the wisdom of crowds to solve difficult medical…
CrowdVolt,Consumer,US,,Early,0.0,5.0,3.0,The integration layer for live events infrastructure 
Cruise,Industrials,US,,Growth,0.0,3000.0,2.0,Self-driving cars.
Crustdata,B2B,Unknown,,Early,0.0,20.0,3.0,Real-time B2B data via simple APIs
Cryptoseal,B2B,US,,Early,0.0,3.0,3.0,"Server key management, VPN as a Service, Privacy VPN.  Sold to…"
CSPA,B2B,US,,Early,0.0,6.0,2.0,The Computer Science Proficiency Assessment (CSPA™) is a…
CTGT,B2B,US,,Early,0.0,7.0,2.0,CTGT safeguards against reputational risk from GenAI across your org
Cua,B2B,Unknown,,Early,0.0,3.0,1.0,Docker for Computer-use Agents
Cuanto,Fintech,PA,,Early,0.0,13.0,3.0,Building the operating system for Latin America's internet creators
cubic,B2B,GB,,Early,0.0,2.0,2.0,AI-powered code review platform
Cuboh,B2B,CA,,Early,0.0,50.0,1.0,We help restaurants manage their online orders.
Cuckoo Labs,B2B,Unknown,,Early,0.0,2.0,2.0,Real-time AI translator for global sales and marketing
Cue,Consumer,US,,Growth,0.0,11.0,3.0,
Culdesac,Real Estate and Construction,US,,Early,0.0,100.0,2.0,"We build cities for people, not cars. "
Culture Biosciences,Healthcare,US,,Early,0.0,40.0,2.0,We grow cells for biotech companies.
Cumbuca,Fintech,BR,,Early,0.0,5.0,1.0,Bare-metal access to Brazil's Open Finance and Pix systems
Curacel,Fintech,NG,,Early,0.0,30.0,2.0,AI-Powered Infrastructure for Insurance & Healthcare
Curatle,Consumer,US,,Early,0.0,1.0,1.0,AI shopping cart for everything you buy 
Curebase,Healthcare,US,,Early,0.0,27.0,1.0,"Modern, AI-powered clinical trial software platform."
Curious Fictions,Consumer,US,,Early,0.0,2.0,1.0,Patreon for professional authors.
Curo,Industrials,US,,Early,0.0,6.0,2.0,Electric fleets park and charge anywhere with Curo
Current Foods,Healthcare,US,,Early,0.0,18.0,1.0,Impossible foods of seafood. 
Curri,Real Estate and Construction,US,,Growth,0.0,104.0,2.0,Construction & industrial logistics platform.
Curtsy,Consumer,US,,Growth,0.0,15.0,3.0,Curtsy is a sustainable clothing resale app.
Curvenote,Healthcare,CA,,Early,0.0,3.0,2.0,Communication and publishing tools for scientists
CustomerOS,B2B,GB,,Early,0.0,10.0,3.0,Uncover high-fit leads already silently engaging with your brand
Customily,B2B,US,,Early,0.0,30.0,2.0,Making it easy to sell personalized products online.
Custora,B2B,US,,Early,0.0,11.0,2.0,Custora is a predictive analytics platform for e-commerce marketing…
CUTR,B2B,NL,,Early,0.0,22.0,3.0,The marketplace for wood manufacturing
Cyberdesk,B2B,US,,Early,0.0,2.0,2.0,Self learning computer use agent for developers
CyberFend,B2B,US,,Early,0.0,2.0,1.0,"Cyberfend delivers robust, real-time web and mobile security by…"
Cyble,B2B,US,,Early,0.0,260.0,2.0,Cyble is one of the fastest-growing threat intelligence provider.
Cymmetria,B2B,IL,,Growth,0.0,11.0,1.0,Shifting the asymmetry of cyber security.
Cypher,B2B,US,,Early,0.0,10.0,1.0,Banking built with on-chain primitives for web3 founders and teams
Mytos,Healthcare,GB,,Early,0.0,26.0,2.0,Robotic human cell manufacturing
Dabble,B2B,CA,,Early,0.0,3.0,3.0,A synthetic photo studio for e-commerce
Daedalus,Industrials,Unknown,,Early,0.0,7.0,1.0,AWS for precision manufacturing
Dagger,B2B,US,,Early,0.0,22.0,3.0,Develop your CI/CD pipelines as code and run them anywhere
DAGWorks Inc.,B2B,US,,Early,0.0,2.0,2.0,Open source tools & services for reliable AI Agents & AI Applications
Daily,B2B,US,,Early,0.0,126.0,1.0,Conversational Voice and Multimodal AI built with Open Source 
DailyBooth,Consumer,US,,Early,0.0,2.0,2.0,
DailyBot,B2B,US,,Early,0.0,12.0,2.0,AI Assistant and Chat Add-ons for Work
DailyDoctor,Healthcare,US,,Early,0.0,0.0,2.0,"Daily telehealth care for people with COPD, CHF, hypertension, and…"
Dalus,B2B,Unknown,,Early,0.0,3.0,2.0,AI-Powered Hardware System Design Software
Darmiyan,Healthcare,US,,Early,0.0,8.0,2.0,Early detection of Alzheimer's disease
Darrow,B2B,IL,,Early,0.0,95.0,3.0,Bring Justice to Light
Darsel,Education,Unknown,,Early,0.0,5.0,1.0,Chatbot teaching K12 math in developing countries
Dart,B2B,US,,Early,0.0,10.0,2.0,The only truly AI-native project management tool
Dartboard Energy,Industrials,US,,Early,0.0,2.0,1.0,AI Analyst for Electricity Markets
Dashblock,B2B,FR,,Early,0.0,3.0,2.0,Turn any website into an API
Dashdive,B2B,US,,Early,0.0,2.0,2.0,Break down AI and cloud costs by feature and customer
Dashlabs.ai,Healthcare,PH,,Early,0.0,30.0,3.0,Software for medical laboratories and clinics
Dashworks,B2B,US,,Early,0.0,9.0,2.0,Your team's intelligent start page.
Datacurve,B2B,US,,Early,0.0,4.0,2.0,Frontier coding data for training and evaluating LLMs
Data Driven Bioscience,Healthcare,US,,Early,0.0,10.0,1.0,"Cancer Diagnosis 10X faster, 10X cheaper"
Datafold,B2B,US,,Early,0.0,30.0,2.0,Automating manual and repetitive data engineering tasks with AI
Dataform,B2B,GB,,Early,0.0,10.0,2.0,"Manage data in Snowflake, BigQuery, and Redshift"
datafruit,B2B,US,,Early,0.0,4.0,4.0,AI DevOps Engineer
Dataglade,Fintech,US,,Early,0.0,2.0,2.0,The smart way to research stocks.
Dataherald,B2B,US,,Early,0.0,18.0,2.0,Embed NL-to-SQL into your Product 📈
Dataland,B2B,US,,Early,0.0,2.0,2.0,AI agents for customer support.
Dataleap,B2B,US,,Early,0.0,2.0,2.0,Perplexity for Consultants
Data Marketplace,B2B,US,,Early,0.0,2.0,2.0,
Data Mechanics,B2B,FR,,Early,0.0,25.0,2.0,Spark-on-Kubernetes Data Engineering Platform
Datamode,B2B,US,,Early,0.0,1.0,2.0,Datamode (datamode.com) is a tool for engineers to instantly diagnose…
DataNitro,B2B,US,,Early,0.0,11.0,2.0,We speed up Excel.
Datarank,B2B,US,,Early,0.0,11.0,2.0,"Making sense of social data. 
(Acquired by SimplyMeasured.)"
Datasaur,B2B,US,,Early,0.0,55.0,1.0,Datasaur builds a data labeling workforce management platform for NLP.
DataShare,B2B,US,,Early,0.0,1.0,1.0,"Embed charts, dashboards and exports in your app"
Datlo,B2B,BR,,Early,0.0,31.0,2.0,Datlo helps companies increase sales and expand through data
Datree,B2B,IL,,Early,0.0,16.0,2.0,Datree prevents Kubernetes misconfigurations from reaching production
Datrics,Healthcare,US,,Early,0.0,22.0,3.0,Generative AI Healthcare Coding Automation
David AI,B2B,Unknown,,Early,0.0,10.0,2.0,Data for audio AI
Daybreak Health,Healthcare,US,,Early,0.0,20.0,2.0,The first digital mental health system for youth
Dayra,Fintech,EG,,Early,0.0,10.0,1.0,Data-driven embedded Financial Services for Gig Workers
Deako,Consumer,US,,Early,0.0,11.0,1.0,We make beautiful connected light switches that allow you to control…
Dealls – Jobs & Mentoring,B2B,ID,,Early,0.0,127.0,1.0,Indonesia's #1 ATS & Job Portal to match top talents & companies
Dealyze,B2B,US,,Early,0.0,6.0,2.0,Dealyze helps national retailers build exceptional customer and…
Dear Brightly,Healthcare,US,,Early,0.0,3.0,2.0,"Dear Brightly makes personalized prescription skincare products,…"
Deasy Labs,B2B,Unknown,,Early,0.0,8.0,3.0,Metadata for GenAI workflows
Debteye,Fintech,US,,Early,0.0,2.0,3.0,Automate credit counseling.
Decent,B2B,US,,Early,0.0,8.0,4.0,One-click transactions using any token across chains.
Decentro,B2B,IN,,Early,0.0,60.0,1.0,API Platform for Banking Integrations (Plaid for India and APAC)
Decipher AI,B2B,US,,Early,0.0,3.0,2.0,AI that analyzes your session replays to uncover issues and behavior.
Decisional AI,Fintech,US,,Early,0.0,3.0,3.0,AI Native workspace for financial professionals
Decoda Health,Healthcare,US,,Early,0.0,7.0,2.0,AI-powered platform automating medical practice operations
Decohere,Consumer,US,,Early,0.0,4.0,2.0,Real-time generative AI
Dedalus Labs,B2B,US,,Early,0.0,4.0,2.0,Connect any LLM to any MCP tools and create complex agents in minutes.
Deed,B2B,US,,Early,0.0,40.0,3.0,Making it easy for employees to donate and volunteer with good causes.
Deel,B2B,US,,Early,0.0,5000.0,2.0,The all-in-one HR and payroll platform for global teams
DeepAware AI,B2B,US,,Early,0.0,2.0,2.0,Help AI data centers unlock more compute and become more efficient
Deepgram,B2B,US,,Early,0.0,115.0,1.0,Building foundational AI for speech transcription and understanding.
DeepGrove,B2B,Unknown,,Early,0.0,2.0,2.0,Frontier Intelligence. On Any Device.
Deep Meditate,Healthcare,CA,,Early,0.0,1.0,1.0,"Deep Meditate is an app that helps you de-stress, sleep, and…"
Deepnight,Government,US,,Early,0.0,8.0,2.0,Building The Next Generation of Night Vision Devices
Deepnote,B2B,Unknown,,Growth,0.0,0.0,1.0,A better data science notebook.
deepsilicon,Industrials,US,,Early,0.0,2.0,1.0,Software and hardware to run neural networks faster and cheaper
"DeepSim, Inc.",B2B,US,,Early,0.0,3.0,3.0,An AI physics simulator for AI chip design
DeepSource,B2B,US,,Early,0.0,12.0,2.0,"Unified DevSecOps platform, helping developers ship good code."
Defer,B2B,FR,,Early,0.0,2.0,2.0,Zero infrastructure background processing platform.
Defog.ai,B2B,US,,Early,0.0,5.0,2.0,Fine-tuned LLMs for enterprise data analysis
Degrees of Freedom,Education,US,,Early,0.0,7.0,3.0,"DoF provides a high quality, affordable higher education alternative."
Delee,Healthcare,MX,,Early,0.0,18.0,3.0,Blood testing device for early diagnosis of cancer and treatment…
Delegasi,B2B,ID,,Early,0.0,8.0,2.0,Automated accounting service for small businesses in Indonesia
Delfino AI,Healthcare,US,,Early,0.0,2.0,2.0,Generative AI for administrative automation in healthcare 
Delineate,B2B,US,,Early,0.0,20.0,2.0,Agents for Accelerated Clinical Trial Design
Delphia,Fintech,CA,,Growth,0.0,20.0,2.0,We build quantitative investment strategies improved by consumer data
delt.ai,Fintech,MX,,Early,0.0,26.0,2.0,Digital banking for businesses in Latam.
Delty,B2B,US,,Early,0.0,2.0,2.0,AI staff engineer: software architect that leads coding agents
Deluux,Consumer,US,,Early,0.0,2.0,2.0,
Delve,B2B,US,,Early,0.0,15.0,2.0,AI that makes compliance effortless
Demand Curve,Education,US,,Early,0.0,10.0,2.0,We break down the strategies fast-growing startups use to grow.
DemandSphere,B2B,US,,Early,0.0,40.0,1.0,SEO & Content Marketing Intelligence
Demeanor.co,Consumer,US,,Early,0.0,4.0,4.0,Now part of thentwrk.com
Demeter,B2B,US,,Early,0.0,2.0,2.0,AI Value Creation Team for Private Equity
Democracy Earth,Unspecified,ES,,Early,0.0,2.0,3.0,Censorship resistant democracies. 
DemocracyOS,Government,AR,,Early,0.0,1.0,1.0,"Online space for deliberation, policy making and democratic…"
Demodesk,B2B,DE,,Growth,0.0,25.0,2.0,AI-powered sales coaching
Demo Gorilla,B2B,US,,Early,0.0,2.0,2.0,Make all your live SaaS demos impactful: close more ARR faster
Demospace,B2B,Unknown,,Early,0.0,2.0,2.0,
Den,B2B,Unknown,,Early,0.0,2.0,2.0,Cursor for knowledge workers
Dench.com,B2B,Unknown,,Early,0.0,2.0,2.0,The AI Legal Intake
Denormalized,B2B,US,,Early,0.0,2.0,2.0,serverless platform for real-time data
Depict,B2B,SE,,Early,0.0,32.0,1.0,Merchandising for fashion e-commerce
Paragon,B2B,US,,Early,0.0,2.0,2.0,The AI Growth Engine for Industrials
Depot,B2B,Unknown,,Early,0.0,8.0,2.0,Build faster. Waste less time.
Design Arena,Consumer,US,,Early,0.0,3.0,2.0,World's largest crowdsourced benchmark for AI-generated design
Designbase,B2B,Unknown,,Early,0.0,3.0,2.0,Design and build great interfaces
Deskimo,B2B,SG,,Early,0.0,12.0,2.0,"Workspaces on demand, paid by the minute."
DevColor,Unspecified,US,,Early,0.0,7.0,1.0,We give Black software engineers support they need to advance in tech.
DevCycle,B2B,CA,,Growth,0.0,55.0,3.0,Feature Flag Management Built for Developers
DevFlight,B2B,US,,Early,0.0,2.0,2.0,Managed equipment data pipelines for manufacturers
Dev Tools AI,B2B,US,,Early,0.0,2.0,2.0,AI powered web & mobile automation
Devyce,B2B,GB,,Early,0.0,20.0,2.0,The global mobile network for business. 
Dex,Consumer,US,,Early,0.0,7.0,1.0,Dex is a personal CRM that reminds you to keep in touch with the…
Dexter,B2B,DE,,Early,0.0,3.0,3.0,AI agents for mechanical contractors
DGI Apparel,B2B,US,,Early,0.0,4.0,3.0,Expedia for ordering blank apparel
Dharma Labs,Fintech,US,,Early,0.0,14.0,1.0,The easiest way to buy 74k+ crypto tokens with USD
Dialect,B2B,US,,Early,0.0,8.0,1.0,Making internet experiences distributable and actionable everywhere
Dialtone,B2B,Unknown,,Early,0.0,5.0,1.0,AI agents for enterprises
DianaHR,B2B,US,,Early,0.0,3.0,1.0,An AI-Powered HR Person 
D-ID,B2B,IL,,Growth,0.0,27.0,3.0,Enable creators and developers to generate realistic AI personas
Diffuse Bio,Healthcare,US,,Early,0.0,10.0,1.0,Generative AI for protein design
Diffusion Studio,Consumer,US,,Early,0.0,2.0,1.0,The multimodal AI studio for professional creatives
digi,Fintech,Unknown,,Early,0.0,30.0,2.0,Enabling banks have a fintech-style loan origination process
DigiBuild,Real Estate and Construction,US,,Early,0.0,15.0,2.0,We buy & track building materials for construction companies.
Digi-Prex,Healthcare,IN,,Early,0.0,32.0,1.0,Subscription pharmacy for patients with chronic diseases
Digistain,Healthcare,GB,,Early,0.0,40.0,2.0,Pioneering Breast Cancer Diagnostics for a Healthier Tomorrow
DigitalCarbon,B2B,US,,Early,0.0,0.0,2.0,Transform Images And Videos Into Immersive 3D With AI
dili,B2B,US,,Early,0.0,5.0,2.0,Automating PWA Compliance and Diligence
Diligent,Fintech,DE,,Early,0.0,2.0,2.0,AI agents for fintech risk and compliance operations
Dill,B2B,Unknown,,Early,0.0,0.0,1.0,Dill is a payments tool for contractors & construction suppliers
Dime,B2B,US,,Early,0.0,2.0,2.0,Instant E2E tests for your website
Dimely,B2B,Unknown,,Early,0.0,2.0,2.0,AI agents for B2B SaaS Finance Teams
DimOrder,B2B,HK,,Early,0.0,70.0,2.0,Toast for Southeast Asia
Dinesafe,Healthcare,US,,Early,0.0,6.0,1.0,We crowdsource food safety reports & detect and prevent outbreaks.
"Diode Computers, Inc.",B2B,US,,Early,0.0,3.0,2.0,Automate circuit board design using AI
Dioptra,B2B,US,,Early,0.0,0.0,3.0,Automated contract review with AI
Dioxus Labs,B2B,Unknown,,Early,0.0,4.0,1.0,"Web, Desktop, and Mobile apps with one codebase in Rust"
Directed Edge,Consumer,US,,Early,0.0,2.0,1.0,Product recommendations.
Direct Match,Fintech,US,,Early,0.0,11.0,1.0,
DirectShifts,Healthcare,US,,Early,0.0,72.0,1.0,Helping healthcare workers find their next career opportunity 
Disclo,B2B,US,,Early,0.0,10.0,2.0,Health disclosure and accommodation management platform
disclosures.io,Real Estate and Construction,US,,Early,0.0,10.0,3.0,The Complete Listing Toolkit for the New Era of Real Estate
DisputeNinja,B2B,US,,Early,0.0,2.0,2.0,Automate your chargebacks with AI agents
Disqus,B2B,US,,Growth,0.0,11.0,2.0,Add comments to your website.
Distro,B2B,US,,Early,0.0,11.0,1.0,The AI co-pilot for sales reps at industrial wholesale distributors.
Ditto,B2B,US,,Early,0.0,13.0,2.0,Manage the words across your team’s product from design to production.
Dittofeed,B2B,US,,Early,0.0,2.0,2.0,Open-source customer engagement & messaging automation
Divvyshot,Consumer,US,,Early,0.0,2.0,2.0,
Djamo,Fintech,CI,,Early,0.0,160.0,2.0,Challenger Bank for consumers in French speaking Africa.
dmodel,B2B,US,,Early,0.0,5.0,2.0,Look inside the model
dNovo,Healthcare,US,,Early,0.0,4.0,1.0,The cure for hair loss.
Doblet,B2B,US,,Early,0.0,2.0,2.0,Doblet solves the phone battery problem.  We're building the first…
Docbot,Healthcare,US,,Growth,0.0,0.0,3.0,
Docker,B2B,US,,Growth,0.0,201.0,1.0,Software development platform.
Docket,B2B,US,,Early,0.0,2.0,2.0,AI agents for web testing
Dockup,B2B,US,,Early,0.0,4.0,2.0,On demand ephemeral environments to run manual and automated tests.
Docsum,B2B,US,,Early,0.0,4.0,2.0,AI contract repository
Docucharm,B2B,US,,Early,0.0,2.0,2.0,Automate paperwork by turning documents into structured data.
Documents.Me,B2B,US,,Early,0.0,0.0,2.0,Client-side encryption for your devices and the cloud.
DocVita,Healthcare,IN,,Early,0.0,14.0,2.0,Telehealth provider for India.
Dodo,Healthcare,Unknown,,Early,0.0,3.0,3.0,AI Employees for Specialty Clinics
Doe,B2B,US,,Early,0.0,4.0,2.0,Autonomous AI workforce for PE roll-ups
Dojah Inc,B2B,NG,,Early,0.0,30.0,2.0,Prevent Fraud and Onboard Users Faster
DolarApp,Fintech,MX,,Early,0.0,50.0,3.0,Latin America's global financial app
Dollyglot,Consumer,US,,Early,0.0,2.0,2.0,Character.AI with real time video avatars
Domu Technology Inc.,B2B,US,,Early,0.0,6.0,2.0,Automating debt collection calls for banks.
doola,B2B,US,,Early,0.0,43.0,1.0,Business-in-a-Box™ for LLCs
DoorDash,Consumer,US,,Growth,0.0,8600.0,3.0,Restaurant delivery.
Doorport,Real Estate and Construction,US,,Early,0.0,3.0,1.0,Acquired by Alarm.com - We make existing apartment access smart.
Doppler,B2B,Unknown,,Growth,0.0,25.0,1.0,The first SecretOps Platform.
Dorian Therapeutics,Healthcare,US,,Early,0.0,8.0,2.0,New therapeutics to rejuvenate tissue and treat age-related diseases 
DoseDr,Healthcare,US,,Early,0.0,2.0,3.0,"Helping diabetes patients use the correct amount of insulin,…"
Dost Education,Education,IN,,Early,0.0,30.0,2.0,Getting kids ready for school in India.
Dot,B2B,DE,,Early,0.0,6.0,3.0,Chat with your Data Warehouse
Dots 💸,Fintech,US,,Early,0.0,7.0,2.0,Developer friendly drop in payouts infrastructure
Double,Fintech,US,,Early,0.0,5.0,2.0,Design Your Own Stock Index
Double – Coding Copilot,B2B,US,,Early,0.0,2.0,1.0,AI coding copilot engineered for performance
Double Robotics,B2B,US,,Early,0.0,11.0,2.0,Telepresence robots
Doublezero,B2B,Unknown,,Early,0.0,2.0,3.0,"Platform to build, use, and monetize fully autonomous agents"
Dover,B2B,US,,Early,0.0,25.0,3.0,Your startup's all-in-one recruiting solution
Downlink,B2B,US,,Early,0.0,1.0,1.0,Make your LLMs 3x faster.
Downtobid,Real Estate and Construction,US,,Early,0.0,5.0,2.0,Using AI to understand construction plans faster.
Draft,B2B,US,,Early,0.0,1.0,1.0,Making Draft. Super simple version control and collaboration for…
Draftaid,B2B,CA,,Early,0.0,3.0,3.0,Go from 3D models to CAD drawings using AI
Draftbit,B2B,US,,Early,0.0,10.0,1.0,Build mobile apps visually. Source-code included. 
Draftwise,B2B,US,,Early,0.0,50.0,3.0,Contract and negotiation AI built for lawyers
Dragoneye,B2B,US,,Early,0.0,2.0,1.0,More detailed object recognition than Google and Amazon
Drahim 💰,Fintech,SA,,Early,0.0,8.0,2.0,WealthFront for Saudi & Middle East
Drapr,Consumer,US,,Early,0.0,7.0,3.0,Try on clothing online
DrChrono,Healthcare,US,,Growth,0.0,150.0,2.0,The essential platform for modern medical practices and patients.
DrDroid,B2B,IN,,Early,0.0,8.0,2.0,Your best friend in production.
Dream3D,B2B,US,,Early,0.0,3.0,1.0,Generative AI Worlds
"DreamCraft Entertainment, Inc.",Consumer,US,,Early,0.0,23.0,2.0,Platform that allows anyone to create and monetize video games.
Dreamforge,B2B,US,,Early,0.0,2.0,1.0,Simple 3d modeling software for 3d printers.
DreamRP,Consumer,US,,Early,0.0,2.0,1.0,Bring your characters to life
DreamWorld,Consumer,US,,Early,0.0,20.0,2.0,DreamWorld is a next-gen Minecraft with generative AI building
Dressd,Consumer,US,,Early,0.0,1.0,2.0,Make infinite $$$ off of clothes in your closet without selling them
Drillbit,B2B,US,,Early,0.0,10.0,1.0,Automating Office Work for Residential Contractors.
Drip,Fintech,BR,,Early,0.0,15.0,3.0,Shop and pay in installments anywhere 
Drip Capital,Fintech,IN,,Early,0.0,280.0,1.0,Digital trade financing for small businesses
Dripos,Fintech,US,,Early,0.0,35.0,1.0,The only piece of software a coffee shop needs to operate.
Driver AI,B2B,Unknown,,Early,0.0,11.0,2.0,Understand millions of lines of code in minutes.
Drivezy,Consumer,IN,,Growth,0.0,201.0,4.0,"India's largest vehicle sharing platform, turning people's vehicles…"
Drivingforce,B2B,US,,Early,0.0,2.0,1.0,Rippling for trucking
Dropback,Fintech,Unknown,,Early,0.0,2.0,2.0,The front office software suite for college sports
Dropbase,B2B,US,,Early,0.0,8.0,2.0,AI app builder for internal tools. Build back-office software faster…
Dropbox,B2B,US,,Growth,0.0,4000.0,2.0,Backup and share files in the cloud.
Dropleaf,Consumer,US,,Early,0.0,2.0,2.0,Subscription service for all you can play indie PC games. 
Dropprint Genomics,Healthcare,US,,Early,0.0,2.0,3.0,The better way to run single cell genomics
Dr. Treat,Healthcare,US,,Early,0.0,21.0,3.0,“One Medical for pets.”
DryMerge,B2B,US,,Early,0.0,4.0,2.0,AI that updates your CRM for you
dScribe AI,B2B,US,,Early,0.0,3.0,3.0,Computer vision for bulk inventory tracking
Dubjoy,B2B,US,,Early,0.0,2.0,3.0,Dubjoy translates and voice-overs your video to any language
Duckie,B2B,US,,Early,0.0,4.0,2.0,Build AI Support Agents in Minutes
Duffel,B2B,GB,,Growth,0.0,70.0,1.0,The complete toolkit to sell travel.
Duffl,Consumer,US,,Growth,0.0,12.0,4.0,10-minute delivery service for college students.
Dumps,Consumer,US,,Early,0.0,9.0,2.0,Where friends connect through photos and chaotic messaging
Duplo,Fintech,Unknown,,Early,0.0,13.0,2.0,Venmo for B2B in Africa
Duranium,Industrials,US,,Early,0.0,4.0,2.0,Reshoring critical metal production
Durate,Healthcare,US,,Early,0.0,3.0,2.0,Automated physician scheduling
Durioo,Consumer,MY,,Early,0.0,50.0,1.0,Streaming Platform for Muslim Children
Dynamo AI,B2B,US,,Early,0.0,40.0,2.0,Compliant-Ready AI for the Enterprise
Dyneti Technologies,B2B,US,,Early,0.0,3.0,1.0,Reduce payment fraud
Dyspatch,B2B,CA,,Growth,0.0,20.0,1.0,Two products to help everyone email better. Dyspatch.io - Email…
Dyte,B2B,IN,,Early,0.0,45.0,2.0,"Real-time audio & video SDKs, ready to launch 🚀"
Earbits,B2B,US,,Early,0.0,15.0,3.0,Google AdWords for music.  Allowing bands and labels to bid for…
EARTH AI,Industrials,US,,Early,0.0,12.0,1.0,Predictive Explorer and Driller for Critical Metal Deposits
Easel,B2B,US,,Early,0.0,2.0,2.0,Easel is a visual design tool built for the web. Since the web is…
Easol,B2B,GB,,Early,0.0,70.0,2.0,Shopify for experiences 
EasyCode,B2B,CA,,Early,0.0,4.0,2.0,Where vibe coders finish their projects
Easyplan,Fintech,IN,,Early,0.0,8.0,2.0,An AI-driven investment app for beginner investors in India
EasyPost,B2B,US,,Early,0.0,51.0,1.0,The shipping infrastructure of the internet.
Eat Blueprint,Consumer,US,,Early,0.0,2.0,1.0,Longevity Nutrition Service
Eazipay Inc.,Fintech,NG,,Early,0.0,23.0,1.0,Eazipay powers effortless payroll and financial access in Africa.
eBrandvalue,B2B,US,,Early,0.0,10.0,2.0,Real-time Nielsen ratings for Brands.Accelerate marketing and product…
Echo,B2B,IL,,Early,0.0,3.0,3.0,Founder-led sales co-pilot for B2B startups.
Echodio,Consumer,US,,Early,0.0,2.0,3.0,Sync and stream your music across any device. Acquired in 2009. 
Echoes HQ,B2B,NL,,Early,0.0,3.0,1.0,Measure and communicate engineering activity
Echo Locker,Consumer,Unknown,,Early,0.0,2.0,2.0,Android lock screen
Eclipse Foods,Consumer,US,,Early,0.0,0.0,2.0,"Eclipse Foods is building the future of dairy using micelles, the…"
Ecliptor,B2B,US,,Early,0.0,2.0,2.0,AI and Embeddings. 
ECSA,Fintech,BR,,Early,0.0,0.0,3.0,AI Agent runs the entire international trade operation
Eden,B2B,US,,Growth,0.0,45.0,3.0,Workplace software for people-centric companies. 
Eden Care,Fintech,KE,,Early,0.0,28.0,1.0,Digital health insurance for employers in Africa
Eden Farm,B2B,ID,,Early,0.0,110.0,3.0,Delivering fruits and vegetables to multi-segment restaurants and…
Edexia,Education,US,,Early,0.0,4.0,2.0,AI Teacher Assistant for Grading Essays
Edge,B2B,Unknown,,Early,0.0,2.0,2.0,The ultimate patent assistant.
EdgeBit,B2B,US,,Early,0.0,5.0,2.0,Autofix your software dependencies
Edgedive,B2B,US,,Early,0.0,2.0,2.0,Understand what your customers are actually saying
edgetrace,B2B,Unknown,,Early,0.0,3.0,2.0,From description to detection in 30 seconds
Edlyft,B2B,US,,Early,0.0,5.0,2.0,Helps enterprises train college CS students on essential job skills
Educato AI,Education,US,,Early,0.0,5.0,2.0,AI-Powered Worldwide exam-prep platform
Eduflow,Education,DK,,Early,0.0,12.0,3.0,Create and run collaborative online learning experiences.
EduRev,Education,IN,,Early,0.0,24.0,2.0,Learning App for 400M Indian Students like a Netflix for Education
Edwin,Education,US,,Early,0.0,14.0,2.0,Edwin is virtual English tutor - an AI-powered service for learning…
Edyst,Education,IN,,Early,0.0,11.0,2.0,Edyst is a peer-to-peer online learning platform where students learn…
EffiGov,Government,US,,Early,0.0,2.0,2.0,The AI OS for Cities
Eggnog,Consumer,US,,Early,0.0,2.0,2.0,Youtube for AI-generated content
ego,Consumer,US,,Early,0.0,9.0,1.0,"Character AI + Roblox :persistent, sapient AI characters in 3D worlds "
Egress Health,Healthcare,Unknown,,Early,0.0,2.0,1.0,"Automated revenue cycle management, starting with dentists"
Eight Sleep,Consumer,US,,Early,0.0,100.0,3.0,The sleep fitness company.
Eivod,B2B,US,,Early,0.0,51.0,3.0,
Ekho,B2B,US,,Early,0.0,22.0,2.0,Shopify for vehicles
Elayne,Fintech,US,,Early,0.0,6.0,1.0,"AI copilot for growing, organizing, and transferring family estates"
Electric Air,Real Estate and Construction,Unknown,,Early,0.0,5.0,2.0,Tech-enabled heat pump contractor that cuts costs by 60%
ElectroNeek,B2B,US,,Growth,0.0,175.0,1.0,Robotic Process Automation and Document Processing Platform
Elemeno Health,Healthcare,US,,Growth,0.0,25.0,1.0,Just-in-time training and communication for frontline healthcare teams
Elementary,B2B,IL,,Early,0.0,12.0,2.0,Open-source data observability for data teams
Elessar,B2B,US,,Early,0.0,2.0,1.0,AI-powered engineering productivity tools
Elevate (formerly Bloom),Fintech,AE,,Early,0.0,7.0,2.0,US based USD accounts for non-US residents 
Elevate,B2B,US,,Early,0.0,3.0,1.0,AI data management for private equity-backed roll-ups
Eligible,Healthcare,US,,Growth,0.0,0.0,1.0,Insurance Billing APIs for Healthcare Businesses 
Ellipsis,B2B,Unknown,,Early,0.0,2.0,1.0,AI code reviews & bug fixes
Ello,Education,US,,Early,0.0,45.0,3.0,Building the world's first 1:1 AI teacher.
Elodin,Industrials,US,,Early,0.0,5.0,4.0,Unified flight software and hardware for the mission of tomorrow
Eloquent AI,B2B,US,,Early,0.0,5.0,2.0,The AI Operator for Financial Services
Elph,B2B,US,,Early,0.0,5.0,4.0,Acquired by Brex. Building digital payments infrastructure.
Elpha,Consumer,US,,Early,0.0,6.0,2.0,Professional network for women
"Elphinstone, Inc.",Fintech,PK,,Early,0.0,15.0,2.0,Robo-advisory platform for Pakistan
Elucd,Government,US,,Early,0.0,8.0,2.0,Polling through mobile ads to enable governments to make better…
Elucify,B2B,US,,Early,0.0,11.0,3.0,Elucify is an API that plugs into your CRM which automatically cleans…
Elyos AI,B2B,GB,,Early,0.0,7.0,3.0,AI Customer Service Agents for trades and field services
Elythea,Healthcare,US,,Early,0.0,2.0,1.0,ML to predict and prevent pregnancy complications 
Emailio,B2B,Unknown,,Early,0.0,5.0,2.0,Email built for wellness
Embark,Consumer,US,,Early,0.0,2.0,1.0,Public transit apps. Acquired by Apple in 2013.
Embark Trucks,Industrials,US,,Growth,0.0,300.0,3.0,Self-driving semi trucks.
Embeddables (formerly Savvy),B2B,US,,Early,0.0,16.0,2.0,The funnel builder built for health & wellness brands.
Embedder,B2B,Unknown,,Early,0.0,2.0,2.0,Coding Agent for Firmware
Embedly,B2B,US,,Early,0.0,2.0,2.0,
Ember,Healthcare,US,,Early,0.0,10.0,2.0,AI RCM. A/R Analysis in 3 days or less. Reduce claim denials by 55%. 
Ember Robotics,Industrials,US,,Early,0.0,2.0,2.0,Datadog for robots
Embrace,B2B,US,,Growth,0.0,52.0,2.0,Modern mobile observability built on OpenTelemetry
Emburse,Fintech,US,,Early,0.0,0.0,2.0,Expense management and AP automation.
Emerge Career,Education,Unknown,,Early,0.0,3.0,2.0,All-in-one re-entry & workforce development training platform
Emergent,Consumer,US,,Early,0.0,25.0,2.0,"Build apps with AI - think it, describe it, ship it"
Emerge Tools,B2B,US,,Early,0.0,9.0,2.0,Supercharge your mobile apps
Emigre,Fintech,US,,Early,0.0,2.0,1.0,Banking in India for Indian expats (NRIs)
Emi Labs,B2B,AR,,Early,0.0,50.0,2.0,"Helping great teams hire better frontline workers, faster."
Emobi,B2B,US,,Early,0.0,9.0,1.0,A single point integration for secure and automated EV charging.
Emote,Consumer,US,,Early,0.0,6.0,2.0,Catch student behavior problems before they start.
Empirical Health,Healthcare,US,,Early,0.0,4.0,2.0,Don't die of a heart attack
Enable Us,B2B,US,,Early,0.0,14.0,1.0,Digital Sales Rooms (Acquired by MindTickle)
Canopy (was Encarte),Fintech,US,,Early,0.0,2.0,2.0,Encarte is building 1-click checkout for all online stores.
Encepheal Therapeutics,Healthcare,US,,Early,0.0,3.0,2.0,"EncepHeal develops medications to treat substance abuse, starting…"
Encord,B2B,GB,,Early,0.0,100.0,2.0,Building the data backbone for the (artificial) intelligence…
Encuadrado,B2B,CL,,Early,0.0,3.0,2.0,Payments and scheduling for services professionals in LATAM
Endla,B2B,AU,,Early,0.0,8.0,2.0,Software that increases the value of oil & gas wells
Endpoint Health,Healthcare,US,,Early,0.0,23.0,4.0,Precision-first therapies
Enerjazz,Industrials,IN,,Early,0.0,9.0,2.0,Making electric vehicle batteries affordable 
Enflux,Healthcare,US,,Early,0.0,2.0,2.0,Motion capture clothing for injury prevention
Engage Bio,Healthcare,US,,Early,0.0,5.0,2.0,mRNA Immunotherapies to Eliminate Cancer
Engines,B2B,US,,Early,0.0,2.0,2.0,Setup any repo with one command
Enhanced Radar,Industrials,US,,Early,0.0,2.0,2.0,AI for air traffic control
Enlightra,Industrials,CH,,Early,0.0,10.0,2.0,Multicolor lasers for ultrafast data transmission
Enode,Industrials,NO,,Growth,0.0,40.0,3.0,An API for electric vehicles and other energy hardware (DERs)
Enso,B2B,PL,,Early,0.0,20.0,2.0,Self-Service Data Prep and Blend Built for Data Teams.
Entangl,B2B,US,,Early,0.0,5.0,2.0,Find & resolve issues in data center engineering & operations using AI
Entelexo Biotherapeutics,Healthcare,US,,Early,0.0,3.0,3.0,Creating a New Class of Drugs to Address Incurable Autoimmune Diseases
Entocycle,Industrials,GB,,Early,0.0,13.0,1.0,Automated factory to produce insect protein for farm animals. 
Entry,B2B,US,,Early,0.0,7.0,1.0,Biometric sign in and identity verification platform
Entvin,Healthcare,US,,Early,0.0,5.0,2.0,
Enveloop,B2B,US,,Early,0.0,5.0,3.0,Design and send messages from your app with a simple API.
Envelope,Fintech,US,,Early,0.0,2.0,2.0,Banking with built-in budgeting
Enveritas,Industrials,US,,Early,0.0,60.0,1.0,We verify global supply chains for issues like child slavery and…
EnvKey,B2B,US,,Early,0.0,2.0,1.0,End-to-end encrypted configuration and secrets management
Envyl,Consumer,US,,Early,0.0,2.0,2.0,"Envyl enables a fast, reliable and cost effective peer to peer…"
Enzyme,Healthcare,US,,Early,0.0,32.0,2.0,Automating regulatory approval & compliance for life science companies
EPIC AEROSPACE,Industrials,AR,,Early,0.0,14.0,1.0,Last-mile delivery for satellites.
Epicenter,Consumer,US,,Early,0.0,1.0,1.0,"ChatGPT's memory feature in an open, portable format"
Epinoma,Healthcare,US,,Early,0.0,8.0,3.0,We engineer proteins that control the operating system of biology. 
Epsilla,B2B,US,,Early,0.0,3.0,3.0,All-in-one platform to create AI agents with your private knowledge
Epsilon,Education,US,,Early,0.0,2.0,2.0,AI Search Engine for Academic Research
Epsilon3,B2B,US,,Early,0.0,12.0,2.0,"AI-Powered ERP, MES, and Test Software for Complex Operations"
eqtble,B2B,US,,Early,0.0,5.0,3.0,Turning HR data into actionable insights
Equator Therapeutics,Healthcare,US,,Early,0.0,2.0,3.0,We are developing a drug to burn calories and increase metabolism…
EquipmentShare,Real Estate and Construction,US,,Early,0.0,5400.0,4.0,Cloud solutions for the construction industry.
Equipt Health,Healthcare,US,,Early,0.0,0.0,2.0,"Home medical equipment, prescribed online and delivered."
erad,Fintech,SA,,Early,0.0,5.0,3.0,Non-dilutive funding and payments in the Middle East
Ergo,B2B,US,,Early,0.0,0.0,2.0,AI Agents for Sales Operations
Eris Biotech,Healthcare,US,,Early,0.0,2.0,2.0,Our drugs engage the immune system to fight tumors
ErudiFi,Fintech,SG,,Growth,0.0,180.0,2.0,Digital financial services for students in Southeast Asia
Escape,B2B,FR,,Early,0.0,14.0,2.0,The only DAST that works with modern stack and tests business logic
Escher Reality,Consumer,US,,Early,0.0,2.0,1.0,The backend for Augmented Reality.
"Estimote, Inc.",B2B,PL,,Growth,0.0,40.0,2.0,Location intelligence platform
Estoca,B2B,BR,,Early,0.0,80.0,2.0,Logistics Operating System for E-commerces in Latam
Etacts,B2B,US,,Early,0.0,2.0,2.0,
et al.,Consumer,US,,Early,0.0,2.0,2.0,Feed of insights extracted from your go-to sources using LLMs.
EthosX,Fintech,US,,Early,0.0,2.0,2.0,The protocol for derivatives on blockchains
Etleap,B2B,US,,Early,0.0,11.0,1.0,Etleap is an ETL solution for creating perfect data pipelines. 
Eugit Therapeutics,Healthcare,US,,Early,0.0,2.0,1.0,Enabling Tissue Targeting of Therapies
Event Horizon Labs,Fintech,US,,Early,0.0,1.0,1.0,We are building the Post-Human Trader.
Eventual,B2B,US,,Early,0.0,18.0,2.0,Building the AI data engine for any modality and scale
Everest,B2B,US,,Early,0.0,2.0,2.0,We build AI support engineers for outsourced IT services (MSPs)
Ever Loved,Consumer,US,,Early,0.0,5.0,2.0,Helping families plan and pay for funerals.
Every,B2B,Unknown,,Early,0.0,12.0,2.0,Banking + Payroll/Benefits + Bookkeeping + Tax in one place
Everyday.me,Consumer,Unknown,,Early,0.0,11.0,3.0,Everyday.me - Record your life.  Store it forever.  
Everyme,Consumer,US,,Early,0.0,2.0,2.0,The #1 private social network
Evidence,B2B,CA,,Early,0.0,6.0,2.0,Business intelligence as code
Evidently AI,B2B,US,,Early,0.0,2.0,2.0,Open-source monitoring for machine learning models
Evo.Do,B2B,IL,,Early,0.0,2.0,2.0,QA Bots for Games
Evolvere BioSciences,Healthcare,GB,,Early,0.0,3.0,3.0,Making Next-Generation Antibiotics that Outpace Bacterial Evolution
Evoly,Industrials,US,,Early,0.0,4.0,2.0,Smart electric & water meters as a service
Evry Health,Healthcare,US,,Growth,0.0,40.0,3.0,Better health insurance for mid-size companies
Exa,B2B,US,,Early,0.0,22.0,2.0,Web search rebuilt for LLMs
Examedi,Healthcare,CL,,Early,0.0,3.0,3.0,Uber for Healthcare in Latinamerica
Excellence Learning,Education,US,,Early,0.0,4.0,3.0,AI tutor starting with maths and science
Excepgen,Healthcare,US,,Early,0.0,3.0,1.0,
ExceptionALLY,Education,US,,Early,0.0,3.0,3.0,Affordable expertise for special needs parenting.
Exec,Consumer,US,,Early,0.0,11.0,3.0,Exec is a house cleaning service that users can book from their…
Exin Therapeutics,Healthcare,US,,Early,0.0,3.0,3.0,AI drug discovery platform for neurotherapeutics
Exla,B2B,Unknown,,Early,0.0,0.0,2.0,An SDK to run transformer models anywhere
Exly,Consumer,IN,,Early,0.0,95.0,2.0,"One stop shop for creators to launch, manage & grow their knowledge…"
"Exosonic, Inc.",Industrials,US,,Early,0.0,14.0,2.0,Developing supersonic UAVs as a pathway to quiet supersonic flight
expand.ai,B2B,US,,Early,0.0,2.0,1.0,Turn any website into an API.
Expent Inc,B2B,US,,Early,0.0,2.0,2.0,Procure the right software 5x faster
Experiment,Healthcare,US,,Early,0.0,1.0,1.0,crowdfunding platform for science
Explo,B2B,US,,Early,0.0,24.0,2.0,Embedded Analytics and Data Sharing Platform
Explorex,B2B,IN,,Early,0.0,18.0,2.0,Ecosystem Platform for Restaurants in India
Expo,B2B,US,,Early,0.0,23.0,2.0,Expo brings together the best of web and native app development
Extend,B2B,US,,Early,0.0,13.0,2.0,The Modern Document Processing Cloud
Extern,Consumer,US,,Early,0.0,30.0,1.0,"Professional Experience Anytime, Anywhere."
EzDubs,Consumer,US,,Early,0.0,6.0,2.0,Real-time speech translation
Eze,B2B,US,,Early,0.0,32.0,2.0,"The easiest way to track, buy, and sell your company’s tech — all in…"
F4,Industrials,US,,Early,0.0,2.0,2.0,Automating compliance checks for engineering drawings
Fabius,B2B,US,,Early,0.0,2.0,2.0,AI to improve Sales Calls
Fable,B2B,US,,Early,0.0,2.0,2.0,The command center for product teams
Fabric,Consumer,US,,Early,0.0,2.0,2.0,Fabric is a personal location-based journal that catalogs experiences…
Fabricly,B2B,US,,Early,0.0,2.0,2.0,
Facio,Fintech,Unknown,,Early,0.0,36.0,3.0,Salary advance to employees in Brazil.
Faction,Industrials,US,,Early,0.0,25.0,1.0,Driverless electric vehicles at a fraction of the cost of a car.
Factored Quality,B2B,US,,Early,0.0,20.0,1.0,Helping 100+ brands bring all quality and compliance operations…
Faire,B2B,US,,Early,0.0,900.0,3.0,The global online platform empowering independent retail.
Fairway Health,Healthcare,US,,Early,0.0,3.0,3.0,AI Co-Pilot for Health Insurers to Authorize Treatment Faster
Fam,Consumer,US,,Early,0.0,11.0,2.0,Video calling social network to talk with friends and make new friends
FameGame,Consumer,Unknown,,Early,0.0,2.0,2.0,Live and interactive TV shows for mobile - starting with American…
FamilyLeaf,Consumer,US,,Early,0.0,2.0,4.0,Help families stay in touch
FamPay,Fintech,IN,,Early,0.0,24.0,2.0,India’s first neobank for teenagers
Fanchatter,B2B,US,,Early,0.0,11.0,3.0,"FanChatter aggregates, amplifies and empowers fan content on every…"
Fancy,Consumer,GB,,Early,0.0,50.0,2.0,Essentials delivered in 30 minutes.
FanHero,Consumer,US,,Early,0.0,1.0,2.0,
Fanvibe,Consumer,US,,Early,0.0,2.0,3.0,
Farcast,Industrials,US,,Early,0.0,12.0,1.0,We build advanced satcom user terminals
Farel,B2B,US,,Early,0.0,9.0,1.0,Next-gen airline OS
Farmako Healthcare,Healthcare,IN,,Early,0.0,40.0,2.0,India's fastest medicine delivery in just 30 minutes
FarmLogs,Industrials,US,,Growth,0.0,5.0,1.0,Software that helps farmers operate more profitable businesses.
Farmstead,Consumer,US,,Growth,0.0,10.0,1.0,An AI-powered digital grocer that delivers in under 60 mins.
farmtheory,B2B,IN,,Early,0.0,65.0,2.0,India's first vegetable delivery service to restaurants with a hack
FastFarma,Healthcare,EC,,Early,0.0,8.0,3.0,"Digital pharmacy for Latam, that saves you money and time."
Fastgen,B2B,US,,Early,0.0,7.0,3.0,Webflow for the Backend
Fastpad,B2B,IN,,Early,0.0,3.0,1.0,Hiring Software for India
Fathom,B2B,US,,Early,0.0,25.0,1.0,Never take notes again with the #1 AI Meeting Assistant
FathomDB,B2B,US,,Early,0.0,0.0,3.0,
Fat Llama,Consumer,GB,,Growth,0.0,41.0,3.0,Fat Llama is the first fully insured peer-to-peer rental marketplace.…
Fazeshift,B2B,US,,Early,0.0,8.0,2.0,AI agent for Accounts Receivable
FAZZ,Fintech,ID,,Growth,0.0,500.0,3.0,All-in-one Finance for Every Southeast Asia Business
Feanix Biotechnologies,Industrials,Unknown,,Early,0.0,5.0,2.0,Farm Genetics Made Easy - Using DNA and Software
Feather,Consumer,US,,Growth,0.0,125.0,1.0,Furniture rental for consumers and businesses.
FeaturePeek,B2B,US,,Early,0.0,4.0,2.0,Supercharged deployment previews for all.
Federacy,B2B,US,,Early,0.0,2.0,1.0,Penetration testing and bug bounty platform.
Felix Biotechnology,Healthcare,US,,Early,0.0,6.0,3.0,We’re creating programmable therapies
Fella & Delilah,Healthcare,US,,Early,0.0,88.0,1.0,Fella & Delilah is the direct-to-patient clinic for busy families to…
Fello,Fintech,IN,,Early,0.0,24.0,2.0,Grow money and win $1000 every week by saving and playing games
Female Invest,Fintech,DK,,Early,0.0,35.0,3.0,Female Invest is a social e-learning app for finance and investing 
Fern,B2B,US,,Early,0.0,12.0,2.0,Instantly offer SDKs and API Docs
Feroot Security,B2B,CA,,Early,0.0,24.0,2.0,"AI-powered Compliance Platform for PCI 4, CCPA, HIPAA, CIPA, 50+ laws"
Ferveret,Industrials,US,,Early,0.0,13.0,2.0,Liquid cooling solutions inspired by nuclear reactor cooling
Fetch,Consumer,US,,Early,0.0,24.0,2.0,Marketplace for self-service truck rental.
Fetchr,Consumer,US,,Early,0.0,4.0,1.0,The Personal Shopper  in Your Pocket
Fetii,Consumer,US,,Early,0.0,6.0,2.0,"Fetii transports groups and businesses together, on-demand"
Fiber,B2B,Unknown,,Early,0.0,4.0,1.0,We help developers pull data from popular APIs to build integrations
Fiber AI,B2B,US,,Early,0.0,8.0,2.0,"AI TAM list builder for targeted prospecting, outbound & recruiting"
Fibo,B2B,US,,Early,0.0,15.0,1.0,SaaS calendar and messaging for SMBs
Ficra,B2B,US,,Early,0.0,2.0,2.0,"Real time, source of truth for every product screen and user flow"
FidoCure®,Healthcare,US,,Growth,0.0,14.0,1.0,FidoCure® is the leader in Precision Medicine for Canine Oncology.
Fieldguide,B2B,US,,Early,0.0,130.0,2.0,Vertical AI for Audit & Advisory Firms
Fieldproxy,B2B,IN,,Early,0.0,15.0,2.0,Retool for 20 Million Field Teams
FifthTry,B2B,IN,,Early,0.0,4.0,1.0,Continuous Documentation To End Documentation Rot
Fig,B2B,US,,Early,0.0,5.0,2.0,"Fig adds visual apps, shortcuts, and autocomplete to your terminal."
FightCamp,Consumer,US,,Early,0.0,64.0,3.0,Home boxing gym with motion trackers that compute punches and reps. 
Fiix,Consumer,CA,,Early,0.0,2.0,3.0,"Fiix sends expert auto mechanics to your home, so you don’t have to…"
Filadd,Education,AR,,Early,0.0,100.0,4.0,We help students in Latin America graduate from College.
Fileforge,B2B,US,,Early,0.0,3.0,3.0,API For PDF Document Workflows
FileStack,B2B,US,,Early,0.0,50.0,4.0,Acquired by Xenon Ventures.We enable website developers to hook into…
Filta,Consumer,US,,Early,0.0,3.0,1.0,The Face Filter NFT Marketplace
Final,Fintech,US,,Early,0.0,11.0,1.0,A credit card that drastically reduces payment fraud and gives…
Finantier,Fintech,SG,,Early,0.0,40.0,2.0,Plaid for Southeast Asia
Finary,Fintech,US,,Early,0.0,6.0,4.0,Discord for investing.
Finary.com,Fintech,FR,,Early,0.0,5.0,2.0,The new wealth manager for Europe
finbar,Fintech,Unknown,,Early,0.0,2.0,2.0,The AI investment analyst
Finch,B2B,US,,Early,0.0,63.0,2.0,Finch is the universal API for payroll and HR
Findly,B2B,GB,,Early,0.0,11.0,3.0,Co-pilot for Business Intelligence
FinFlx,Fintech,AE,,Early,0.0,8.0,2.0,Flexible Workplace Savings plans for SMEs in MENA.
Fingo Africa,Fintech,KE,,Early,0.0,8.0,4.0,A neobank for Africa's 500 million youth
Fini,B2B,NL,,Early,0.0,14.0,2.0,Fini | Automate 80% of enterprise support with AI agents
Finic,Fintech,US,,Early,0.0,2.0,2.0,AI-Native Fincrime Platform
Finku,Fintech,ID,,Early,0.0,50.0,2.0,Personal finance platform for Indonesia
Finlens,B2B,US,,Early,0.0,6.0,1.0,AI Accounting for Founders & Accountants
Finley,Fintech,US,,Early,0.0,32.0,3.0,Streamline your debt capital raise and management
Finmark,B2B,US,,Early,0.0,14.0,3.0,Financial planning software for startups
Finni Health,Healthcare,Unknown,,Early,0.0,35.0,2.0,Empowering Autism Care Providers to Go Independent
Finnix,Fintech,ID,,Early,0.0,13.0,3.0,Financial technology solutions for Indonesian creative businesses
Finnt,B2B,Unknown,,Early,0.0,4.0,1.0,AI Agents for CFO and Finance teams
FINNY AI,Fintech,US,,Early,0.0,4.0,3.0,The OS for independent financial advisors 
Finosu,Fintech,Unknown,,Early,0.0,2.0,2.0,AI Native Consumer Loan Servicer
Finta,B2B,US,,Early,0.0,2.0,1.0,Magically simplify accounting and taxes
Fintelite,Fintech,SG,,Early,0.0,20.0,2.0,Intelligent Process Automation for Lending.
Fintoc,Fintech,CL,,Early,0.0,60.0,2.0,Account-to-Account payments in Mexico and Chile.
Finto,B2B,Unknown,,Early,0.0,3.0,3.0,AI accounting for enterprise finance teams
Fintool,B2B,US,,Early,0.0,6.0,2.0,Financial copilot for institutional investors
Fintual,Fintech,CL,,Growth,0.0,100.0,4.0,Wealth manager
Finvest,Fintech,US,,Early,0.0,5.0,1.0,Easy way to buy US Treasury Bills
Fira,B2B,Unknown,,Early,0.0,2.0,2.0,Agentic AI platform for investment firms
Firebase,B2B,US,,Growth,0.0,500.0,2.0,"Build and grow iOS, Android, and Web apps."
Firebender,B2B,Unknown,,Early,0.0,2.0,2.0,Android Studio Coding Assistant
Firecrawl,B2B,US,,Early,0.0,14.0,3.0,The web data API for AI
Firezone,B2B,US,,Early,0.0,3.0,1.0,"Easiest, most secure way to set up Zero Trust Access for your team"
FIRST,B2B,US,,Early,0.0,12.0,2.0,The best way for any business to offer delivery. 
Firstbase.io,B2B,US,,Growth,0.0,50.0,1.0,The all-in-one startup operating system
Firsthand,B2B,Unknown,,Early,0.0,2.0,1.0,"Firsthand makes software-enabled, self-serve retail kiosks that carry…"
FirstIgnite,B2B,Unknown,,Early,0.0,9.0,2.0,AI-Powered Business Development for Scientific Organizations
FirstQuadrant,B2B,US,,Early,0.0,2.0,2.0,Sales AI that helps revenue teams move faster and close more deals.
FirstSupport.ai,B2B,ID,,Early,0.0,4.0,1.0,AI Assistant for Customer Support
FirstWork,B2B,US,,Early,0.0,9.0,2.0,Rippling for seasonal workers
FitFu,Consumer,US,,Early,0.0,2.0,2.0,New projects
Fithub,B2B,Unknown,,Early,0.0,0.0,2.0,
FitHub,Consumer,CO,,Growth,0.0,60.0,4.0,The one-stop shop for healthy products
Fitia,Healthcare,US,,Early,0.0,26.0,2.0,Automated Meal Planner & Nutrition Tracking
FitnessAI,Consumer,US,,Early,0.0,1.0,1.0,App offering AI powered workout plans with anytime access to coaches
Fit to Form,Consumer,US,,Early,0.0,2.0,2.0,Fit to Form is a site where women shop for dresses based on their…
Fivestars,B2B,US,,Growth,0.0,201.0,2.0,Customer loyalty and payments platform for small businesses.
Fivetran,B2B,US,,Early,0.0,1200.0,2.0,The leader in automated data movement
fixa,B2B,US,,Early,0.0,2.0,1.0,sentry for AI voice agents
Fixed,Consumer,US,,Early,0.0,2.0,1.0,iPhone app to fight your parking tickets.
Fizz,Fintech,US,,Early,0.0,16.0,2.0,Fizz is the #1 money app for young adults.
Flagr,Consumer,US,,Early,0.0,2.0,1.0,
Flagright,B2B,SG,,Early,0.0,31.0,2.0,AI-native AML compliance platform for fintechs & banks
Flai,Industrials,US,,Early,0.0,3.0,3.0,We Bring Customers to Your Dealership
Flair Labs,B2B,US,,Early,0.0,4.0,1.0,The world's first digital concierge for real estate and lending
Flair Technologies,Healthcare,US,,Early,0.0,0.0,1.0,Driving The Smartest Contract Negotiation for Hospitals
Flaviar,Consumer,US,,Early,0.0,60.0,3.0,Try-at-home service for fine spirits
Fleek,B2B,GB,,Early,0.0,100.0,2.0,A B2B marketplace for wholesale second hand fashion
Fleetline,B2B,US,,Early,0.0,2.0,2.0,Optimizing fleet planning with data driven algorithms
FleetWorks,B2B,US,,Early,0.0,20.0,2.0,AI enabled marketplace matching trucks with jobs
Fleetzero,Industrials,US,,Early,0.0,15.0,2.0,Battery-electric cargo ships. 
Flex,Fintech,Unknown,,Early,0.0,8.0,2.0,Stripe for HSA/FSA payments
FlexDesk,B2B,US,,Early,0.0,8.0,2.0,One platform for corporate occupiers to manage their office portfolios
flexEngage,B2B,US,,Growth,0.0,25.0,2.0,Dynamic transactional communications for physical stores to help…
Flexport,B2B,US,,Growth,0.0,3000.0,1.0,Platform for global logistics.
Flextock,B2B,EG,,Early,0.0,10.0,2.0,Tech-enabled fulfillment provider in the Middle East & Africa
FlexWash,B2B,US,,Early,0.0,2.0,2.0,The operating system for the car wash industry.
FlightCar,Consumer,US,,Early,0.0,51.0,3.0,"FlightCar is the Airbnb of Car Rentals at Airports.
We allow people…"
Flightcaster,Consumer,US,,Early,0.0,2.0,5.0,
Flightcontrol,B2B,US,,Early,0.0,6.0,2.0,"Deploy apps with utmost reliability, flexibility, and performance"
Flightfox,B2B,US,,Early,0.0,25.0,2.0,"A platform to plan, book and manage global and group travel."
Flike,B2B,US,,Early,0.0,8.0,2.0,Flike's AI crafts sales emails that convert
Flint,Healthcare,US,,Early,0.0,20.0,2.0,Securing Nurses for Your Future
Flinto,Fintech,MX,,Early,0.0,0.0,4.0,Mexico's digital wallet
Flip,Consumer,US,,Early,0.0,0.0,1.0,Community-driven marketplace for sneakers.
Flirtey (SkyDrop),Industrials,US,,Growth,0.0,11.0,1.0,Flirtey is the world’s first commercial drone delivery service and…
Float,Fintech,US,,Early,0.0,2.0,2.0,Supply chain finance for consumer brands
Float Health,Healthcare,US,,Early,0.0,3.0,2.0,Float is the full-stack platform for Specialty Pharma
Floatpays Inc,Fintech,ZA,,Early,0.0,15.0,1.0,On-demand wage access service built for the African market
Flockjay,B2B,US,,Early,0.0,12.0,1.0,"AI-driven learning, content, and coaching for sales teams"
Flock Safety,B2B,US,,Early,0.0,1000.0,2.0,The first public safety operating system that eliminates crime.
Flok,B2B,US,,Early,0.0,5.0,2.0,End to end company retreat planning
Floobits,B2B,US,,Early,0.0,2.0,1.0,Real-time collaborative editing in the browser with support for…
Floot,B2B,US,,Early,0.0,2.0,2.0,Vibecoding platform for non-coders to build serious apps
Flo Recruit,B2B,US,,Early,0.0,45.0,2.0,We help law firms hire the best legal talent faster
Flott HQ,B2B,Unknown,,Early,0.0,2.0,2.0,AI-native operating system for vehicle fleet management
Flotype,B2B,US,,Early,0.0,2.0,3.0,Third generation of web apps.
Flow,B2B,US,,Early,0.0,3.0,2.0,Improve your browsing experience by staying organized and intentful
Flowbo,Fintech,US,,Early,0.0,2.0,2.0,Pipe for online businesses
Flowbot,B2B,US,,Early,0.0,2.0,1.0,A natural language-driven programming assistant.
Flow Club,B2B,US,,Early,0.0,6.0,2.0,Virtual Co-working Community
Flowdash,B2B,US,,Early,0.0,5.0,2.0,Quickly build internal tools for your ops team's manual workflows
FlowDeploy,B2B,US,,Early,0.0,3.0,2.0,Bioinformatics pipelines in the cloud
FlowEQ,B2B,US,,Early,0.0,7.0,1.0,No-code workflow tool
Flower,B2B,Unknown,,Early,0.0,20.0,3.0,Train AI on distributed data
FLOWER CO.,Consumer,US,,Growth,0.0,30.0,2.0,FLOWER CO. sells weed on the internet.
Flowglad,B2B,US,,Early,0.0,4.0,2.0,The payment processor for natural language software
FlowiseAI,B2B,Unknown,,Early,0.0,5.0,2.0,Open source GenAI development platform
Flowly,Healthcare,US,,Early,0.0,3.0,3.0,Our mobile app reduces chronic pain for 100 million Americans. 
Floworks,B2B,US,,Early,0.0,20.0,2.0,Hire the best AI Sales employees | AI SDR | AI RevOps | AI EA
Flowspace,B2B,US,,Early,0.0,48.0,2.0,The operating system powering ecommerce fulfillment
FloydHub,B2B,US,,Early,0.0,4.0,2.0,"ML Platform for developing, training and deploying ML models"
Fluently,B2B,Unknown,,Early,0.0,2.0,2.0,AI-powered speaking coach for calls
Fluidize,B2B,US,,Early,0.0,3.0,3.0,Helping scientists and engineers run experiments with AI. 
fluke,Consumer,BR,,Early,0.0,18.0,3.0,fluke is a full-digital mobile operator in Brazil
Flutter,B2B,US,,Early,0.0,2.0,2.0,Flutter combined computer vision technology with the built-in webcams…
FlutterFlow,B2B,US,,Early,0.0,70.0,2.0,Application Development Platform (Native Mobile + Web Apps)
Flutterwave,Fintech,NG,,Early,0.0,500.0,2.0,Helping businesses make and accept payments from anywhere in Africa.
Flux,Fintech,MX,,Early,0.0,9.0,2.0,Flux is building the payment network for alternative payments in…
Flux Auto,Industrials,US,,Early,0.0,56.0,2.0,General Autonomy for Controlled Spaces
FlyCode,Fintech,US,,Early,0.0,7.0,3.0,Recover failed subscription payments to increase retention and LTV
Flyflow,B2B,Unknown,,Early,0.0,2.0,2.0,The easiest way to find high-quality sales leads
Fly.io,B2B,US,,Early,0.0,72.0,4.0,Run full stack apps close to your users.
Flytenow,Consumer,US,,Early,0.0,3.0,4.0,Ride sharing for small planes
Flywheel AI,Industrials,US,,Early,0.0,2.0,2.0,Waymo for excavators
Fobo,Consumer,US,,Early,0.0,2.0,2.0,Sell to people nearby.
Focal,Consumer,US,,Early,0.0,2.0,2.0,AI video creation tool for TV shows and movies
Focal Systems,B2B,US,,Early,0.0,170.0,1.0,Building the Operating System for B&M Retail using Deep Learning
Fogbender,B2B,US,,Early,0.0,6.0,1.0,Customer support tool purpose-built for companies that sell APIs
FollowUpThen,B2B,US,,Early,0.0,1.0,1.0,FollowUpThen is an email-based personal assistant that sends you…
Fond,B2B,US,,Growth,0.0,51.0,2.0,Rewards and recognition SaaS for HR leaders
Fondeadora,Fintech,MX,,Early,0.0,160.0,2.0,We are connecting every single Mexican to the financial system.
Fondo,B2B,US,,Early,0.0,80.0,1.0,"Bookkeeping, tax, & tax credits on autopilot for 1,000+ startups"
Font Awesome,B2B,US,,Growth,0.0,17.0,2.0,Icons and social logos for your website.
FoodCourt,Consumer,NG,,Early,0.0,80.0,2.0,Virtual Restaurants & Stores for Africa
Foodoro,Consumer,US,,Early,0.0,11.0,1.0,
Forage,B2B,US,,Early,0.0,65.0,2.0,"Online job simulations for companies to train, and then hire, students"
Forage Mail,Consumer,US,,Early,0.0,4.0,2.0,AI that solves email overwhelm. Not another mail app.
Forcyte Biotechnologies,Healthcare,US,,Early,0.0,5.0,2.0,"Discover drugs that control how much cells ""squeeze"" to treat disease"
Forerunner AI,Industrials,US,,Early,0.0,2.0,2.0,AI that gets aircraft flying faster
Forever Labs,Healthcare,US,,Early,0.0,12.0,3.0,"We bank your stem cells to help you live healthier, longer."
Foreword,Education,US,,Early,0.0,2.0,2.0,"A marketplace for live, online workshops for professionals"
Forfeit,Consumer,US,,Early,0.0,2.0,2.0,An app that takes your money if you don't complete your habits.
Forge,B2B,US,,Early,0.0,3.0,2.0,Getting companies refunds on tariffs & duties
Forge Automation,Industrials,CA,,Early,0.0,9.0,2.0,Software Enabled CNC Parts Supplier
Forge Rewards,B2B,US,,Early,0.0,2.0,2.0,Starbucks app for restaurants
Formal,B2B,US,,Early,0.0,10.0,1.0,Take control of your data in real-time.
Formance,B2B,FR,,Early,0.0,14.0,1.0,Open Source Infrastructure for the Financial Internet
Formula Insight,B2B,US,,Early,0.0,2.0,2.0,"Help Institutional Investors manage, track & query their Excel models"
Fortuna Health,Healthcare,US,,Early,0.0,12.0,3.0,TurboTax for Medicaid
Foundation,Real Estate and Construction,US,,Early,0.0,4.0,2.0,Shopify for Homebuilders
SAVA,Industrials,US,,Early,0.0,3.0,2.0,Autonomous Factories for American Manufacturing
Foundry,B2B,US,,Early,0.0,2.0,1.0,World Model for Browser Agents
Fountain,B2B,US,,Early,0.0,200.0,1.0,High volume hiring made simple
Fountain9,B2B,IN,,Early,0.0,8.0,2.0,Helping food brands and retailers reduce food wastage
Four Growers,Industrials,US,,Early,0.0,14.0,2.0,Robots that feed the world - robotic harvesting and analytics
Foxpass,B2B,US,,Early,0.0,10.0,1.0,Making enterprise security practices available for all companies.
Fractal Labs,Consumer,Unknown,,Early,0.0,3.0,3.0,
Fractional,Fintech,US,,Early,0.0,10.0,2.0,The place where motivated investors and entrepreneurs co-own together.
Fragment,B2B,Unknown,,Early,0.0,2.0,2.0,Turn manual operations into scalable processes
Framebase,Consumer,US,,Early,0.0,2.0,4.0,API for video.
Framed Data,B2B,US,,Early,0.0,2.0,2.0,Predicted churn for enterprises. (Acquired by Block)
Freestyle,B2B,US,,Early,0.0,5.0,2.0,We run and deploy code your AI wrote
Frekil,Healthcare,US,,Early,0.0,2.0,2.0,Scale AI for Medical Scans
Fresco,Real Estate and Construction,Unknown,,Early,0.0,2.0,2.0,AI copilot for construction superintendents
Fresh Factory,B2B,ID,,Early,0.0,100.0,3.0,Smart Cold Chain Fulfillment Platform
Freshpaint,B2B,US,,Early,0.0,100.0,1.0,"Customer data collection, safeguarding, & activation for healthcare"
Freshplum,B2B,US,,Early,0.0,8.0,2.0,Analytics with action
Freterium,B2B,MA,,Early,0.0,21.0,2.0,Real-Time Collaborative Transport Management Platform
FREY,Consumer,US,,Early,0.0,3.0,3.0,FREY is a line of exceptional laundry and clothing care products.…
Freya,Fintech,US,,Early,0.0,2.0,2.0,Voice AI for European Enterprises
Friday,Consumer,US,,Early,0.0,2.0,1.0,The AI Email Client
Fridge,Consumer,US,,Early,0.0,2.0,2.0,Disposable social networks.
Frigade,B2B,US,,Early,0.0,4.0,2.0,AI-powered product assistance for modern software teams
Friz,Consumer,SG,,Early,0.0,4.0,2.0,AI Social Media Manager
Frizzle,Education,US,,Early,0.0,2.0,2.0,AI Grading for Teachers
Frogmetrics,B2B,US,,Early,0.0,2.0,2.0,
Front,B2B,US,,Growth,0.0,385.0,2.0,Customer communications hub for building strong relationships
FrontPage,Fintech,IN,,Early,0.0,15.0,1.0,Community for 100M Indian Financial Market Traders & Investors
Frubana Inc,B2B,BR,,Early,0.0,384.0,1.0,The everything store for restaurants in LATAM.
Fuell,B2B,ES,,Early,0.0,23.0,1.0,Fuell is a leading Expense Management solution that modernizes…
Fulcrum,B2B,US,,Early,0.0,2.0,2.0,The agentic debugger for AI systems
Fullstack Academy,Education,US,,Early,0.0,220.0,2.0,Pioneer in immersive code education. Acquired by Zovio (NASDAQ: ZVO)…
Fume,B2B,US,,Early,0.0,2.0,2.0,We are building the AI Software Developer
Function of Beauty,Consumer,US,,Early,0.0,300.0,3.0,"Customizable beauty for hair, skin, and body care products."
FunctionUp (FanPlay),Education,IN,,Early,0.0,20.0,2.0,A skill-tech platform that runs placement bootcamps
FundersClub,Fintech,US,,Growth,0.0,5.0,2.0,Online VC
Furmacy,Healthcare,US,,Early,0.0,5.0,2.0,Digital e-prescribing software for veterinarians.
FurtherAI,B2B,US,,Early,0.0,8.0,2.0,AI Workforce for the Insurance Industry
Fuse,Fintech,US,,Early,0.0,7.0,3.0,Unified API for financial data aggregators.
FuseAI,B2B,Unknown,,Early,0.0,8.0,2.0,The only sales software you will ever need. 
FUTURA,Healthcare,MX,,Early,0.0,115.0,3.0,Digitizing dentistry in LatAm
FutureAdvisor,Fintech,US,,Growth,0.0,51.0,1.0,The online financial management service for everyone.
FutureClinic,Healthcare,US,,Early,0.0,4.0,4.0,Personal doctors through chat
Future Fields,Healthcare,CA,,Early,0.0,34.0,2.0,We make unmakeable proteins with radical advanced biomanufacturing. 
Fuzzbuzz,B2B,US,,Early,0.0,0.0,3.0,Fuzzing as a Service
Fuzzwich,Consumer,US,,Early,0.0,2.0,2.0,
Fynn,Fintech,US,,Early,0.0,26.0,3.0,SoFi for trade students
Gaiascope,B2B,US,,Early,0.0,9.0,2.0,SaaS that helps renewables & energy storage operate more profitably
Gaiia,B2B,US,,Early,0.0,40.0,2.0,all-in-one operating system (OS) for telcos
Gainful,Consumer,US,,Early,0.0,30.0,1.0,Personalized Performance Nutrition
Gait,B2B,US,,Early,0.0,2.0,2.0,Building Dev Infra for AI Software Engineers
Galaxy,B2B,US,,Early,0.0,2.0,1.0,Social SDK for games
Gale,B2B,US,,Early,0.0,3.0,3.0,Fast and Data-Driven Immigration Platform
Galen AI,Healthcare,Unknown,,Early,0.0,2.0,2.0,"Personal AI healthcare agent, powered by clinical and wearable data."
Galini,B2B,US,,Early,0.0,2.0,2.0,Compliance guardrails-as-a-service for AI applications
Gamador,Consumer,US,,Early,0.0,2.0,1.0,
Gamebytes,Consumer,US,,Early,0.0,4.0,2.0,Chat game universe
Gameday,Consumer,US,,Early,0.0,2.0,1.0,Play fantasy sports with friends on Facebook Messenger
Gamelynx,Consumer,US,,Early,0.0,5.0,2.0,Easily watchable cross-platform competitive games.
GamerPay,Consumer,DK,,Early,0.0,6.0,4.0,We are the marketplace for trading gaming skins & assets without scams
Gander,B2B,US,,Early,0.0,4.0,1.0,Automation System for Global Aviation
Gantto,B2B,US,,Early,0.0,0.0,2.0,Better Microsoft Project.
Garage,B2B,US,,Early,0.0,10.0,2.0,"Marketplace for emergency vehicles, equipment, and more."
garten,B2B,US,,Growth,0.0,201.0,1.0,Creating workplace wellbeing.
Gas Pos,Fintech,US,,Early,0.0,15.0,2.0,Modern Point of Sale for Gas Stations and Truck Stops
Gather,B2B,US,,Early,0.0,6.0,3.0,Project management software for People Operations
Gauge,B2B,US,,Early,0.0,2.0,2.0,Get your product featured in AI answers.
Gaus,Fintech,US,,Early,0.0,2.0,2.0,AI advisor for retail investors
Gauss,Fintech,US,,Early,0.0,16.0,2.0,Lower interest rates on existing credit cards
GazeHawk,B2B,US,,Early,0.0,2.0,2.0,Eyetracking using webcams.
GBatteries,Industrials,CA,,Early,0.0,25.0,2.0,Enabling li-ion batteries to charge ultra fast without compromising…
Gecko Robotics,Industrials,US,,Early,0.0,230.0,2.0,AI + Robotics for the Built World
Gecko Security,B2B,US,,Early,0.0,2.0,2.0,The AI Security Engineer to Find and Fix Vulnerabilities 
Gem,B2B,US,,Growth,0.0,200.0,1.0,Talent engagement platform
Gemnote,B2B,US,,Growth,0.0,40.0,1.0,"Gemnote is the easiest way to design, create and send custom products."
GEn1E Lifesciences,Healthcare,US,,Early,0.0,0.0,1.0,AI platform accelerating therapies for rare & inflammatory diseases.
Genecis Bio,Industrials,CA,,Early,0.0,30.0,1.0,Makes guilt-free plastics from food waste
General Agency,B2B,US,,Early,0.0,2.0,2.0,AI coworkers that can learn and act just like a human
General Analysis,B2B,US,,Early,0.0,2.0,1.0,Automated AI Safety and Red Teaming Tools
General Proximity,Healthcare,US,,Early,0.0,15.0,1.0,The next generation of induced-proximity medicines.
General Trajectory,B2B,US,,Early,0.0,1.0,1.0,Reasoning models for robotics
Genius,Consumer,US,,Growth,0.0,101.0,2.0,Music Intelligence
Genomelink,Healthcare,US,,Early,0.0,15.0,3.0,DNA App Store
Genuity,B2B,US,,Early,0.0,31.0,3.0,SaaS Platform to manage IT and buy business software 
Georgette Packaging,B2B,CA,,Growth,0.0,15.0,1.0,Carbon neutral packaging for ambitious businesses.
Geosite,B2B,US,,Early,0.0,40.0,1.0,Geosite is an enterprise SaaS platform for spatial data.
Geostar,B2B,US,,Early,0.0,2.0,2.0,Geostar drives inbound for companies through search.
"Gerald Technologies, Inc",Fintech,US,,Early,0.0,12.0,2.0,Buy Now Pay Later + Cash Advance for Household Essentials
Gerostate Alpha,Healthcare,US,,Early,0.0,6.0,3.0,Developing novel therapeutics for aging and chronic disease
GetAccept,B2B,US,,Growth,0.0,200.0,4.0,Close deals faster. Digitally.
GETASAP ASIA,B2B,US,,Early,0.0,17.0,2.0,Tech-Enabled Distributor for Retailers in Southeast Asia
Getcho,B2B,US,,Early,0.0,3.0,3.0,The reliability platform for last-mile delivery
GetCrux,B2B,US,,Early,0.0,9.0,3.0,AI Creative Strategist
GetGoing,Consumer,US,,Early,0.0,11.0,3.0,"We are building a ""transparent opaque"" airfare and hotel booking site…"
GhostEye,B2B,US,,Early,0.0,2.0,2.0,The Offensive Security Team that never sleeps.
Ghostship,B2B,US,,Early,0.0,2.0,2.0,AI Agents that Find Bugs in Your Product
Giga,B2B,US,,Early,0.0,8.0,2.0,AI customer service agent for B2C  Companies
Gigs,B2B,US,,Early,0.0,90.0,2.0,Stripe for phone plans. 
Gigs Live,Consumer,US,,Early,0.0,3.0,2.0,Video publishing and monetization platform for creators and artists
Gigster,B2B,US,,Growth,0.0,51.0,1.0,Build and manage distributed teams
Gigwell,B2B,US,,Early,0.0,12.0,3.0,Building the Future of Live Event Bookings.
Gilgamesh Pharmaceuticals,Healthcare,US,,Early,0.0,15.0,3.0,"Gilgamesh Pharmaceuticals, a Clinical stage biotechnology company…"
GimBooks,B2B,IN,,Early,0.0,16.0,1.0,GimBooks makes Bookkeeping Easy for small business owners
GIMO,Fintech,VN,,Early,0.0,70.0,1.0,We help underbanked workers get paid before payday
Ginkgo Bioworks,Healthcare,US,,Growth,0.0,641.0,5.0,Our mission is to make biology easier to engineer.
Duckly,B2B,US,,Early,0.0,5.0,2.0,Video chat with real-time collaboration.
GitLab,B2B,US,,Growth,0.0,2000.0,2.0,A complete DevOps platform delivered as a single application.
GitPrime,B2B,US,,Growth,0.0,110.0,2.0,Visibility and analytics for software development leaders.
GitStart,B2B,US,,Early,0.0,19.0,1.0,Pull Requests as a Service
GiveAway,Consumer,US,,Early,0.0,1.0,1.0,Community driven marketplace for used things 
GiveCampus,Education,US,,Early,0.0,105.0,2.0,The fundraising platform for schools.
Giveffect,B2B,US,,Early,0.0,0.0,2.0,"Fundraising, Volunteer and Donor Management SaaS for nonprofits."
Givefront,Fintech,Unknown,,Early,0.0,4.0,1.0,Nonprofit Financial Management
GiveMeTap,Consumer,GB,,Early,0.0,1.0,1.0,We produce & sell stainless steel water bottles that enables people…
GiveSpark,B2B,US,,Early,0.0,1.0,1.0,Givespark was a celebrity charity fundraising platform
Glade,Consumer,US,,Early,0.0,8.0,1.0,Building the next generation of video games using AI
Glass Health,Healthcare,US,,Early,0.0,2.0,2.0,AI-Powered Clinical Decision Support
Glassjar,Fintech,US,,Early,0.0,2.0,2.0,Clean app for check writing
Glasskube,B2B,Unknown,,Early,0.0,5.0,2.0,"Software Distribution Platform for On-Prem, Kubernetes, Docker & BYOC"
GlassMap,Consumer,US,,Early,0.0,11.0,3.0,Location sharing. Acquired by Groupon in 2013.
Gleam,Healthcare,US,,Early,0.0,2.0,1.0,AI for Clinical Research
Glide,B2B,US,,Growth,0.0,40.0,3.0,"Create the app your business needs, without coding."
Glider,B2B,US,,Early,0.0,2.0,3.0,We filter distracting emails away from your inbox.
Glimmer,B2B,US,,Early,0.0,2.0,2.0,AI search for massive PDFs
Glimpse,Consumer,US,,Early,0.0,5.0,1.0,A social video chat.
Glimpse K12,Education,US,,Early,0.0,6.0,2.0,Glimpse eliminates ineffective spending in schools.
Glio,Consumer,BR,,Early,0.0,2.0,1.0,Amazon Marketplace for Latin America
Glisten AI,B2B,US,,Early,0.0,1.0,1.0,Glisten AI automatically categorizes and tags e-commerce product data.
Glitzi,Consumer,MX,,Early,0.0,33.0,2.0,"At-home spa, beauty & grooming services marketplace for LatAm"
G LNK,B2B,US,,Early,0.0,2.0,2.0,Simplifying Collaboration for Healthcare Organizations & Professionals
Global Belly,B2B,US,,Early,0.0,2.0,2.0,Marketplace enabling social commerce for brands and content creators. 
Globe,Fintech,SC,,Growth,0.0,20.0,2.0,coinbase for derivatives
Glow Energy,Industrials,Unknown,,Early,0.0,6.0,2.0,Unlocking Virtual Power Plants for rental properties
Glowing.io,B2B,US,,Early,0.0,11.0,1.0,"Unified, enterprise messaging platform for leading brands of the world"
Gluetrail,B2B,FR,,Early,0.0,2.0,2.0,Create step by step articles with screenshots and videos 10x faster
Go1,B2B,US,,Growth,0.0,650.0,4.0,A learning platform that enables you to train your staff or customers.
GOAT Group,Consumer,US,,Growth,0.0,1600.0,2.0,"Platform for the greatest products from the past, present and future."
Gobble,Consumer,US,,Growth,0.0,73.0,1.0,"Daily meal delivery, personalized to your tastes."
Gobillion,Consumer,IN,,Early,0.0,10.0,2.0,Pinduoduo for India
GoBuild (fka Brick),Fintech,US,,Early,0.0,18.0,2.0,The payments solution for small scale construction. 
GoCardless,Fintech,GB,,Growth,0.0,900.0,2.0,We’re building the world’s bank payment network.
GoComm,B2B,US,,Early,0.0,2.0,1.0,Mobile communications platform for teams working on live events
Godela,B2B,US,,Early,0.0,2.0,2.0,AI Physics Engine to replace simulations and prototypes
goDutch,Fintech,IN,,Early,0.0,10.0,3.0,Group payments product which lets people pay together at any offline…
GoGoGrandparent,Consumer,US,,Growth,0.0,50.0,2.0,"A concierge service for seniors’ rides, meals, meds, home and more."
GoJom,Real Estate and Construction,PE,,Early,0.0,140.0,3.0,One-stop-shop for Real Estate Solutions. 
Goldbelly,Consumer,US,,Early,0.0,125.0,4.0,Empowering restaurants and small food makers to ship nationwide.
GoldenBasis,Fintech,US,,Early,0.0,2.0,2.0,Modern back-office software for brokerages
Golf,B2B,Unknown,,Early,0.0,2.0,2.0,Security for enterprise MCP servers.
GoLinks,B2B,US,,Growth,0.0,70.0,1.0,"Intuitive, easy-to-remember short links - powered by AI."
GoLorry,B2B,IN,,Early,0.0,30.0,3.0,Mobile marketplace for inter-city trucking in India
Golpo,B2B,US,,Early,0.0,2.0,2.0,Most Powerful AI Video Gen Model for Explainer Videos From Documents
Gonddo,B2B,BR,,Early,0.0,6.0,3.0,Wholesale marketplace for independent retailers buy & manage inventory
GoodCourse,B2B,GB,,Early,0.0,8.0,2.0,The TikTok style corporate training platform
Goodcover,Fintech,US,,Growth,0.0,4.0,2.0,"Digital Co-op Renters Insurance = half the price, better coverage."
goodfin,Fintech,US,,Early,0.0,7.0,1.0,Building the next generation of wealth
Goodkind,B2B,CA,,Early,0.0,30.0,2.0,Student communications platform for higher education
Goodly,B2B,US,,Early,0.0,5.0,1.0,Student loan repayment as an employee benefit. 
Goodybag,B2B,US,,Early,0.0,11.0,3.0,An online tool for companies to order food from restaurants and…
Goosebump,Consumer,FR,,Early,0.0,2.0,3.0,Find the best electronic music events in a single message.
Gordian Software,Consumer,US,,Early,0.0,30.0,1.0,Building software to remove friction in travel
GoSats,Fintech,IN,,Early,0.0,8.0,2.0,GoSats helps you earn free bitcoin when you shop in India.
GoScale,B2B,GB,,Early,0.0,2.0,2.0,Dynamical Scaling Virtual Machines as a Service
Gotrade,Fintech,US,,Early,0.0,22.0,1.0,Robinhood for World
GovDash,Government,US,,Growth,0.0,28.0,3.0,AI platform for winning government contracts.
GovEagle,Government,US,,Early,0.0,10.0,2.0,First draft of a government RFP response in 60 min
GovernGPT,Fintech,CA,,Early,0.0,5.0,2.0,The RFP Platform Asset Managers Adopt
Govly,Government,US,,Growth,0.0,30.0,3.0,The #1 Market Network for Government Contractors.
GovPredict,Government,US,,Early,0.0,60.0,1.0,The system of record for government affairs.
Grabb-It,B2B,US,,Early,0.0,3.0,2.0,Grabb-It is a location based Dynamic Digital - OOH advertising…
GradeWiz,Education,US,,Early,0.0,2.0,1.0,AI Grading for Teachers
Gradia Health,Healthcare,US,,Early,0.0,7.0,2.0,"Integrated, high touch healthcare — at scale"
GraffitiGeo,Consumer,US,,Early,0.0,2.0,2.0,We let you know where to go and what to get once you get there.…
Graft Concepts,Consumer,US,,Early,0.0,2.0,3.0,Graft Concepts makes unique iPhone cases and other mobile accessories
Grai,B2B,US,,Early,0.0,3.0,1.0,Open source version control for metadata
Grain,Fintech,US,,Early,0.0,30.0,3.0,Grain transforms the debit card you already have into a credit card…
Granza Bio,Healthcare,US,,Early,0.0,5.0,2.0,Advancing Therapeutic Delivery
GreaseBoss,Industrials,AU,,Early,0.0,10.0,2.0,GreaseBoss verifes industrial machinery is greased correctly
Great Question,B2B,US,,Early,0.0,22.0,2.0,User research on autopilot. 
Greenboard,Fintech,US,,Early,0.0,9.0,2.0,'Rippling' for Financial Compliance and Operations 
Green Canopy NODE,Real Estate and Construction,US,,Early,0.0,31.0,2.0,Green Canopy NODE builds sustainable homes fast.
Green Energy Exchange,Industrials,US,,Growth,0.0,3.0,1.0,We deliver affordable renewable energy direct to customers and are…
Greenlite,Fintech,US,,Early,0.0,28.0,1.0,AI agents for financial compliance
GreenTally,B2B,US,,Early,0.0,2.0,2.0,Affordable carbon tracking solution for all businesses
Greentoe,Consumer,US,,Early,0.0,5.0,1.0,"""Name Your Price"" for products"
Greo,Consumer,US,,Early,0.0,2.0,3.0,Greo is a mobile video app for conversations about current events. 
GrepData,B2B,US,,Early,0.0,51.0,1.0,Big Data Analytics
Greptile,B2B,US,,Early,0.0,12.0,3.0,AI code reviewer with complete context of your codebase
Grey,Fintech,US,,Early,0.0,15.0,2.0,Banking services for remote workers and digital nomads
Greywing,B2B,SG,,Early,0.0,3.0,1.0,The Operating System for Maritime
Gridware,Industrials,US,,Early,0.0,50.0,3.0,"Protecting the grid today, preparing the grid for tomorrow"
Grin,Consumer,MX,,Growth,0.0,300.0,2.0,Mobility and payments platform for Latin America
GroMo,Fintech,IN,,Early,0.0,100.0,2.0,App for independent agents to sell financial products in India
GroundControl,Industrials,US,,Early,0.0,4.0,3.0,Vertical AI for highly-regulated manufacturing
GroupAhead,Consumer,US,,Early,0.0,2.0,2.0,Improve communications with your group's own mobile app.
Grouper,Consumer,US,,Early,0.0,11.0,1.0,We set up drinks between 2 groups of friends: 3 guys and 3 girls.
GrowthBook,B2B,US,,Early,0.0,20.0,2.0,Open source feature flagging and A/B testing
Groww,Fintech,IN,,Early,0.0,1050.0,4.0,"Making financial services simple, transparent and delightful. "
GrubMarket,B2B,US,,Early,0.0,4548.0,1.0,AI-powered technology enabler and digital transformer of American…
GTRACK Technologies,Industrials,US,,Early,0.0,2.0,2.0,Nanoparticle tracers for reservoir characterization during hydraulic…
Guac,B2B,US,,Early,0.0,6.0,2.0,AI-powered demand forecasting for grocery
Guardian Bio,Healthcare,US,,Early,0.0,2.0,2.0,Dendritic cell-based platform for cancer therapy 
Guardian RF,Industrials,Unknown,,Early,0.0,6.0,3.0,Drone detection for US defense and national security  
Guesty,Real Estate and Construction,IL,,Early,0.0,700.0,2.0,The management platform for the short term rental industry.
Guggy,Consumer,IL,,Early,0.0,2.0,2.0,"Guggy is building the messaging app of the future with real time,…"
Guide Labs,B2B,US,,Early,0.0,9.0,1.0,Interpretable AI models and agents that are easy to audit and…
Guilded,Consumer,US,,Growth,0.0,30.0,1.0,Chat for gaming communities
Gullak Money,Fintech,IN,,Early,0.0,15.0,3.0,Gullak automates savings & invests these in gold
Gumloop,B2B,US,,Early,0.0,9.0,2.0,A no-code platform for automating workflows with AI
GuruHotel,Fintech,MX,,Early,0.0,50.0,3.0,The Shopify for the hotel industry.
Gusto,B2B,US,,Early,0.0,2400.0,3.0,Provides growing businesses with everything to take care of their team
Gym Class - by IRL Studios,Consumer,US,,Early,0.0,18.0,2.0,Play sports in virtual reality
H1,Healthcare,US,,Early,0.0,500.0,2.0,Connecting stakeholders across the healthcare ecosystem.
H3X Technologies,Industrials,US,,Early,0.0,40.0,3.0,The lightest electric aircraft motors in the world.
HABIT,Industrials,Unknown,,Early,0.0,2.0,2.0,Reshaping neighborhood services with robotics.
Habit Labs,Consumer,US,,Early,0.0,2.0,2.0,Friends motivate one another: I'll do x if you do y.
Hackermeter,B2B,US,,Early,0.0,11.0,2.0,Replacing resume screening with code challenges.
HackerRank,B2B,US,,Growth,0.0,300.0,2.0,Change the world to value skills over pedigree
HackPad,B2B,US,,Early,0.0,2.0,1.0,A realtime wiki for getting things done.
haddock,B2B,ES,,Early,0.0,20.0,2.0,SaaS helping restaurants improve their margins through cost control.
Hadrius,Fintech,US,,Early,0.0,19.0,3.0,Automating Securities Compliance
Haiku,B2B,US,,Early,0.0,0.0,1.0,Collaboration tools for software companies
Haleum,B2B,US,,Early,0.0,3.0,3.0,Human Risk Intelligence for the AI-era
Halluminate,B2B,US,,Early,0.0,2.0,2.0,Data and RL environments to automate knowledge work
Halolife,Consumer,US,,Early,0.0,2.0,1.0,Halolife is an online platform to find and plan a burial or cremation…
Hamming AI,B2B,Unknown,,Early,0.0,8.0,1.0,Automated voice AI agent testing and monitoring
Hammr,B2B,US,,Early,0.0,9.0,2.0,Rippling for the Construction Industry
Handl,B2B,US,,Early,0.0,29.0,2.0,"Handl converts documents (invoices, income stabs, custom forms, etc.)…"
Handle.com,Real Estate and Construction,US,,Early,0.0,55.0,3.0,Simplifying Payments and Compliance for Construction Suppliers
Handoff,Real Estate and Construction,US,,Early,0.0,20.0,1.0,AI estimator & agent for remodelers.
twoplus fertility,Healthcare,SG,,Early,0.0,18.0,2.0,An effective home-use fertility treatment for natural conception
Hapi,Fintech,Unknown,,Early,0.0,45.0,3.0,Stocks and cryptos trading app with zero commissions and no minimums…
Haplotype Labs,Healthcare,Unknown,,Early,0.0,1.0,1.0,Personalized prevention using genetics and AI
Happenstance,Consumer,Unknown,,Early,0.0,3.0,1.0,People search powered by AI
HappiLabs,Healthcare,US,,Early,0.0,14.0,1.0,"Virtual Lab Managers for scientists and biotech, research Labs"
Happl,B2B,GB,,Early,0.0,11.0,1.0,Your personalised benefits and engagement platform for global teams
HappyRobot,B2B,US,,Early,0.0,45.0,3.0,AI Communication. Built for Logistics.
Harbera,Healthcare,US,,Early,0.0,2.0,2.0,AI Healthcare Provider Credentialing Software
Harmoney,Fintech,IN,,Early,0.0,25.0,3.0,Electronic bond trading platform for institutions in India
Harmonic Discovery,Healthcare,US,,Early,0.0,8.0,3.0,Multi-targeted therapeutics to treat complex diseases
Harper,Fintech,US,,Early,0.0,8.0,2.0,AI-native commercial insurance brokerage
Hatch,B2B,US,,Early,0.0,73.0,2.0,The AI CSR Platform
Hatchet,B2B,US,,Early,0.0,4.0,2.0,Background task orchestration and visibility
Hatchways,B2B,CA,,Early,0.0,8.0,2.0,We make engineering interviewing look more like real work.
HauteDay,Consumer,US,,Early,0.0,2.0,2.0,Gaming Meets Women's Shopping.
Haven,Fintech,US,,Early,0.0,15.0,2.0,Homeownership reimagined for the 21st century.
Haystack,B2B,US,,Early,0.0,6.0,2.0,Delivery Analytics for Software Teams
Haystack Software,B2B,US,,Early,0.0,2.0,2.0,Understand any pull request in under a minute
Haywheel,B2B,US,,Early,0.0,2.0,2.0,Haywheel is an artisan food marketplace for restaurants and specialty…
Hazel,Government,US,,Early,0.0,5.0,2.0,AI-enabled procurement for government
Headstart,B2B,GB,,Early,0.0,44.0,2.0,Headstart uses Machine Learning to help companies decide on who to…
Healia,Fintech,US,,Early,0.0,15.0,1.0,Modern health insurance for dual income families
Health Harbor,Healthcare,US,,Early,0.0,4.0,1.0,Using generative AI to call insurance for healthcare clinics
HealthKey,Healthcare,US,,Early,0.0,3.0,1.0,AI-powered Patient Identification for Clinical Trials
Healthlane,Healthcare,NG,,Early,0.0,15.0,2.0,Africa's Preventative Health System
HealthSherpa,Healthcare,US,,Growth,0.0,220.0,2.0,Private sector Healthcare.gov. 
HealthSpark,Healthcare,US,,Early,0.0,1.0,1.0,Empowering Physical Therapists to Go Independent
Healthtech 1,Healthcare,GB,,Early,0.0,28.0,2.0,Automating repetitive processes in healthcare
Heap,B2B,US,,Growth,0.0,388.0,1.0,Captures user interactions with no code to generate analytics.
Heart Aerospace,Industrials,SE,,Early,0.0,130.0,1.0,Heart makes electric airplanes with an all-electric range of 250 miles
HeartByte,Consumer,US,,Early,0.0,2.0,2.0,GenAI Interactive story. Creator write fictions 10x faster.
Hedgehog,Fintech,US,,Early,0.0,5.0,3.0,Cryptocurrency Robo-adviser. Buy. Balance. Relax.
Hegel AI,B2B,Unknown,,Early,0.0,2.0,1.0,Open source tools for developing generative AI applications
Heimdal,Industrials,US,,Early,0.0,12.0,1.0,Affordable and verified direct air carbon capture and storage
Helicarrier (prev Buycoins),Fintech,NG,,Early,0.0,30.0,2.0,Cryptocurrency infrastructure for Africa.
Helicone,B2B,US,,Early,0.0,5.0,1.0,LLM Observability for Developers
Helion Energy,Industrials,US,,Early,0.0,150.0,2.0,Building the world's first fusion power plant
Helium,B2B,US,,Early,0.0,4.0,3.0,Self Improving Software
Helium Health,Healthcare,NG,,Early,0.0,110.0,2.0,Africa's #1 healthcare technology provider.
HelixDB,B2B,GB,,Early,0.0,6.0,2.0,"The best database for building AI applications, agents & RAG "
Helix Nanotechnologies,Healthcare,US,,Early,0.0,22.0,2.0,"Next-generation mRNA platform to solve cancer, COVID and climate."
Hellobill,B2B,Unknown,,Early,0.0,2.0,2.0,"Hellobill aggregates all your business bills, automatically, every…"
Hellometer,B2B,US,,Early,0.0,2.0,1.0,Making fast food faster
Hellosaurus,Consumer,US,,Early,0.0,25.0,1.0,Interactive video platform for kids
HelloSign,B2B,US,,Growth,0.0,100.0,1.0,eSignature software for small and mid-market businesses.
Helloverify,B2B,IN,,Growth,0.0,600.0,2.0,Helloverify is a background screening platform (Checkr for India).  
Helpcare AI,Healthcare,Unknown,,Early,0.0,0.0,1.0,"AI Workers for Healthcare Orgs to Find, Call & Schedule More Patients."
HelpNow,Healthcare,IN,,Early,0.0,50.0,3.0,India's most reliable Ambulance service. (uber for ambulances)
HelpWear,Healthcare,CA,,Early,0.0,2.0,1.0,
Hemut,B2B,US,,Early,0.0,3.0,1.0,AI-powered operating system for trucking companies.
HENRY,B2B,AR,,Early,0.0,100.0,4.0,"We source and train AI talent, and connect them with job…"
Henry,Real Estate and Construction,US,,Early,0.0,3.0,2.0,Automating Deal Decks for Commercial Real Estate Brokers
Hent,Real Estate and Construction,BR,,Early,0.0,22.0,3.0,Hent is helping land lot developers to better manage their sales…
HEO Robotics,Industrials,AU,,Growth,0.0,3.0,2.0,We visually monitor space objects for governments and defense
Hepatx,Healthcare,US,,Early,0.0,4.0,1.0,Replacing organ transplant with an infusion
Heptabase,Consumer,GB,,Early,0.0,10.0,3.0,The visual note-taking tool for learning complex topics.
HER,Consumer,US,,Early,0.0,10.0,1.0,"HER helps lesbian, bisexual and queer people meet each other"
Hera,B2B,FR,,Early,0.0,3.0,2.0,"Calendar app to prepare, join and follow-up on virtual meetings"
Herald,B2B,US,,Early,0.0,2.0,2.0,A collaborative repository for user feedback.
Herdora,B2B,US,,Early,0.0,2.0,2.0,Cursor for CUDA
Hermes Robotics,Industrials,US,,Early,0.0,5.0,1.0,Autonomous street sweeping as a service by retro-fitting vehicles
Heroic Labs,Consumer,GB,,Growth,0.0,21.0,3.0,"Social Infrastructure for Games; Makers of Nakama game server, Satori…"
Heroku,B2B,US,,Growth,0.0,300.0,3.0,Enabling developers to build and run applications in the cloud.
Heron Data,B2B,US,,Early,0.0,26.0,3.0,We automate document-heavy workflows in financial services and beyond
HeroUI,B2B,US,,Early,0.0,3.0,1.0,Helping people ship beautiful software faster using AI and open source
Heru,Fintech,MX,,Early,0.0,53.0,1.0,Tax Automation Infrastructure
"Hestus, Inc.",B2B,Unknown,,Early,0.0,3.0,2.0,An AI-powered CAD software
Hexel,Consumer,US,,Early,0.0,2.0,1.0,Create a cryptocurrency for your community.
HeyCharge,Industrials,DE,,Early,0.0,17.0,2.0,"Low-cost, high-scale EV charging platform for apartments (and more)."
HeyDoctor,Healthcare,US,,Early,0.0,50.0,3.0,"HeyDoctor provides online primary care (like refilling birth control,…"
Heyfood,Consumer,NG,,Early,0.0,5.0,2.0,Doordash for Africa
Hey Healthcare,B2B,US,,Early,0.0,1.0,2.0,
Hey Revia,B2B,Unknown,,Early,0.0,4.0,2.0,Voice AI to automate complex phone calls for healthcare providers
Heysan,Consumer,US,,Early,0.0,0.0,4.0,Free messaging on mobile phones
Sidekick,B2B,US,,Early,0.0,2.0,2.0,Lovable for automations
HeyTelo,B2B,Unknown,,Early,0.0,2.0,2.0,Voice AI for Home Services
Heyzap,Consumer,US,,Growth,0.0,11.0,2.0,Heyzap (acquired by Fyber for $45m in 2016) is one of the largest…
Hickory,B2B,US,,Early,0.0,11.0,1.0,Hickory turns your employees into experts.
Hideout,Consumer,US,,Early,0.0,1.0,2.0,A portfolio of delivery-only restaurant brands
HigherMe,B2B,CA,,Early,0.0,45.0,2.0,Helping restaurant employers find & hire better employees faster
highlight.io,B2B,US,,Early,0.0,8.0,2.0,"The open source, fullstack monitoring platform: stop guessing why…"
Hightouch,B2B,US,,Early,0.0,200.0,3.0,The leading Composable CDP and AI Decisioning platform
Hindsight,B2B,US,,Early,0.0,3.0,2.0,Competitive Intelligence that's actually intelligent
Hingeto,Consumer,US,,Early,0.0,15.0,3.0,A B2B marketplace that connects inventory to online stores
HiOperator,B2B,US,,Growth,0.0,200.0,1.0,Customer support as a service. 
Hipmob,B2B,US,,Early,0.0,2.0,1.0,Customer communication for iOS and Android developers - an in-app…
Hipmunk,Consumer,US,,Growth,0.0,51.0,1.0,"Hipmunk takes the agony out of searching for flights, accommodations,…"
HippoBuild,Real Estate and Construction,CO,,Early,0.0,5.0,1.0,The Operating System of the construction industry
Hippo Scribe,Healthcare,Unknown,,Early,0.0,2.0,1.0,AI assisted documentation for PT/OT/SLP
Hipset,Consumer,Unknown,,Early,0.0,0.0,2.0,The best way for artists to release new music and videos.
Hiptype,B2B,US,,Early,0.0,2.0,2.0,Hiptype is a marketing and analytics platform for eBooks. We can…
Hiration,Consumer,IN,,Early,0.0,22.0,2.0,We help job seekers quickly create resumes that get 2X more interviews
HireArt,B2B,US,,Growth,0.0,90.0,1.0,Gives businesses everything needed to hire & manage W2 contractors.
Hirebolt,B2B,GB,,Early,0.0,3.0,2.0,Hire staff fast without wasting hours on admin work ⚡️
HireSweet,B2B,US,,Early,0.0,27.0,2.0,A talent acquisition software built for data-driven recruiting teams.
HistoWiz,Healthcare,US,,Growth,0.0,2.0,1.0,Accelerating Histopathology for Cancer Research 
HitPay,Fintech,SG,,Early,0.0,33.0,2.0,Payments infrastructure for businesses scaling in APAC
Hive,B2B,CA,,Early,0.0,65.0,2.0,"Marketing automation for event promoters (email, sms, ads, CRM)"
Hive Health,Healthcare,PH,,Early,0.0,0.0,2.0,Simplified digital health insurance for Filipino SMBs
Hivy,B2B,US,,Early,0.0,0.0,2.0,An end-to-end platform for office management. We enable office…
HOAi,B2B,US,,Early,0.0,10.0,2.0,AI agent for community management
HockeyStack,B2B,US,,Early,0.0,11.0,3.0,The operating system for inbound B2B revenue
Hogaru,Consumer,CO,,Early,0.0,746.0,1.0,Hogaru is a tech-enabled home services platform in Latin America. 
HOKALI,B2B,US,,Early,0.0,12.0,2.0,After School & Enrichment Activities Marketplace
Holacasa,Real Estate and Construction,MX,,Early,0.0,19.0,1.0,End-to-end mortgage solution in LatAm
Holy Grail,B2B,US,,Early,0.0,7.0,1.0,
Homebase,Real Estate and Construction,VN,,Early,0.0,20.0,2.0,Personalized rent-to-own real estate financing using technology in SEA
HomeBreeze,Consumer,US,,Early,0.0,40.0,2.0,The fastest and easiest way to make home upgrades
Homeflow,Real Estate and Construction,US,,Early,0.0,4.0,2.0,Simplifying insurance for large real estate investors
Homejoy,Consumer,US,,Growth,0.0,201.0,2.0,platform for home service professionals
HomeRoom,Real Estate and Construction,US,,Early,0.0,25.0,3.0,We Rent Your Property by the Room.  You earn 50% more Rent.
Homestead,Real Estate and Construction,US,,Early,0.0,14.0,2.0,Homestead is a real estate development platform for homeowners
HOMLI,Real Estate and Construction,US,,Early,0.0,20.0,3.0,Modern real estate brokerage for Europe
Hona,B2B,US,,Early,0.0,64.0,3.0,The Domino's Pizza Tracker for lawyers and their clients.
Honeydew,B2B,IL,,Early,0.0,6.0,3.0,The home for shared data logic
Honeydue,Fintech,US,,Early,0.0,2.0,1.0,"The simplest way for couples to manage money, together"
Honeylove,Consumer,US,,Early,0.0,100.0,1.0,Honeylove makes functional undergarments for women
hoop.dev,B2B,BR,,Early,0.0,3.0,1.0,Code review for DevOps tasks
Hoss,B2B,US,,Early,0.0,3.0,3.0,The developer experience platform
hotglue,B2B,US,,Early,0.0,13.0,1.0,Native user-facing SaaS integrations for your customers
Hotplate,Consumer,US,,Early,0.0,11.0,2.0,Online ordering platform for independent chefs and bakers.
Hotspots,B2B,US,,Early,0.0,2.0,2.0,"Real-time analytics (acq by TWTR, 2012)"
Houm,Real Estate and Construction,CL,,Early,0.0,400.0,2.0,All-in-one real estate marketplace for Latin America
Howdy.com,B2B,US,,Early,0.0,300.0,2.0,We help US tech companies hire and manage software engineers in LATAM
Lightdash,B2B,GB,,Growth,0.0,9.0,2.0,The open source Looker alternative 
Hubble Network,Industrials,US,,Early,0.0,50.0,2.0,Bluetooth to Space
Hublo,B2B,FR,,Early,0.0,2.0,3.0,Hublo is making data-driven marketing simpler. It's a super simple…
HUBUC,Fintech,ES,,Early,0.0,11.0,2.0,Global Card Issuing and Payment Processing Engine
hud,B2B,US,,Early,0.0,5.0,3.0,hud is building evals for the drop-in worker
Huddlefire,B2B,US,,Early,0.0,2.0,2.0,Turbocharge customer acquisition through exclusive SaaS partnerships
Hudson Labs (formerly Bedrock AI),B2B,CA,,Early,0.0,5.0,2.0,AI-powered equity research software
Hudu,B2B,US,,Early,0.0,28.0,2.0,The Most-Loved IT Documentation Platform
Hum,B2B,US,,Early,0.0,11.0,1.0,"A chat program that integrates with email, with presence."
Humaans,B2B,GB,,Early,0.0,43.0,2.0,AI-Powered HRIS for high performing teams
Human Behavior,B2B,US,,Early,0.0,3.0,3.0,Understand your users beyond the numbers
Humand,B2B,US,,Early,0.0,270.0,2.0,All-in-one app for internal communication and HR
Human Dx,Healthcare,US,,Growth,0.0,11.0,2.0,The Human Diagnosis Project.
Humane Genomics,Healthcare,US,,Early,0.0,5.0,2.0,A platform to make artificial viruses as cancer therapeutics.
Human Interest,B2B,US,,Early,0.0,765.0,2.0,The 401(k) for small and medium-sized businesses.
HumanLayer,B2B,US,,Early,0.0,3.0,1.0,Human-in-the-Loop for AI Agents
Humanloop,B2B,US,,Early,0.0,14.0,3.0,Humanloop is the LLM evals platform for enterprises. 
Humanly,B2B,US,,Early,0.0,30.0,3.0,"We empower the world’s hiring teams to grow engaged, high-performing…"
Humble Bundle,Consumer,US,,Growth,0.0,100.0,2.0,Pay what you want for awesome games and other content while giving to…
Humi,B2B,CA,,Early,0.0,141.0,2.0,"Payroll, HR, and Health Benefits for Canada's SMB's"
Humoniq,B2B,US,,Early,0.0,2.0,2.0,AI-Native BPO for travel & transport
Hungry Labs,Consumer,Unknown,,Early,0.0,2.0,1.0,Now part of Snaplayer.
Hunter2,B2B,US,,Early,0.0,0.0,1.0,Hunter2 trains engineering teams in application security through…
Hush,Consumer,US,,Growth,0.0,2.0,3.0,Hush is the top social commerce app in the United States. 
Hutsy,Real Estate and Construction,US,,Early,0.0,3.0,1.0,Home Buying on Autopilot
HYBRD,Consumer,US,,Early,0.0,5.0,4.0,The performance hub for modern athletes
Hydra,B2B,US,,Early,0.0,6.0,2.0,Serverless Analytics on Postgres
HyLight,Industrials,FR,,Early,0.0,9.0,3.0,Small unmanned hydrogen airships for long range monitoring
HypaHub,B2B,US,,Early,0.0,6.0,1.0,A Cloud-Based Bioinformatics and AI Platform 
hypcloud,Real Estate and Construction,DE,,Early,0.0,14.0,1.0,A tech-enabled commercial mortgage broker. hypcloud allows property…
Hype,Consumer,US,,Early,0.0,3.0,1.0,"Trade memecoins, news, trends"
Hype and Vice,Consumer,US,,Early,0.0,30.0,2.0,"Fashionable college, NBA and MLS apparel."
Hyper,Fintech,US,,Growth,0.0,6.0,1.0,Sell memberships to your Discord server
Hyperbeam,B2B,CA,,Early,0.0,3.0,2.0,API for shared embeddable web browsers
Hyperbound,B2B,US,,Early,0.0,16.0,2.0,Sales call roleplay with realistic conversational AI buyers
Hyperbrowser,B2B,US,,Early,0.0,4.0,2.0,Web infrastructure for AI agents
Hypercontext,B2B,CA,,Early,0.0,15.0,2.0,"Meeting agendas, notes, & goals that tie back to your OKRs"
Hypercore,Fintech,IL,,Early,0.0,7.0,4.0,Loan management software for private lenders
HyperDX,B2B,US,,Early,0.0,4.0,2.0,"Open-source, dev-friendly observability."
HyperGlue,B2B,US,,Early,0.0,5.0,2.0,Business intelligence on text
Hyperink,Consumer,US,,Early,0.0,11.0,2.0,Ebook publisher.
Hypermile,B2B,GB,,Early,0.0,11.0,2.0,Driver co-pilot to make trucking more efficient
Hyper Online,Consumer,US,,Early,0.0,7.0,1.0,Social avatar platform for VTubers
Hyperpad,Consumer,CA,,Early,0.0,4.0,2.0,"Create, Share, Play Mobile Games on the iPad."
Hyperseed,B2B,US,,Early,0.0,3.0,2.0,Zapier for billing
HyperTrader,Fintech,US,,Early,0.0,10.0,2.0,The Trading Terminal For Crypto Traders
Hypnos,Consumer,US,,Early,0.0,3.0,2.0,A digital sleep journal that helps you get better sleep.
Hypotenuse AI,B2B,SG,,Early,0.0,15.0,1.0,"Manage, create & optimize your ecommerce product content using AI"
Hyprnote,B2B,US,,Early,0.0,4.0,4.0,Open-source AI notetaker for the enterprise
Hyrex,B2B,US,,Early,0.0,3.0,2.0,The COLD Task Framework
Iambiq Technologies,B2B,US,,Early,0.0,2.0,1.0,
IcePanel,B2B,CA,,Early,0.0,6.0,2.0,Design and explain complex software architecture.
iCracked,Consumer,US,,Growth,0.0,51.0,1.0,On-demand smartphone repair in 3 countries and launching smart home…
ideate.xyz,B2B,US,,Early,0.0,2.0,1.0,ideate.xyz is an AI-powered 3D art suite on the web
idemeum,B2B,US,,Early,0.0,10.0,2.0,Endpoint Protection Platform
Idler,B2B,US,,Early,0.0,3.0,3.0,Scale AI for reinforcement learning environments. 
iJigg/Top440,Consumer,US,,Early,0.0,2.0,3.0,
iLabService,B2B,CN,,Growth,0.0,50.0,3.0,AI powered Lab Operation Management SaaS Platform 
Iliad,B2B,US,,Early,0.0,1.0,1.0,"Create stylized art, textures, and 3D assets with AI."
Illuminant Surgical,Healthcare,US,,Early,0.0,8.0,2.0,A new way of seeing inside the human body.
ilumadata,B2B,GB,,Early,0.0,2.0,2.0,Confidently ship analytics code faster with fewer errors
Imagine AI,B2B,US,,Early,0.0,2.0,2.0,AI agent that handles all of your B2B content needs
Imgfave,Consumer,US,,Early,0.0,2.0,1.0,A fun image sharing community.
imgix,B2B,US,,Growth,0.0,65.0,1.0,The platform for your visual media.
Immunity Project,Unspecified,US,,Early,0.0,11.0,3.0,The free HIV vaccine.
Impactive (formerly Outvote),Government,US,,Early,0.0,15.0,1.0,Political/civic tech helping progressive campaigns organize & mobilize
Impossible Metals,Industrials,US,,Early,0.0,20.0,3.0,Underwater robotic vehicles that collect  battery metals responsibly
Impraise,B2B,NL,,Growth,0.0,35.0,2.0,Enable managers to create an effective work environment for their team
Imprezia,B2B,Unknown,,Early,0.0,2.0,1.0,The World's First AI Ad Network.
IMT Care,Healthcare,IN,,Early,0.0,23.0,2.0,Disrupting Indian Insurance space by empowering distrubutors
inai,Fintech,US,,Early,0.0,14.0,2.0,Segment for global payments
Inari,B2B,US,,Early,0.0,2.0,2.0,Your junior AI product manager
inBalance,Industrials,US,,Early,0.0,10.0,1.0,"Electricity price forecasts for energy storage, ev charging, etc."
Inboxbooster,B2B,US,,Early,0.0,3.0,2.0,We Fix Email in Spam
inBuild,B2B,US,,Early,0.0,12.0,2.0,Workflow Automation for Construction Finance 
Inconvo,B2B,IE,,Early,0.0,2.0,2.0,AI agents for customer-facing analytics
Increase,Fintech,Unknown,,Early,0.0,15.0,1.0,Enterprise-grade banking APIs
Indee Labs,Healthcare,US,,Early,0.0,5.0,1.0,"Enabling T cell immunotherapy discovery, development and manufacturing"
Indemni,B2B,US,,Early,0.0,4.0,1.0,Cargo Theft and Fraud Prevention Platform
Index,B2B,Unknown,,Early,0.0,5.0,2.0,Planning and AI Prototyping for Product Management
Indexical,B2B,US,,Early,0.0,2.0,2.0,AI-powered data extraction engine
inDinero,B2B,US,,Growth,0.0,250.0,1.0,Financial dashboard for businesses.
Indivio,B2B,US,,Early,0.0,8.0,2.0,Customize videos to be more relevant and improve business outcomes.
Induction Labs,B2B,Unknown,,Early,0.0,2.0,2.0,Training the best computer use models in the world. Automate anything.
Industrial Microbes,Healthcare,US,,Early,0.0,12.0,3.0,We design and build microbes to make chemicals greener at lower cost.
Industrial Next,Industrials,US,,Early,0.0,9.0,2.0,Tesla autonomous manufacturing for everyone
InEvent,B2B,US,,Early,0.0,150.0,3.0,"In-Person, Hybrid and Virtual Event Management Software"
Inevitable Tech,Industrials,US,,Growth,0.0,80.0,2.0,"To make food a renewable resource, for everyone"
inFeedo AI,B2B,US,,Early,0.0,150.0,2.0,"AI to engage employees, predict attrition and automate HR/IT support"
Infer,B2B,US,,Early,0.0,3.0,3.0,Personalized AI Voice Agents for lead qualification for insurance &…
Infield,B2B,US,,Early,0.0,5.0,2.0,"Safer, faster dependency upgrades"
Infina,Fintech,VN,,Early,0.0,50.0,1.0,Leading wealth management and investing platform in Vietnam
Infinia,Fintech,Unknown,,Early,0.0,12.0,2.0,Move money programmatically
Infinite,Fintech,US,,Early,0.0,4.0,2.0,Global B2B Stablecoin Processor
Infinity,Fintech,IN,,Early,0.0,7.0,2.0,Business banking for cross-border SMBs & Startups
Infisical,B2B,US,,Early,0.0,30.0,3.0,"Unified platform for secrets, certs, and privileged access management"
Infiuss Health,B2B,US,,Early,0.0,4.0,1.0,2 sided Marketplace for accelerating medical research
Inflow,Healthcare,GB,,Early,0.0,20.0,2.0,A self-help app for people to manage their ADHD.
InfluxData,B2B,US,,Growth,0.0,210.0,1.0,The platform for building and operating time series applications.
Infogami,B2B,GB,,Early,0.0,2.0,1.0,
Infoharmoni,B2B,US,,Early,0.0,2.0,1.0,
Infracost,B2B,Unknown,,Early,0.0,20.0,3.0,Shift FinOps Left: Proactively Find & Fix Cloud Cost Issues
Inito,Healthcare,IN,,Early,0.0,100.0,2.0,Enabling better self care with at-home hormone tracking.
Inkeep,B2B,US,,Early,0.0,15.0,2.0,AI support you can trust.
INKHUNTER,Consumer,US,,Early,0.0,3.0,2.0,Augmented Reality mobile app to try and buy tattoos
Inkling,B2B,US,,Early,0.0,11.0,1.0,
Inlet,B2B,US,,Early,0.0,2.0,2.0,Automated timekeeping for family law.
InnaMed,Healthcare,US,,Early,0.0,7.0,2.0,At-home blood testing: measure + analyze + enhance.
Innate,Consumer,US,,Early,0.0,3.0,2.0,Personal AI Robots
Innov8,Real Estate and Construction,IN,,Early,0.0,100.0,3.0,"We provide co-working offices to startups, freelancers and SMEs in…"
InnoVein,Healthcare,US,,Growth,0.0,5.0,3.0,We cure intractable leg wounds with a replacement valve for veins. 
Inokyo,B2B,US,,Early,0.0,10.0,1.0,We bring physical stores to the digital age with cashierless checkout.
InpharmD,Healthcare,US,,Early,0.0,16.0,2.0,"We provide a curated, evidence- based answer to any clinical question."
Inporia,Consumer,US,,Early,0.0,11.0,2.0,Fashion shopping email list.
InQuery,Healthcare,Unknown,,Early,0.0,4.0,2.0,Intelligent Medical Record Reviews
iNRI,Fintech,US,,Early,0.0,2.0,1.0,Financial super-app for Global Indians
Inscribe,B2B,US,,Early,0.0,47.0,2.0,Risk Ops Automation
Insight,Consumer,US,,Early,0.0,3.0,1.0,The first extensible browser for iOS
Insight Data Science,Education,US,,Growth,0.0,11.0,1.0,Turning PhDs & engineers into data scientists & data engineers
inSoma Bio,Healthcare,US,,Early,0.0,4.0,2.0,Helping Plastic Surgeons Rebuild Fat
Insoshi,B2B,Unknown,,Early,0.0,0.0,2.0,
Inspectify,Real Estate and Construction,US,,Early,0.0,55.0,3.0,"Home Inspections, Simplified"
InspectMind AI,Real Estate and Construction,US,,Early,0.0,10.0,2.0,AI-powered site inspections and automated field reports.
Instabug,B2B,US,,Early,0.0,190.0,2.0,Mobile Apps Observability and Performance Monitoring Platform
Instacart,Consumer,US,,Growth,0.0,3000.0,3.0,Marketplace for grocery delivery and pickup
Instacrops,Industrials,CL,,Growth,0.0,34.0,1.0,Helping farmers maximize crop yield
InstaKin,Fintech,US,,Early,0.0,15.0,2.0,Financial Platform for Migrant Families in America
Instalab,Healthcare,US,,Early,0.0,0.0,2.0,Proactive Testing and Treatments
Instant,B2B,US,,Early,0.0,4.0,2.0,The Modern Firebase
Instant Labs,B2B,CA,,Early,0.0,1.0,2.0,Instant Labs builds modern tools to help you find and buy domain…
Instantq,B2B,US,,Early,0.0,2.0,2.0,
Instapainting,Consumer,US,,Early,0.0,2.0,1.0,Custom-made artwork from artists e-commerce marketplace.
Instapath Inc.,Healthcare,US,,Early,0.0,6.0,3.0,We built the world's first automated digital pathology lab.
Instavest,Fintech,US,,Early,0.0,2.0,1.0,
Instawork,B2B,US,,Early,0.0,500.0,1.0,A flexible work app that connects businesses with hourly workers.
Instinct,Industrials,US,,Early,0.0,4.0,3.0,Building the lunar future. 
In Stock,B2B,US,,Early,0.0,2.0,1.0,"Find any product, in stock nearby"
Instrumentl,B2B,US,,Early,0.0,60.0,3.0,Instrumentl automates grant discovery and management for nonprofits.
Intact Therapeutics,Healthcare,US,,Early,0.0,4.0,2.0,Smart gels for local drug delivery to the gut
Integrated Reasoning,B2B,US,,Early,0.0,1.0,1.0,Faster processors for solving NP-complete problems
Integration Labs,B2B,IN,,Early,0.0,8.0,3.0,The Unified API for Business Financial Data 
Integuru,B2B,US,,Early,0.0,4.0,2.0,Integrate with any website via network requests
Intellect,Healthcare,SG,,Early,0.0,200.0,2.0,A modern-day mental healthcare company for global workforces.
Intelligent,B2B,US,,Early,0.0,4.0,1.0,Demand Forecasting as a Service 
Intelline,Industrials,CA,,Early,0.0,3.0,2.0,"We make generators that use 40% less fuel, with any fuel."
Scuba,B2B,Unknown,,Early,0.0,51.0,2.0,Analytics for impatient people.
Intercept,B2B,US,,Early,0.0,3.0,1.0,Helping CPG brands automatically flag and dispute invalid retail fees
Interfere,B2B,Unknown,,Early,0.0,2.0,1.0,Next-gen observability that finds & fixes bugs automatically
Interlock,B2B,US,,Early,0.0,2.0,2.0,We are still in stealth mode.
InterPrime,B2B,US,,Early,0.0,3.0,1.0,Safe & Secure Cash Management for Businesses
Intersect Labs,B2B,US,,Early,0.0,4.0,1.0,Collaborative data noteboook for business teams
Interstate,B2B,US,,Early,0.0,2.0,2.0,Create & Share Product Roadmaps
Interstate Analytics,B2B,US,,Early,0.0,2.0,2.0,Multi-Touch Marketing Analytics
Interviewed,B2B,US,,Early,0.0,0.0,3.0,Job simulations and assessments.  See candidates in action doing the…
In The Room,Consumer,US,,Early,0.0,1.0,1.0,Real-time connections in physical spaces
Intryc,B2B,US,,Early,0.0,14.0,3.0,Intryc uses AI to automate quality assurance for customer support
Intuned,B2B,US,,Early,0.0,7.0,2.0,Reliably integrate with websites that don’t have official APIs
Invaria,B2B,GB,,Early,0.0,3.0,3.0,The next generation logging and observability platform
Inventive AI,B2B,US,,Early,0.0,10.0,3.0,AI Agents For RFP and Questionnaire Response Automation 
Inversion Semiconductor,Industrials,US,,Early,0.0,5.0,2.0,"Manufacturing the most powerful chips, 15x faster"
Inversion Space,Industrials,US,,Early,0.0,28.0,2.0,Turning space into a transportation layer for Earth
Invert,Healthcare,US,,Early,0.0,25.0,3.0,Data analytics software for biomanufacturing.
InVision Medical Technology,Healthcare,Unknown,,Early,0.0,2.0,2.0,AI Diagnosis of  Heart Disease
Invitris,Healthcare,DE,,Early,0.0,6.0,2.0,Creating new protein-based drugs at scale
Invo,Fintech,Unknown,,Early,0.0,2.0,1.0,AI-Powered Collections Platform for Food Distributors
Invofox,B2B,ES,,Early,0.0,12.0,3.0,INVOFOX is the document processing AI for software companies
Invoid,B2B,IN,,Early,0.0,15.0,2.0,Create identity verification workflows the way you want
Invopop,B2B,ES,,Early,0.0,7.0,2.0,We help global software companies comply with local tax reporting 
In Your Corner,Healthcare,US,,Early,0.0,2.0,2.0,We've transformed traditional therapy into an experience that is…
iollo,Healthcare,US,,Early,0.0,4.0,1.0,"Building Quinn, an AI scientist accelerating pharma/biotech R&D"
IOMETE,B2B,US,,Early,0.0,21.0,2.0,Self-hosted data lakehouse platform
Iona Mind,Healthcare,GB,,Early,0.0,5.0,2.0,Software-based mental health support
ion design,B2B,US,,Early,0.0,3.0,2.0,We built the 1st Autonomous AI Product Designer
Ionworks,Industrials,Unknown,,Early,0.0,5.0,2.0,Simulation software used by leading battery and automotive companies
IoTFlows Inc,B2B,US,,Early,0.0,60.0,2.0,AI-Powered Machine Performance Monitoring
Iris Automation,Industrials,Unknown,,Growth,0.0,0.0,2.0,Enabling autonomous drone operations globally through AI software
Ironclad,B2B,US,,Early,0.0,400.0,2.0,Digital contracting platform for legal teams.  
Iron Grid,Fintech,Unknown,,Early,0.0,2.0,2.0,AI Insurance for hardware.
IronLedger.ai,Real Estate and Construction,US,,Early,0.0,2.0,2.0,AI agents for property accounting
Isabl,Healthcare,US,,Early,0.0,5.0,3.0,Cancer tests based on whole genome and transcriptome data.
iSono Health,Healthcare,US,,Early,0.0,9.0,1.0,AI-powered platform for Accessible and Personalized Breast Health…
ISSEN,Consumer,US,,Early,0.0,2.0,2.0,AI realtime voice companion for language learning
Ivella,Fintech,US,,Early,0.0,8.0,3.0,Banking and savings products designed for couples
IvyCheck,B2B,DE,,Early,0.0,2.0,1.0,Clean and enrich your data 10x faster
Ivy Homes,Real Estate and Construction,IN,,Early,0.0,80.0,2.0,We make instant offers to buy homes in India
Ixiplay,Consumer,US,,Early,0.0,2.0,2.0,"Engaging, expressive & Android hackable robot buddy for playful…"
Ixora,Consumer,US,,Early,0.0,2.0,2.0,We create the digital outdoor environment for a movie. 
JABU,Fintech,Unknown,,Early,0.0,40.0,1.0,"B2B payments, transforming Africa's cash economy"
Jamble,Consumer,US,,Early,0.0,3.0,3.0,Fashion resale marketplace powered by live streaming and video
Jam.gg (formerly Piepacker),Consumer,US,,Early,0.0,0.0,2.0,"Jam.gg, play couch games online with friends"
Jamglue,Consumer,US,,Early,0.0,2.0,4.0,
Jamiphy,Consumer,US,,Early,0.0,1.0,1.0,TikTok for Musicians
Jamsocket,B2B,US,,Early,0.0,5.0,2.0,Run compute-intensive apps in a browser
Janus,B2B,US,,Early,0.0,2.0,1.0,Battle-Test AI Agents with Human Simulation
Jasmine Energy,B2B,US,,Early,0.0,5.0,3.0,Claim solar incentives with AI
Jasper.ai,B2B,US,,Growth,0.0,195.0,3.0,Jasper is a leader in creating content using Artificial Intelligence
Javelin Robotics,B2B,US,,Early,0.0,5.0,2.0,Copilot for truckers
Jazzberry,B2B,US,,Early,0.0,1.0,1.0,Training LLMs to be expert bug finders
Jeevam Health,Healthcare,IN,,Early,0.0,25.0,2.0,Digital holistic care for complex chronic conditions 
Jeeves,Fintech,US,,Early,0.0,0.0,1.0,International banking infrastructure for global startups.
Jeevy Fabrication,B2B,US,,Early,0.0,3.0,2.0,AI Driven EPC - Weld Fabrication Contractor
Jellyfish Art,Consumer,US,,Early,0.0,2.0,2.0,
Jemi,Consumer,US,,Early,0.0,3.0,2.0,Jemi helps people build beautiful websites and stores.
Jenfi,Fintech,SG,,Early,0.0,18.0,2.0,Jenfi provides revenue-based financing for digital businesses in Asia 
Jerry,Fintech,US,,Early,0.0,288.0,3.0,Jerry makes it really easy to save time and money on car expenses. 
Jestor,B2B,US,,Early,0.0,9.0,1.0,Jestor is a no-code platform for creating custom business tools.
Jet Admin,B2B,US,,Early,0.0,8.0,2.0,No-code business app builder
Jetdocs,B2B,CA,,Early,0.0,2.0,2.0,Collaborative ticketing that integrates into Teams and Slack
Verse Medical,Healthcare,US,,Early,0.0,95.0,1.0,Software platform for in-home healthcare
JetPack Aviation,Industrials,US,,Early,0.0,9.0,2.0,Flying motorcycles
jEugene,B2B,US,,Early,0.0,2.0,1.0,jEugene highlights undefined terms and unused definitions in legal…
Jido Maps,B2B,US,,Early,0.0,6.0,2.0,Turn your data into a deployed computer vision model
Jiga,B2B,US,,Early,0.0,15.0,3.0,Source better parts by partnering directly with vetted manufacturers
Jitsu,B2B,US,,Early,0.0,4.0,1.0,Capture Event Data into Your Stack
Jitter,B2B,FR,,Early,0.0,7.0,2.0,Fast and simple animation tool on the web 💫
JITX,Industrials,US,,Early,0.0,18.0,3.0,Automatic circuit board design.
jo,Consumer,US,,Early,0.0,2.0,2.0,jo is a voice-first digital personality that works alongside you…
Job Alchemist,B2B,Unknown,,Early,0.0,0.0,3.0,
Joberator,B2B,US,,Early,0.0,2.0,1.0,
Jobspice,Consumer,US,,Early,0.0,11.0,2.0,
Joe,Fintech,FR,,Early,0.0,12.0,2.0,"We let customers ""Buy Now Pay Later"" on any store in Europe. "
Joinarena,B2B,US,,Early,0.0,5.0,2.0,AI interviewer
JoinSub,Fintech,IN,,Early,0.0,8.0,2.0,India's first aggregator and provider of local business subscriptions
Joon Health,Healthcare,US,,Early,0.0,10.0,3.0,Pediatric digital therapeutic for the +100M families in the US
Jopwell,B2B,US,,Growth,0.0,50.0,2.0,"Career advancement for Black, Latinx & Native American professionals."
Journey,B2B,Unknown,,Early,0.0,10.0,3.0,No code platform for sales to tell better stories and win more deals.
Jovian,Education,IN,,Early,0.0,0.0,2.0,Online University for Tech Professionals
Joy,Consumer,US,,Growth,0.0,60.0,3.0,The platform for all your life events.
Juicebox,B2B,US,,Early,0.0,14.0,2.0,AI-powered talent sourcing for recruiters
Juicy Marbles,Consumer,SI,,Early,0.0,45.0,3.0,Juicy marbles makes thick juicy and marbled plant based steaks.
Julius,B2B,US,,Early,0.0,5.0,1.0,AI Data Scientist
Jumpchat,Consumer,US,,Early,0.0,2.0,1.0,
Jumpcut,Education,US,,Early,0.0,11.0,3.0,Helping creators go viral and build businesses.
Novel,Fintech,US,,Early,0.0,15.0,2.0,Novel is your international business bank account
JumpWire,B2B,US,,Early,0.0,2.0,2.0,Dynamic access controls for all data and databases
Junction,Healthcare,GB,,Early,0.0,19.0,1.0,API for at-home health data
Junction Bioscience,Healthcare,Unknown,,Early,0.0,1.0,1.0,AI Hypothesis Engine for Molecular Discovery
June,B2B,US,,Early,0.0,6.0,2.0,June is the new way to do product analytics
Juni,Education,US,,Growth,0.0,30.0,1.0,A learning platform helping every student achieve their best future. 
Juno College of Technology,Education,CA,,Early,0.0,30.0,1.0,Juno is the university of the future.
Jupe,Real Estate and Construction,US,,Early,0.0,7.0,2.0,Just add land
Jupiter,Consumer,US,,Early,0.0,8.0,2.0,Using AI to help food creators verticalize food
Just Appraised,Government,US,,Early,0.0,40.0,2.0,Just Appraised makes software for local governments.
Justo,B2B,CL,,Early,0.0,190.0,2.0,Helps restaurants take online orders directly from customers
JustPaid,Fintech,US,,Early,0.0,20.0,3.0,Billing Automation for B2B that actually works.
JustSpotted,Consumer,DK,,Early,0.0,2.0,1.0,Acquired by Google in 2011
Just Words,B2B,US,,Early,0.0,5.0,1.0,Scale hyper-personalized messaging with AI
Jutsoo,B2B,ID,,Early,0.0,12.0,2.0,All your corporate bank accounts connected under one platform
Juxta,B2B,US,,Early,0.0,0.0,1.0,Building a GPS alternative 100x more powerful with no hardware needed.
JuziBot,B2B,CN,,Early,0.0,34.0,3.0,"Intercom for WeChat, help companies to acquire,  engage, retain…"
Kaagaz,Consumer,IN,,Early,0.0,11.0,3.0,'Office' Suite for Mobile-first Businesses in India
Kabilah,Healthcare,Unknown,,Early,0.0,0.0,2.0,Pioneering Generative AI for Nursing
Kable,B2B,US,,Early,0.0,0.0,1.0,Usage-based billing for API companies
Kaelio,Healthcare,US,,Early,0.0,2.0,2.0,AI operating system for healthcare organizations
KaiPod Learning,Education,US,,Early,0.0,27.0,1.0,A national network of microschools bringing school choice to every…
Kairo Health,Healthcare,US,,Early,0.0,2.0,2.0,The AI healthcare workforce
Kaiten,Consumer,US,,Early,0.0,4.0,2.0,Find culinary products and experiences from great makers everywhere
Kaizen,B2B,Unknown,,Early,0.0,5.0,2.0,Integrate instantly with any website.
Kalam Labs,Industrials,IN,,Early,0.0,10.0,3.0,Stratospheric Aerial Robotics Lab
Kalibrr,B2B,PH,,Growth,0.0,51.0,3.0,Kalibrr connects SEAsian talent to your local & global jobs.
Kalinda,B2B,US,,Early,0.0,2.0,2.0,Deep research for class action law firms
Kalshi,Fintech,US,,Early,0.0,50.0,2.0,1st federally regulated exchange where people can trade on events
Kamcord,Consumer,US,,Early,0.0,11.0,3.0,
Kamion,B2B,TR,,Growth,0.0,35.0,1.0,Uber for Trucks for Turkey
Kanava AI,B2B,US,,Early,0.0,2.0,2.0,Your First AI Sales Hire for Wholesale Distributors
Kanda,Fintech,GB,,Early,0.0,8.0,3.0,Affirm for general contractors
kapa.ai,B2B,Unknown,,Early,0.0,19.0,2.0,The fastest way to build AI assistants on technical content
Kapacity.io,Industrials,FI,,Early,0.0,7.0,3.0,Reducing energy costs & emissions in buildings.
Kapital Bank,Fintech,MX,,Early,0.0,500.0,3.0,Data driven neobank for SMBs in LATAM
Karate Labs,B2B,US,,Early,0.0,2.0,2.0,Open-source API & UI test automation 
Karat Financial,Fintech,US,,Early,0.0,40.0,2.0,Better financial services for creators
Karbon Card,Fintech,IN,,Early,0.0,144.0,5.0,Corporate Card solution for Indian businesses
Karmen,Real Estate and Construction,US,,Early,0.0,2.0,2.0,AI Assistant for Construction Project Managers
Karoo,Fintech,CA,,Early,0.0,3.0,3.0,Canadian neobank focused on lending
Karsa,Fintech,US,,Early,0.0,2.0,2.0,Stablecoin neobank for emerging markets
Kash,Fintech,US,,Early,0.0,11.0,1.0,We are fixing how money works.
Kashikoi,B2B,US,,Early,0.0,2.0,2.0,Simulation Engine for Benchmarking AI Products
Kashin,Fintech,PE,,Early,0.0,45.0,2.0,Credit for the emerging economy in Latam
Kaso,B2B,AE,,Early,0.0,50.0,1.0,B2B platform connecting restaurants with food suppliers
Kastle,B2B,Unknown,,Early,0.0,5.0,2.0,AI agents for mortgage servicing
kater.ai,B2B,US,,Early,0.0,3.0,2.0,Deliver complete data analysis from a single question
Kaya,B2B,GB,,Early,0.0,12.0,1.0,"Marketing agency for startups: 10x cheaper, better and faster"
Keeling Labs,Industrials,US,,Early,0.0,3.0,1.0,We develop ML that optimizes how batteries in the grid store energy
Keep,B2B,IL,,Early,0.0,5.0,2.0,The open-source AIOps platform
Keeper,B2B,US,,Early,0.0,72.0,2.0,We make software for bookkeepers.
Keet,B2B,Unknown,,Early,0.0,2.0,2.0,Authentication for AI Agents
KemNet,Healthcare,CA,,Early,0.0,2.0,1.0,KemNet supplies reformulated drugs for specific groups of patients.
Kenley,B2B,US,,Early,0.0,2.0,2.0,AI for Consulting
Kenobi,B2B,GB,,Early,0.0,4.0,2.0,"Personalize your landing site for each vistor, in one line of code."
Kenota (formerly ExVivo Labs),Healthcare,CA,,Growth,0.0,35.0,1.0,Kenota is revolutionizing the way we test for disease 
Kernal Biologics,Healthcare,US,,Early,0.0,20.0,3.0,Kernal is creating mRNA 2.0 therapies that work in specific cells
Kernel,B2B,US,,Early,0.0,6.0,2.0,Crazy Fast Browsers-as-a-Service
Kern Systems,Healthcare,US,,Early,0.0,3.0,1.0,Using DNA to store data.
Kestral,B2B,US,,Early,0.0,2.0,2.0,We automate your entire product development lifecycle.
Kestroll,B2B,US,,Early,0.0,2.0,2.0,AI media manager
Keychain Logistics,B2B,US,,Early,0.0,2.0,2.0,Software that connects the supply side of companies that ship product…
KeyDB,B2B,CA,,Early,0.0,2.0,2.0,The only database you'll ever need
Keye,Fintech,US,,Early,0.0,3.0,3.0,The Smartest Private Equity Investor
Keylika,Healthcare,US,,Early,0.0,1.0,2.0,Redefining the Standard of Care for Iron Deficiency Anemia
Keynua,B2B,PE,,Early,0.0,15.0,4.0,E-signatures with identity verification for Latin America
Keyri,B2B,US,,Early,0.0,5.0,3.0,Secure fraud prevention and authentication platform for developers
Keystone,B2B,US,,Early,0.0,1.0,1.0,Your team's on-call AI engineer
Key Values,B2B,Unknown,,Early,0.0,1.0,1.0,Helping software developers find teams that share their values. 
Keywords AI,B2B,US,,Early,0.0,6.0,2.0,Observability and evals platform for building AI agents
Khabri,Consumer,IN,,Early,0.0,11.0,3.0,India's Largest Podcast Platform
Khatabook,Fintech,IN,,Growth,0.0,350.0,1.0,Manage your ledgers and avail Financial Services like Lending on your…
Khoj,Consumer,US,,Early,0.0,2.0,2.0,The open-source AI assistant for your digital brain.
Kickpay,B2B,US,,Early,0.0,2.0,3.0,A platform to finance inventory for e-commerce companies.
Kicksend,Consumer,US,,Early,0.0,11.0,2.0,"Send and print photo albums with people you love.

Acquired by Lyft"
Kidato,Education,KE,,Early,0.0,15.0,1.0,Online school for K12 education in Africa
KidPass,Education,US,,Growth,0.0,21.0,3.0,Online & In-Person Kids Activities
Kiko,B2B,US,,Early,0.0,0.0,2.0,We're the best online calendar solution to ever exist. Period.
Kilobaser,Healthcare,AT,,Early,0.0,10.0,3.0,Desktop DNA Printer. The Nespresso Machine for DNA.
Kindamagical,B2B,US,,Early,0.0,1.0,1.0,Create + share amazing product GIFs in minutes ⚡️
Kingdom,Healthcare,US,,Early,0.0,18.0,2.0,Natural functional ingredients that actually work
Kino AI,B2B,US,,Early,0.0,4.0,1.0,Kino automatically organizes footage to make video editing faster. 
Kinside,Fintech,US,,Early,0.0,18.0,2.0,Powering the $648b Care Economy
Kip Health,Healthcare,US,,Early,0.0,2.0,1.0,Therapy the way it should be: high quality in-person therapy sessions…
Kippt,B2B,US,,Early,0.0,2.0,2.0,Kippt is a social bookmarking service
Kips Health,Healthcare,US,,Early,0.0,2.0,2.0,The only patient engagement software that pays you.
Kirana AI,B2B,US,,Early,0.0,2.0,2.0,AI manager for physical stores
Kirkland North,Consumer,US,,Early,0.0,2.0,2.0,
Kisan Network,Industrials,IN,,Growth,0.0,75.0,2.0,Tech enabled and fully integrated PAN India agri produce supply chain
Kite,B2B,US,,Early,0.0,2.0,2.0,Screen recorder for stunning product demo videos
Kitekraft,Industrials,DE,,Early,0.0,6.0,4.0,Building flying wind turbines.
Kitemaker,B2B,NO,,Early,0.0,5.0,2.0,A faster and more collaborative alternative to Jira for remote teams
Kivo,B2B,US,,Early,0.0,2.0,2.0,Git for Documents
Kivo Health,Healthcare,US,,Early,0.0,25.0,2.0,AI-powered virtual care for chronic lung disease
Kiwi Biosciences,Healthcare,US,,Early,0.0,10.0,2.0,Patent-pending enzymes to break down common dietary triggers
Kiwify,Education,BR,,Early,0.0,200.0,2.0,Create & sell online courses
Klarismo,Healthcare,US,,Early,0.0,1.0,1.0,Klarismo turns your body into an interactive experience. We built a…
Klarity,B2B,US,,Early,0.0,128.0,2.0,Enterprise AI for CFOs
Klavis AI,B2B,Unknown,,Early,0.0,2.0,2.0,Open Source MCP Integrations for AI Applications
Knowlify,B2B,US,,Early,0.0,4.0,4.0,Convert textual content into explainer videos in < 15s
Knowmia,Education,US,,Early,0.0,11.0,2.0,Pandora meets Yelp for K-12 educational videos.  We match each…
Known Medicine,Healthcare,US,,Early,0.0,17.0,2.0,Combining 3D cell culture & AI to translate drugs to clinical success
Knowtex,Healthcare,US,,Early,0.0,0.0,2.0,Making doctors 2x more efficient with AI note-taking & charge capture
Koala,Education,US,,Early,0.0,11.0,2.0,Minecraft for Teachers
Koala Ops,B2B,IL,,Early,0.0,4.0,1.0,A platform for developing microservices on Kubernetes
Kobalt Labs,B2B,Unknown,,Early,0.0,5.0,2.0,AI copilot to automate risk ops for fintechs and banks
Kobo360,B2B,NG,,Early,0.0,204.0,2.0,Africa's leading supply chain technology platform. 
Kodda,Healthcare,MX,,Early,0.0,7.0,2.0,
Kodex,B2B,US,,Early,0.0,30.0,2.0,Easiest way for companies to process data requests from governments
Kodo,Fintech,IN,,Early,0.0,45.0,2.0,Corporate card & spend management platform for Indian startups
Koduco,Consumer,US,,Early,0.0,2.0,2.0,iPad games.
Koko,Healthcare,Unknown,,Early,0.0,8.0,2.0,Making mental health accessible to everyone.
Kombo,B2B,DE,,Early,0.0,20.0,3.0,"Unified API for HR, payroll and recruiting software"
Konta.com,B2B,MX,,Early,0.0,35.0,2.0,Turbotax for México and LATAM
Kontigo,Fintech,Unknown,,Early,0.0,10.0,2.0,USDC-Smart Neobank for Latinos. 
Kopa,Real Estate and Construction,US,,Early,0.0,6.0,1.0,Find furnished rentals and compatible housemates for 1-12 month stays 
Kopra Bio,Healthcare,US,,Early,0.0,2.0,2.0,Genetically engineered viruses that teach your immune system to kill…
KorrAI,Fintech,CA,,Early,0.0,17.0,2.0,KorrAI monitors infrastructure risk with satellite imagery and AI
Kosh,Fintech,IN,,Early,0.0,56.0,2.0,Creating Microfinance 2.0.
Koshex,Fintech,IN,,Early,0.0,21.0,2.0,Automating wealth creation for 400M Indian millennials
Kovi,Fintech,BR,,Early,0.0,890.0,1.0,"Making car ownership more inclusive, flexible and simple."
Koywe,Fintech,US,,Early,0.0,7.0,2.0,Crypto On and Off Ramp for Latam
Krab,Fintech,IN,,Early,0.0,9.0,2.0,Instant loans for trucking companies in India
Kraftful,B2B,US,,Early,0.0,6.0,1.0,Copilot for product teams
Krave Mart,Consumer,PK,,Early,0.0,80.0,4.0,Grocery Delivery in Pakistan
Kredi,Fintech,MX,,Early,0.0,66.0,4.0,Rocket Mortgage for LatAm. 
K-Scale Labs,Consumer,US,,Early,0.0,10.0,1.0,Open-source humanoid robots
KubeSail,Consumer,US,,Early,0.0,2.0,1.0,The Self-Hosting Company
Kular,B2B,GB,,Early,0.0,12.0,1.0,AI Lead Generator
Kunduz,Education,TR,,Early,0.0,85.0,3.0,Kunduz provides instant answers to students' questions and makes…
Kura AI,B2B,Unknown,,Early,0.0,2.0,2.0,New State of the Art for Browser Agents
Kurios,Education,PE,,Early,0.0,10.0,2.0,Cohort-based online courses for professionals in Latin America
Kyber,B2B,US,,Early,0.0,5.0,1.0,"Instantly draft, review, and send complex regulatory notices."
L.,Consumer,US,,Early,0.0,0.0,1.0,L. makes award-winning personal care products with organic materials.
Labdoor,Consumer,US,,Growth,0.0,11.0,3.0,Labdoor is building the trusted online drugstore.
LabelFlow,B2B,FR,,Early,0.0,6.0,3.0,GitHub for visual data
Labric,B2B,US,,Early,0.0,2.0,2.0,The data layer for scientific research
Ladder,Real Estate and Construction,US,,Early,0.0,1.0,1.0,Labor Marketplace for Construction
Lago,B2B,FR,,Early,0.0,23.0,2.0,Open Source Metering and Usage Based Billing
Laguna,Real Estate and Construction,US,,Early,0.0,2.0,1.0,
LAIKA,Consumer,CO,,Early,0.0,500.0,3.0,Online pets supplies for Latin America with over 4000 products & 20…
Lalabox,Consumer,US,,Early,0.0,4.0,2.0,Live stream shopping for beauty products
Lamar Health,Healthcare,US,,Early,0.0,6.0,1.0,Scaling Intelligence for Healthcare Automations
Lambda Tea,Consumer,Unknown,,Early,0.0,2.0,2.0,We build self-serve bubble tea dispensers! :D
Lamin,Healthcare,DE,,Early,0.0,6.0,2.0,Open data platform for biology
Laminar,B2B,US,,Early,0.0,2.0,2.0,Open-source all-in-one platform for engineering AI products
Laminate,Fintech,Unknown,,Early,0.0,0.0,1.0,
LanceDB,B2B,US,,Early,0.0,20.0,2.0,"Open-source, serverless vectordb for production-scale generative AI"
Lancey,B2B,CA,,Early,0.0,5.0,2.0,Multiplayer agents for your engineering team
Landed,Fintech,US,,Growth,0.0,2.0,2.0,White-labeled shared appreciation down payment programs for employers
Landeed,Real Estate and Construction,IN,,Early,0.0,35.0,3.0,Landeed is India's fastest property title search engine 
Lanesurf,B2B,US,,Early,0.0,4.0,2.0,Voice AI for booking freight
Langdock,B2B,Unknown,,Early,0.0,22.0,3.0,The all-in-one AI platform for companies.
Langfuse,B2B,DE,,Early,0.0,13.0,3.0,Open source LLM engineering platform
Lantern,B2B,US,,Early,0.0,4.0,2.0,User behavior monitoring for modern product teams
Lanyrd,Consumer,GB,,Early,0.0,2.0,1.0,IMDB of conferences.
Lapel,B2B,Unknown,,Early,0.0,2.0,2.0,Scale personalized service to every customer.
lapzo,B2B,MX,,Early,0.0,135.0,1.0,Lattice for Latam with personalized learning and development
Lariat Data,B2B,US,,Early,0.0,3.0,2.0,Observability for Data Engineering Teams
Lark,B2B,US,,Early,0.0,2.0,2.0,AI Native Billing Platform
Laserfocus,B2B,DE,,Early,0.0,2.0,2.0,Implement streamlined Salesforce processes for agile GTM teams
Latchel,B2B,US,,Early,0.0,0.0,2.0,24/7 emergency maintenance department for property managers and…
Latent,Healthcare,US,,Early,0.0,30.0,2.0,Medical language models to automate healthcare operations
Latent Space,Consumer,ID,,Early,0.0,40.0,3.0,Applied AI for The Emerging Economies
Lattice,B2B,US,,Growth,0.0,540.0,2.0,Modern people management platform.
Laudable,B2B,US,,Early,0.0,5.0,1.0,App for B2B companies to find customer stories and advocates
Laudspeaker,B2B,US,,Early,0.0,3.0,2.0,Open source mobile marketing platform. Alternative to appcues /…
Launcher Labs,Consumer,US,,Early,0.0,4.0,1.0,"Maker of consumer crypto apps: Launchcaster, Frameboard, Maindrop"
LaunchFlow / infra.new,B2B,Unknown,,Early,0.0,3.0,2.0,AI Agent for Cloud Infrastructure
LaunchHear,B2B,US,,Early,0.0,2.0,2.0,LaunchHear was a startup attempting to make PR scale in the same way…
Launchpad Toys,Consumer,US,,Early,0.0,2.0,2.0,"Creativity at Play.  Tablet toys.   Acquired by Google, 2015."
Lavo Life Sciences,Healthcare,Unknown,,Early,0.0,3.0,3.0,AI for drug formulation
Lawdingo,Consumer,US,,Early,0.0,0.0,1.0,Lawdingo provides virtual paralegal services to law firms.
Lawn Love,Consumer,US,,Early,0.0,150.0,1.0,"Modern, on-demand lawn care service. Get a quote in two minutes."
Lawyaw,B2B,US,,Early,0.0,15.0,1.0,Automating document-based workflows
Layer By Layer,Consumer,US,,Early,0.0,2.0,3.0,"Acquired by MakerBot in February 2014. 

A marketplace for 3D…"
Layerup,B2B,US,,Early,0.0,11.0,1.0,AI agents for Financial Institutions
Laylo,B2B,US,,Early,0.0,12.0,2.0,The Drop CRM
Layup,B2B,US,,Early,0.0,3.0,3.0,Guide your users. Right in your product.
LazyEditor,Consumer,US,,Early,0.0,3.0,1.0,AI Agentic Video Editor
Leada,Education,US,,Early,0.0,1.0,1.0,Online enterprise training in data science and analytics.…
Leaders In Tech (formerly InnerSpace),Unspecified,US,,Early,0.0,1.0,2.0,"Helping founders improve themselves, their companies, and the world."
LeadGenius,B2B,US,,Growth,0.0,50.0,4.0,LeadGenius is an account-based marketing and lead generation…
LEAH Labs,Healthcare,US,,Early,0.0,4.0,1.0,"Living therapies for pets first, and their people next"
Leaky,Fintech,US,,Early,0.0,2.0,2.0,Online auto and business insurance. (Acquired 2013)
LeanMarket,B2B,US,,Early,0.0,2.0,1.0,Mobile advertising
Leaping,B2B,US,,Early,0.0,2.0,2.0,Automate bug resolution
Leaping AI,B2B,US,,Early,0.0,8.0,3.0,Voice AI agents to automate call centers (digital call center workers)
Ledger Investing,Fintech,US,,Early,0.0,85.0,1.0,Marketplace for insurance securitization.
LedgerUp,B2B,US,,Early,0.0,5.0,2.0,Your AI teammate that handles all billing and revenue from Slack
Leena AI,B2B,US,,Early,0.0,500.0,3.0,We at Leena AI build a virtual assistant that answers employee's…
Leeroo,B2B,Unknown,,Early,0.0,3.0,3.0,Continuously Learning AI Agents
Leftronic,Consumer,US,,Early,0.0,11.0,3.0,Business dashboards
Legacy,Healthcare,US,,Early,0.0,35.0,2.0,"Legacy helps you test, improve, and freeze your sperm"
Legalist,Fintech,US,,Early,0.0,40.0,2.0,Tech-enabled asset management firm
Legionfarm,Consumer,US,,Early,0.0,75.0,1.0,We connect gamers with training and assistance from Pro players
Legion Health,Healthcare,US,,Early,0.0,11.0,3.0,"AI-native psychiatry, built for scale and covered by insurance"
Legora (formerly Leya),B2B,SE,,Early,0.0,65.0,2.0,The AI workspace for lawyers
LemFi,Fintech,GB,,Early,0.0,60.0,2.0,LemFi banks the world's emerging market immigrants.
LemonBox Health,Consumer,HK,,Growth,0.0,50.0,1.0,"From vitamins to meals, AI that optimizes your daily nutrition."
Lemon Slice,Consumer,US,,Early,0.0,3.0,3.0,Expressive characters that talk
Lenco,Fintech,NG,,Early,0.0,13.0,4.0,Pan-African digital bank for Africa's 50m businesses
LendEDU,Education,US,,Early,0.0,10.0,2.0,LendEDU is a marketplace for consumer financial products.
Lendflow,Fintech,US,,Early,0.0,55.0,2.0,Embedded lending infrastructure for software companies
Lendsnap,Fintech,US,,Early,0.0,0.0,2.0,The Digital Mortgage Company.
Lendtable,Fintech,US,,Early,0.0,20.0,2.0,We give employees cash advances for their 401k match and ESPP
LendUp,Fintech,US,,Early,0.0,201.0,2.0,LendUp is a socially responsible company on a mission to redefine…
Lenk,Fintech,CL,,Early,0.0,18.0,3.0,The next-gen lending platform for the banking system in LATAM.
Leon & George,Consumer,US,,Growth,0.0,10.0,1.0,Buying and owning indoor potted plants made easy.
Le Tote,Consumer,US,,Growth,0.0,201.0,2.0,Subscription service for women's apparel & accessories. 
Let's Do This,Consumer,GB,,Growth,0.0,75.0,2.0,The online company that gets everyone offline
Letter,Fintech,US,,Early,0.0,9.0,2.0,Beautifully designed banking for high net-worth individuals.
Letter AI,B2B,US,,Early,0.0,12.0,2.0,"Empowering B2B sellers with AI-powered training, coaching, and content"
Letterdrop,B2B,US,,Early,0.0,10.0,1.0,Book more meetings with conversational intent
Level,Fintech,US,,Early,0.0,0.0,3.0,Fast and simple fintech financing
Level Frames,Consumer,US,,Early,0.0,5.0,2.0,Software eats custom framing
Lever,B2B,US,,Growth,0.0,225.0,3.0,Talent Acquisition Suite that combines ATS + Talent CRM
Levers,B2B,SA,,Early,0.0,8.0,2.0,Automating collection and boosting cashflow for B2B companies
Levo,Fintech,MX,,Early,0.0,6.0,2.0,Treasury management platform for SMBs to optimize idle cash in Latam
Levro,Fintech,US,,Early,0.0,12.0,2.0,Multicurrency account & international payments for businesses
Lexter.ai,B2B,BR,,Early,0.0,18.0,4.0,LLM for Legal in Brazil
Lezzoo,Consumer,IQ,,Early,0.0,190.0,2.0,Lezzoo is an on-demand delivery Superapp for Iraq. 
LifeAt,Consumer,US,,Early,0.0,6.0,1.0,One tool to supercharge your productivity.
Lifecast,Consumer,US,,Early,0.0,2.0,2.0,"Software to create 3D video for VR, robotics and film."
Lifelike,Consumer,US,,Early,0.0,2.0,2.0,
LifestyleRx,Healthcare,CA,,Early,0.0,9.0,4.0,Virtual Care for Type 2 Diabetes Reversal
Lifted,B2B,SE,,Early,0.0,9.0,1.0,Smartwatch powered coaching to improve teams sustainable performance
Liftigniter,B2B,US,,Growth,0.0,11.0,2.0,Machine Learning personalization for dynamic digital properties -…
Lightbox,Consumer,US,,Early,0.0,2.0,2.0,Cursor for Content Creation
Lighthouz AI,B2B,US,,Early,0.0,7.0,2.0,AI Agents for AP and AR in Logistics
Lightly,B2B,CH,,Early,0.0,5.0,2.0,Help ML teams label the right data
Lightmeter,B2B,GB,,Early,0.0,5.0,1.0,Managed Sales Email Delivery For Cold Outreach
Lightscreen AI,B2B,Unknown,,Early,0.0,2.0,2.0,Voice + video AI interviewer
Lightski,B2B,US,,Early,0.0,1.0,1.0,Cursor for Technical Design Docs and PRDs
Light Table/Eve,B2B,US,,Early,0.0,5.0,2.0,"Eve is our way of bringing the power of computation to everyone, not…"
LightTwist,B2B,US,,Early,0.0,4.0,1.0,Record video in a photorealistic virtual studio all from your browser
Lightwell,B2B,US,,Early,0.0,4.0,1.0,
Ligo Biosciences,Healthcare,US,,Early,0.0,4.0,3.0,AI designed enzymes for the chemical industry.
Likebetter,Consumer,US,,Early,0.0,2.0,1.0,
Lilac,B2B,US,,Early,0.0,2.0,2.0,Spot GPUs that use idle GPUs from enterprises
Lilac Labs,B2B,Unknown,,Early,0.0,2.0,2.0,We automate the person taking orders at drive-thrus with a voice AI
Lilia,Healthcare,US,,Early,0.0,3.0,1.0,Modern egg freezing for half the cost in half the time with top docs
Linc.,B2B,Unknown,,Early,0.0,3.0,3.0,"AI Copilot for Shippers, Carriers and Brokers"
Line.Build,B2B,US,,Early,0.0,3.0,2.0,Incentives and financing for energy efficiency upgrades
LineLeap,Consumer,US,,Early,0.0,50.0,3.0,"LineLeap gets customers to the fun, faster."
LineWise,B2B,Unknown,,Early,0.0,5.0,3.0,AI Agent to troubleshoot manufacturing issues
Lingo.dev,B2B,US,,Early,0.0,6.0,2.0,"Open-source, AI-powered i18n toolkit for instant localization."
Lingt,Education,US,,Early,0.0,2.0,1.0,Lingt provided a web-based platform for learning languages leveraging…
Linkana,B2B,BR,,Early,0.0,21.0,3.0,The leading SRM platform for LatAm
LinkGrep,B2B,US,,Early,0.0,2.0,2.0,AI browser copilot for teams
Linum,Consumer,US,,Early,0.0,2.0,2.0,"type text, dream video"
Lion Pose,Consumer,US,,Early,0.0,3.0,2.0,"Clinical skincare tested on diverse skin, now available in Sephora."
Listia,Consumer,US,,Growth,0.0,6.0,1.0,Mobile marketplace for trading used goods.
ListRunner,Healthcare,US,,Early,0.0,2.0,3.0,Replaces paper patient lists for doctors. 
LiteLLM,B2B,Unknown,,Early,0.0,2.0,2.0,Call every LLM API like it's OpenAI [100+ LLMs]
LitHit,Consumer,Unknown,,Early,0.0,2.0,2.0,Smart Target for Shooting Sports
Litnerd,Education,US,,Early,0.0,6.0,1.0,Reading + Writing Club App for Kids
Littio,Fintech,CO,,Early,0.0,28.0,4.0,Dollar banking for people in Latin America
Liva AI,B2B,US,,Early,0.0,2.0,2.0,Scale AI for video and voice data.
Livedocs,B2B,US,,Early,0.0,3.0,1.0,A New Kind of Notebook for Data Storytelling
LiveFlow,B2B,US,,Early,0.0,47.0,2.0,LiveFlow empowers finance leaders with real-time insights into every…
"Lively, Inc.",Healthcare,US,,Early,0.0,195.0,2.0,Modern employee benefits & health savings account (HSA) provider
Livement,B2B,MX,,Early,0.0,45.0,2.0,Livement makes selling tickets for events easy and safe for organizers
Living Carbon,Industrials,US,,Early,0.0,40.0,2.0,maximizing biomass on low quality land
Liv Labs,Healthcare,US,,Early,0.0,2.0,2.0,Pelvic floor fitness made easy
Liyfe,Healthcare,US,,Early,0.0,2.0,1.0,Digital Nurse to Automate Symptom Assessment and Risk…
Lizza,B2B,MX,,Early,0.0,7.0,1.0,AI-assitant for managing creator-brand partnerships
LlamaFarm,B2B,US,,Early,0.0,7.0,3.0,"Build powerful AI projects locally, deploy anywhere"
Lob,B2B,US,,Growth,0.0,150.0,1.0,Lob is the only automation platform that transforms direct mail into…
Lobby,Healthcare,GB,,Early,0.0,1.0,1.0,Local onboarding for the $200B health tourism industry
Locale,Consumer,US,,Early,0.0,11.0,3.0,"Organic and gourmet high-protein meals, designed for longevity."
LocalOn,B2B,US,,Early,0.0,2.0,2.0,Web marketing for SMBs & merchants associations.
Localyze,B2B,DE,,Early,0.0,105.0,3.0,Global mobility platform for companies and employees
Locata,Healthcare,US,,Early,0.0,2.0,2.0,AI Referral Automation for Primary Care Clinics
Locent,B2B,US,,Early,0.0,11.0,1.0,Locent is an automated messaging platform for companies
Lockitron,Consumer,US,,Early,0.0,11.0,3.0,Lockitron makes electronic locks you can control locally from your…
Lofty,Fintech,US,,Early,0.0,7.0,2.0,Building the NASDAQ for Real Estate.
Logarithm Labs,B2B,US,,Early,0.0,2.0,2.0,Easy button to use data for your daily operations
Logiblock,B2B,US,,Early,0.0,0.0,2.0,Logiblock engineers electronics and development tools to dramatically…
Logica,B2B,US,,Early,0.0,2.0,2.0,"Visual, collaborative financial modeling software"
LogisticsOS,B2B,US,,Early,0.0,6.0,2.0,World's fastest and most optimal route optimization engine
Logital AI (Teclada),B2B,US,,Early,0.0,2.0,1.0,Compare models and ouputs without random noise skewing your results.
Lokal,Consumer,IN,,Early,0.0,24.0,2.0,"Local news, information and classifieds for India's small town users"
Lollipuff,Consumer,US,,Early,0.0,11.0,1.0,Online Auctions for Authentic (Women's) Designer Goods
Long Term Stock Exchange,Fintech,US,,Early,0.0,68.0,2.0,LTSE is an ecosystem for visionary business.
Look After My Bills,Fintech,GB,,Early,0.0,2.0,2.0,"Personal fintech - we optimise your bills, every year, automatically."
Looklive,Consumer,US,,Early,0.0,11.0,3.0,Looklive is a community and marketplace for fashion.  Users browse…
Loom,Consumer,US,,Early,0.0,2.0,4.0,Cloud storage for photos and videos (acquired by Dropbox). 
Loombotic,Industrials,CA,,Early,0.0,3.0,2.0,Wire Harnesses in as little as 7 days
Loop Genomics,Healthcare,US,,Growth,0.0,7.0,1.0,Novel long-read DNA sequencing technology
Loop Health,Healthcare,IN,,Early,0.0,27.0,2.0,Modern & comprehensive health insurance plan for employees in India
Loops,B2B,US,,Early,0.0,5.0,2.0,Email sending for startups
Loop Support,B2B,US,,Early,0.0,7.0,2.0,Predict job applicant performance for entry-level support roles
LootRush,Consumer,US,,Early,0.0,0.0,1.0,A safe and friendly way to play crypto games.
Lopus AI,B2B,US,,Early,0.0,2.0,2.0,Data Unification for GTM Analytics 
Lotas,B2B,US,,Early,0.0,2.0,2.0,"Cursor for Data Science — secure, AI-native IDE for data scientists"
Lotus,B2B,US,,Early,0.0,2.0,2.0,Open-Core Pricing and Billing Engine
LotusPay,Fintech,IN,,Early,0.0,5.0,3.0,Recurring payments solution for businesses in India.
Louiza Labs,Healthcare,US,,Early,0.0,2.0,2.0,Simulated human biology and synthetic medical datasets.
Loula,Healthcare,US,,Early,0.0,2.0,1.0,Enabling birth & postpartum doulas to easily accept Medicaid
Lovage,B2B,US,,Early,0.0,7.0,3.0,"Smart, virtual receptionists for local businesses."
Lovd,Consumer,US,,Early,0.0,4.0,1.0,"It's not used, it's Lovd."
Lowkey,Consumer,US,,Early,0.0,10.0,1.0,"Capture, create, & share gaming moments (Acquired by Niantic!)"
LSK Technologies,Healthcare,CA,,Early,0.0,2.0,2.0,A diagnostic lab in a box
Luable,Fintech,CO,,Early,0.0,40.0,2.0,Latin America's Deposits Marketplace for Banks
Lua Global Inc,B2B,GB,,Early,0.0,5.0,2.0,"Self-Serve AI powered Sales, Support & Booking Agents"
Luca,B2B,US,,Early,0.0,6.0,2.0,The Modern Pricing Engine for Retail
Lucible,B2B,Unknown,,Early,0.0,2.0,2.0,Combined checking and investment account
Lucid,Consumer,Unknown,,Early,0.0,3.0,2.0,interactive video models
Lucid Bots,Industrials,US,,Early,0.0,26.0,1.0,"We build robots for dull, dirty, and dangerous jobs."
Lucidic AI,B2B,US,,Early,0.0,3.0,3.0,Weights & Biases for AI Agents
Lucira Health,Healthcare,US,,Growth,0.0,43.0,1.0,Next generation infectious disease test kits
Lucis,Healthcare,Unknown,,Early,0.0,3.0,3.0,Function Health for Europe 
Lucite,B2B,US,,Early,0.0,4.0,2.0,Supercharging Insurance Brokers & Advisors
"Lucy Goods, Inc",Consumer,US,,Early,0.0,7.0,3.0,Lucy’s mission is to reduce tobacco-related harm to zero. We provide…
Lugg,Consumer,US,,Early,0.0,50.0,2.0,"Move anything, anytime, anywhere"
Lully,Healthcare,US,,Early,0.0,5.0,2.0,Lully is developing an under-the-mattress technology that precisely…
Lumari,B2B,US,,Early,0.0,3.0,2.0,Your AI Teammates
Lume,Healthcare,US,,Early,0.0,0.0,2.0,
Lumenary,B2B,US,,Early,0.0,4.0,4.0,Build working software exceedingly fast in Solar
Lumen Payments,Fintech,DE,,Early,0.0,2.0,2.0,"Ship AI billing fast - track usage, credits & flexible pricing models!"
Lumetric,B2B,US,,Early,0.0,2.0,2.0,Build AI agents in minutes
Lumi,B2B,US,,Growth,0.0,67.0,2.0,Packaging for online brands.
Lumina,B2B,SG,,Early,0.0,12.0,2.0,AI+human powered automation on job-community platform with 1.5M…
Luminai,B2B,US,,Early,0.0,31.0,1.0,Luminai helps automate repetitive manual work away from your mission…
Luminal,B2B,Unknown,,Early,0.0,3.0,3.0,Making AI run fast on any hardware.
Luminate Medical,Healthcare,IE,,Early,0.0,36.0,2.0,We build medical devices to stop the side effects of cancer treatment.
Lumineye,Government,US,,Early,0.0,10.0,1.0,X-ray Vision for First Responders 
Luminist Labs,Healthcare,US,,Early,0.0,2.0,1.0,Diagnostic platform for early detection of liver disease
Lumoid,Consumer,US,,Early,0.0,11.0,1.0,We are a try before you buy service for consumer electronics. 
Lumona,Consumer,US,,Early,0.0,1.0,1.0,AI-enabled search engine featuring insights from social media.
LunaJoy Health,Healthcare,US,,Early,0.0,6.0,2.0,"AI-powered scalable infrastructure + mental health services, starting…"
LunaSec,B2B,US,,Early,0.0,4.0,2.0,An Open Source dependency security tool that is smarter than the rest
Lunatic,B2B,AT,,Early,0.0,2.0,2.0,Operating System for server-side apps
LUS Brands,Consumer,CA,,Early,0.0,20.0,1.0,Hair care products for curly hair. 
Luthor,B2B,Unknown,,Early,0.0,4.0,2.0,AI-Native Compliance Firm
lvl5,Industrials,Unknown,,Early,0.0,6.0,1.0,HD maps for self-driving cars.
LVL6,Consumer,US,,Early,0.0,2.0,3.0,We make mobile MMOs. 
Lygg,Consumer,US,,Early,0.0,1.0,1.0,Creating New Anti-Aging Ingredients
Lygos,Healthcare,US,,Growth,0.0,55.0,1.0,Lygos engineers yeast to convert sugar into high-value industrial…
Lynks,Consumer,EG,,Growth,0.0,40.0,1.0,Lynks is an e-commerce company that makes high demand products…
Lynx,B2B,US,,Early,0.0,5.0,2.0,AI platform for investigating and resolving engineering incidents
Lyra,Consumer,US,,Early,0.0,3.0,1.0,Spend crypto anywhere online
Lyrebird,B2B,CA,,Early,0.0,13.0,3.0,Our tech speaks for itself.
Lysto,B2B,US,,Early,0.0,2.0,2.0,Revenue intelligence platforms for startups
Lytix,B2B,US,,Early,0.0,2.0,1.0,"DataDog for LLMs, turnkey solution for n=1 custom evaluations"
Mable,Healthcare,US,,Early,0.0,7.0,2.0,First personalized migraine clinic using genetics and telehealth.
Macadamia,B2B,Unknown,,Early,0.0,2.0,2.0,AI Agents for Complex Engineering Projects
Mach9,B2B,US,,Early,0.0,15.0,3.0,The Fastest Tool for Automating Geospatial Production
Machine26,Real Estate and Construction,DE,,Early,0.0,12.0,2.0,Marketplace for construction machines
Machine Zone,Consumer,US,,Growth,0.0,501.0,3.0,Pioneers of mobile social gaming.
Macromoltek,Healthcare,US,,Early,0.0,14.0,2.0,Computational antibody design
MadEats,Consumer,PH,,Early,0.0,0.0,3.0,Online delivery-only restaurant group in the Philippines
Maderight,B2B,US,,Early,0.0,51.0,3.0,"Global Manufacturing, Simplified"
Mage,Consumer,DE,,Early,0.0,3.0,2.0,The safest way to buy and sell collectibles 
Magic,B2B,US,,Early,0.0,350.0,5.0,Extremely talented assistants for busy people
MagicBell,B2B,ES,,Early,0.0,4.0,2.0,The notification inbox for web/mobile applications.
MagicBus,Consumer,US,,Growth,0.0,18.0,2.0,We make vanpool simple.
Magicflow 𐂂,B2B,IL,,Early,0.0,2.0,2.0,The Gen AI evaluation and curation platform
Magic Hour,Consumer,US,,Early,0.0,2.0,2.0,Platform for AI video generation.
Magic Instruments,Consumer,US,,Early,0.0,2.0,3.0,Magic Instruments makes a high-tech guitar that is easier and more…
Magic Loops,B2B,US,,Early,0.0,2.0,1.0,Program computers with natural language
MagiCode,B2B,US,,Early,0.0,3.0,2.0,A Reliable AI Frontend Engineer
Magic Patterns,B2B,Unknown,,Early,0.0,2.0,2.0,Prototype your product ideas with AI.
Magna,Fintech,US,,Early,0.0,18.0,2.0,Carta for Web3: token vesting and DeFi investment management. 
MagnaPlay,B2B,Unknown,,Early,0.0,5.0,2.0,AI-powered game translation.
Magnetic,B2B,Unknown,,Early,0.0,2.0,2.0,AI Tax Preparer for CPA firms
Mahaana Wealth,Fintech,PK,,Early,0.0,6.0,1.0,Mahaana is first & only licensed digital wealth manager in Pakistan
Maia,Healthcare,US,,Early,0.0,2.0,1.0,AI relationship app that keeps couples together
Maihem,Industrials,GB,,Early,0.0,5.0,2.0,Adaptable AI robots for your complex and dynamic workflows
Mailgun,B2B,US,,Early,0.0,51.0,2.0,Email API service.
Mailmodo,B2B,US,,Early,0.0,70.0,2.0,No-code email marketing platform to send forms & widgets within emails
MailTime,B2B,HK,,Early,0.0,18.0,2.0,Emails as quick and easy as text messaging.
Mailwarm,B2B,FR,,Early,0.0,6.0,1.0,Prevents marketing emails from landing in spam.
maintouch,B2B,US,,Early,0.0,3.0,1.0,Full-stack organic marketing for B2B.
Maitai,B2B,Unknown,,Early,0.0,6.0,2.0,"Reliable, self-improving enterprise AI"
Maitian.ai,B2B,SG,,Early,0.0,5.0,2.0,"We make $1,000 Amazon Go stores."
Maive,Industrials,US,,Early,0.0,2.0,2.0,Visual AI for factories
Makani Science,Healthcare,US,,Early,0.0,2.0,2.0,Reinventing respiration monitoring
Makeasite,Consumer,US,,Early,0.0,2.0,1.0,Create sites with just a prompt
Make School,Education,US,,Growth,0.0,45.0,2.0,Make School is redesigning college for the 21st century. Students…
Makrwatch,B2B,US,,Early,0.0,19.0,2.0,Scale new user acquisition with YouTube Creators
Malama Health,Healthcare,US,,Early,0.0,3.0,2.0,Doula-led holistic support during and after pregnancy 
Malga,Fintech,BR,,Early,0.0,46.0,2.0,Malga is an API to accept payments with multiple payment providers
malibou,B2B,FR,,Early,0.0,2.0,2.0,the first all-in-one payroll and HR software for French SMBs
Malloc Inc,B2B,CY,,Early,0.0,7.0,2.0,AI-driven startup focused on mobile and app security.
Manaflow,B2B,US,,Early,0.0,3.0,3.0,Build internal tools for AI using natural language
Manara,B2B,US,,Early,0.0,10.0,2.0,Connecting top Middle East talent to global tech jobs
Manatee,B2B,US,,Early,0.0,2.0,2.0,DocSend for demos.
Mandel AI,B2B,Unknown,,Early,0.0,3.0,1.0,AI Procurement Agent for Manufacturing
MangoDesk,B2B,Unknown,,Early,0.0,2.0,2.0,Simple platform to create data for AI
Mango Health,Healthcare,Unknown,,Early,0.0,2.0,2.0,AI Therapy for OCD
Manifold Freight,B2B,US,,Early,0.0,3.0,2.0,Aggregating Spot Freight Opportunities for Carriers
MantleBio,B2B,Unknown,,Early,0.0,7.0,2.0,Transform scientific data into discoveries
Mantys,B2B,IN,,Early,0.0,12.0,1.0,ARR Reporting and Forecasting for SaaS companies
Maple Materials,Industrials,US,,Early,0.0,6.0,1.0,We turn CO2 into battery-grade graphite and oxygen.
Marathon Education,Education,VN,,Early,0.0,20.0,2.0,We provide live after-school tutoring to K-12 students in Vietnam
Marblism,B2B,US,,Early,0.0,5.0,1.0,AI Employees who love overtime
MarcoPolo,B2B,MX,,Early,0.0,0.0,1.0,Alibaba for Latin America
Marft,B2B,Unknown,,Early,0.0,3.0,1.0,Marft creates embeddable machine learning models for application…
Maritime Fusion,Industrials,Unknown,,Early,0.0,4.0,2.0,Fusion reactors for ships
Markaz Technologies,Consumer,PK,,Early,0.0,55.0,4.0,Reselling marketplace for social media entrepreneurs in Pakistan
"Mark Cuban Cost Plus Drug Company, PBC",Healthcare,Unknown,,Early,0.0,0.0,1.0,Making low cost versions of high cost generic drugs.
MarketBrief,Fintech,US,,Early,0.0,2.0,1.0,Generate stories from SEC filings.
marketfeed,Fintech,IN,,Early,0.0,55.0,2.0,Helps affluent Indians invest in automated options trading strategies 
MarketForce,B2B,KE,,Early,0.0,400.0,2.0,The SuperApp for neighbourhood merchants in Africa. 
Marketfox,B2B,US,,Early,0.0,2.0,1.0,Marketing automation platform optimized for mobile and web. 
Markhor,Consumer,US,,Early,0.0,5.0,2.0,Markhor is a DTC company that works with craftsmen to make shoes and…
Markupwand,B2B,IN,,Early,0.0,3.0,3.0,Convert Design files to working websites automagically
Maroo,B2B,US,,Early,0.0,5.0,3.0,Business management platform for creatives
MarqVision,B2B,US,,Early,0.0,200.0,1.0,IP operating software for brands and content companies
Marr Labs,B2B,US,,Early,0.0,9.0,2.0,AI-voice agents that are indistinguishable from humans.
Mars Auto,Industrials,KR,,Growth,0.0,15.0,1.0,Autonomous trucks for warehouse-to-warehouse shipping
Martin,Consumer,US,,Early,0.0,2.0,2.0,AI Personal Assistant like Jarvis
Mashgin,B2B,US,,Early,0.0,75.0,2.0,Self-Checkout using Computer Vision.
Mason,B2B,US,,Early,0.0,65.0,1.0,Mason is the fastest way to take smart devices from idea to end user
Massdriver,B2B,US,,Early,0.0,11.0,3.0,"Deploy secure, scalable cloud infrastructure in minutes not days"
Mastra,B2B,Unknown,,Early,0.0,8.0,3.0,"The Javascript framework for building AI agents, from the Gatsby devs"
matagora,B2B,CA,,Early,0.0,5.0,2.0,Unlocking indie retail’s unfair advantage.
Matano,B2B,US,,Early,0.0,2.0,2.0,Cloud Native SIEM (alternative to Splunk/Elastic)
Materee,B2B,ID,,Early,0.0,20.0,2.0,E-commerce platform for construction materials in Indonesia
Material Depot,Real Estate and Construction,IN,,Early,0.0,50.0,2.0,India's Fastest Growing Home Decor destination for Floor & Wall Decor
MathDash,Education,US,,Early,0.0,2.0,2.0,Learning Platform for Math Competitions
Mathos,Education,US,,Early,0.0,5.0,2.0,Ultimate AI Math Problem Solver to Revolutionize Personalized Learning
Matidor.com,B2B,CA,,Early,0.0,6.0,2.0,Project management on a live map
Matrubials,Healthcare,US,,Early,0.0,4.0,4.0,Developing milk-inspired therapeutics for infectious diseases
Matter,Consumer,US,,Early,0.0,7.0,2.0,Building the future of reading
Mattermark,B2B,US,,Early,0.0,11.0,3.0,"Big Data Meets Startup Investing

The best tool for tracking and…"
Mattermost,B2B,US,,Early,0.0,120.0,1.0,Secure Collaboration for Technical Teams
Matterport,Consumer,US,,Growth,0.0,201.0,1.0,Turn physical objects and environments into 3D models in seconds.
Maven Bio,B2B,US,,Early,0.0,8.0,2.0,The AI Platform for BioPharma Knowledge Work
Maverick Metals,Industrials,US,,Early,0.0,20.0,2.0,Expanding Metal Production
Maya Labs,B2B,IN,,Early,0.0,5.0,2.0,Building self-programming machines
Mayan,B2B,US,,Early,0.0,40.0,2.0,A growth automation platform for Amazon sellers
Mayhem,Consumer,US,,Growth,0.0,10.0,2.0,Mayhem is the easiest way to play with your gaming community.
May Mobility,Industrials,US,,Early,0.0,260.0,1.0,Transforming cities and rural areas through AV transit and technology
Mbodi AI,Industrials,Unknown,,Early,0.0,3.0,2.0,Embodied AI Platform for Industrial Robotics
MBX,Consumer,US,,Growth,0.0,150.0,1.0,A global multi-brand beauty and personal care startup.
mcp-use,B2B,US,,Early,0.0,2.0,2.0,Open-source dev tools and infrastructure for MCP.
MDalgorithms Inc.,Healthcare,US,,Growth,0.0,25.0,2.0,Democratizing Dermatology with AI 
mdhub,Healthcare,US,,Early,0.0,6.0,2.0,AI agents for mental health clinics
Meadow,B2B,US,,Early,0.0,14.0,4.0,Point of Sale and Compliance SaaS for Cannabis Dispensaries
Measured,Healthcare,US,,Early,0.0,5.0,1.0,Telemedicine platform for chronic conditions like obesity
Mecha Health,Healthcare,US,,Early,0.0,4.0,4.0,Foundation models to automate x-ray analysis for radiologists
Mecho Autotech,Industrials,NG,,Early,0.0,35.0,1.0,On-demand  auto maintenance & repairs
MedCrypt,Healthcare,US,,Early,0.0,16.0,2.0,MedCrypt gives medical device vendors cybersecurity features in a few…
Mederva Health,Healthcare,US,,Early,0.0,13.0,2.0,Prevent disease before it starts.
Medicare Vox (fka Fair Square),Healthcare,US,,Early,0.0,20.0,1.0,Building an AI Health Insurance Agent.
Medigram,Healthcare,US,,Early,0.0,11.0,3.0,"We are making a HIPAA-compliant, Groupme app for doctors to…"
Medinas Health,Healthcare,US,,Early,0.0,15.0,3.0,Medinas helps hospitals manage their inventory and buy and sell their…
Medisas,Healthcare,US,,Growth,0.0,11.0,1.0,Medisas builds workflow & collaboration software for hospitals.
MediSearch,Healthcare,GB,,Early,0.0,6.0,2.0,Search engine for trustworthy medical information.
Medium Biosciences,Healthcare,US,,Early,0.0,6.0,2.0,AI-designed Protein Therapeutics
MedMe Health,Healthcare,CA,,Growth,0.0,30.0,2.0,Software for pharmacies to move beyond dispensing
Medmonk,Healthcare,US,,Early,0.0,2.0,2.0,A tool for pharmacists to find funding for patients who are unable to…
Mednet,Healthcare,US,,Early,0.0,20.0,2.0,Stack Overflow for Medicine
"MedPiper Technologies, Inc",Healthcare,IN,,Early,0.0,37.0,2.0,Salesforce for health data
Medplum,Healthcare,US,,Early,0.0,12.0,3.0,API first electronic health record (EHR) that is open source
Medumo,Healthcare,US,,Early,0.0,12.0,2.0,We manage patient instructions for hospitals
MedXT,Healthcare,US,,Early,0.0,2.0,1.0,"Radiology in the cloud.  X-rays, CAT scans, MRI's, and…"
Meesho,B2B,IN,,Growth,0.0,1450.0,2.0,Democratizing internet commerce for everyone in India
MeetAnyway,B2B,DE,,Early,0.0,3.0,3.0,We help run engaging online conferences.
Meetingbird,B2B,US,,Early,0.0,2.0,2.0,Automated meeting scheduling for teams
Meetyu,Consumer,Unknown,,Early,0.0,0.0,1.0,
Meitre,B2B,US,,Early,0.0,9.0,2.0,Opentable for the world's top restaurants; we help them increase…
Melder,B2B,US,,Early,0.0,2.0,2.0,AI formulas and document support for Microsoft Excel
Meldium,B2B,US,,Early,0.0,2.0,1.0,Simple password & identity management for teams. Acquired by LogMeIn…
Mem0,B2B,US,,Early,0.0,4.0,2.0,The Memory layer for your AI apps
Memamp,B2B,US,,Early,0.0,0.0,1.0,
Memberstack,Fintech,US,,Early,0.0,8.0,2.0,Build a custom SaaS or membership site with Webflow or Wordpress
Membo,Consumer,EE,,Early,0.0,3.0,2.0,"Groceries fresher than a farmer’s market, delivered to you (EU)"
Memfault,B2B,US,,Early,0.0,80.0,3.0,"First IoT reliability platform for debugging, monitoring, OTA updates"
Memo,B2B,GB,,Early,0.0,2.0,2.0,Memo is modern communication that helps you get your focus back
Memora Health,Healthcare,US,,Early,0.0,115.0,3.0,Digitize and Automate Complex Care Workflows
Mendel,Fintech,MX,,Early,0.0,5.0,2.0,Workflows to empower employees to spend while finance stay in control
MentalHappy,Healthcare,US,,Early,0.0,7.0,2.0,Group-Therapy Platform for Providers and Health Systems
Menten AI,Healthcare,US,,Early,0.0,2.0,2.0,Menten AI designs peptide and protein therapeutics using quantum…
Mentorcam,Education,US,,Early,0.0,9.0,1.0,Mentorship from leaders of the world's best companies
Mentra,Consumer,US,,Early,0.0,4.0,2.0,Building the open source smart glasses operating system.
Mentum,B2B,US,,Early,0.0,2.0,1.0,AI-Powered Assistant for Procurement and Strategic Sourcing
Menza,B2B,Unknown,,Early,0.0,3.0,2.0,The 24/7 Data Analyst for Consumer Brands
Mercator,B2B,US,,Early,0.0,2.0,2.0,AI-assisted data analytics
Mercoa,Fintech,US,,Early,0.0,2.0,2.0,AI Agent for Billpay platforms to pay invoices with virtual cards
Mercura,B2B,Unknown,,Early,0.0,14.0,3.0,AI Quote and Order Automation for Distributors & Manufacturers
Mergent,B2B,US,,Early,0.0,1.0,1.0,Incredibly reliable background task queues and cron jobs
Meridian Industries,B2B,US,,Early,0.0,6.0,2.0,Index is the modern business intelligence platform
Tally,B2B,Unknown,,Early,0.0,2.0,1.0,Coming soon!
Merlin AI,B2B,US,,Early,0.0,6.0,3.0,AI powered ERP for Construction
Mertado,B2B,US,,Early,0.0,1.0,3.0,
Meru.com,B2B,MX,,Early,0.0,70.0,4.0,The one-stop-shop for auto-parts in Mexico.
Meru Health,Healthcare,US,,Early,0.0,55.0,3.0,An online provider for greater mental health
Mesh,B2B,US,,Early,0.0,50.0,3.0,Performance management platform that fits the way you work
Mesmer,B2B,US,,Early,0.0,3.0,3.0,Cursor for CTOs
Meson,Consumer,SG,,Early,0.0,10.0,3.0,Meson is a stablecoin swap protocol among blockchains and Layer 2s
MessageParty,Consumer,US,,Early,0.0,1.0,2.0,Local chat.
Meta,Consumer,US,,Growth,0.0,11.0,3.0,Augmented reality glasses.
Metal,B2B,US,,Early,0.0,8.0,3.0,AI Accelerated Deal Flow and Portfolio Intelligence
Metalware,B2B,US,,Early,0.0,4.0,2.0,Cybersecurity for firmware
Metamanagement,B2B,US,,Early,0.0,1.0,1.0,We help SaaS companies deploy into their customer's environment.
Metapacket,B2B,US,,Early,0.0,2.0,2.0,Metapacket is the first selective web gateway that stops malware by…
Metaplane,B2B,US,,Early,0.0,32.0,2.0,Data observability for modern data teams
Meteor,Consumer,US,,Early,0.0,2.0,2.0,An AI-Native Browser
Meter Feeder,Government,US,,Early,0.0,4.0,2.0,Helping fleets find and pay parking tickets
Method Financial,Fintech,US,,Early,0.0,31.0,2.0,Financial connectivity API for consumer liabilities
Meticulate,B2B,US,,Early,0.0,3.0,2.0,Powerful prospecting engine for revenue leaders
Meticulous,B2B,GB,,Early,0.0,5.0,1.0,Automated e2e screenshot testing without writing or maintaining tests
Metis,B2B,US,,Early,0.0,4.0,3.0,Infrastructure to build reliable agents
Metofico,B2B,GB,,Early,0.0,2.0,2.0,No Code Data Analysis for Life Science Research
Metoro,B2B,GB,,Early,0.0,0.0,1.0,Instant in-depth observability for services running in kubernetes
Metreecs,B2B,Unknown,,Early,0.0,6.0,3.0,AI-powered demand forecasting for retail
MetricWire,Healthcare,CA,,Early,0.0,3.0,2.0,Mobile surveys for researchers
Metriport,Healthcare,US,,Early,0.0,14.0,2.0,Open-Source Platform for Healthcare Data Intelligence
Mezli,Consumer,US,,Early,0.0,8.0,3.0,"Autonomous restaurants that make great, affordable meals."
Mezmo,B2B,US,,Growth,0.0,172.0,2.0,Observability platform to control all of your log data
Mica AI,B2B,US,,Early,0.0,3.0,3.0,Build Enterprise-Quality AI Agents in English
MicroEval,B2B,US,,Early,0.0,2.0,3.0,Changing the way companies review employee performance with…
Microhealth,Healthcare,US,,Early,0.0,10.0,2.0,Digital hematology
Micro Meat,Industrials,MX,,Early,0.0,0.0,2.0,Technologies for scaling up cultured/clean meat production
Microverse,Education,Unknown,,Early,0.0,35.0,1.0,Training and connecting untapped talent with global opportunities
MICSI,Healthcare,US,,Early,0.0,2.0,2.0,Higher resolution MRI with faster scan times.
Middesk,B2B,US,,Early,0.0,85.0,2.0,We make it easier for B2B companies to transact with one another
Middleware,B2B,US,,Early,0.0,40.0,1.0,AI-based full stack observability platform
Miden,Fintech,NG,,Early,0.0,19.0,2.0,Card issuer processor and banking stack for businesses in Sub-…
Midnox,Consumer,US,,Early,0.0,2.0,2.0,
Midship,B2B,US,,Early,0.0,3.0,3.0,AI for SOX Testing
Miggos,B2B,BR,,Early,0.0,20.0,1.0,Wholesale marketplace for mom & pop clothing shops in LATAM
Mighty Buildings,Real Estate and Construction,US,,Growth,0.0,200.0,2.0,"3D printing beautiful, high-quality, and sustainable homes."
Mighty Health,Healthcare,US,,Early,0.0,7.0,3.0,All-in-one health program helping seniors with their daily function
MightyQuiz,Consumer,US,,Early,0.0,2.0,3.0,
Milio,Fintech,CO,,Early,0.0,16.0,3.0,B2B-2C real-time account to account payments
MilkRun,Consumer,US,,Growth,0.0,38.0,1.0,"Get Food From Farmers, Delivered."
Milk Video,B2B,US,,Early,0.0,2.0,2.0,Create video testimonials with a link
Milky Way AI,B2B,SG,,Early,0.0,5.0,2.0,Mobile app for CPG brands to connect to millions of stores globally
Million Marker,Healthcare,US,,Early,0.0,2.0,1.0,23andMe for environmental exposures
Mimir,Education,US,,Early,0.0,8.0,3.0,"A platform for STEM courses featuring automated grading, plagiarism…"
Mimos,B2B,Unknown,,Early,0.0,2.0,2.0,Helping companies rank in AI search
Minded,B2B,IL,,Early,0.0,2.0,2.0,Cursor for AI Agents
Mindee,B2B,FR,,Early,0.0,60.0,2.0,AI Document Understanding API
Mind Emulation Foundation,Healthcare,Unknown,,Early,0.0,1.0,1.0,
MindFi,B2B,SG,,Early,0.0,25.0,4.0,Transforming Mental Health for Corporate Asia
MindFort,B2B,Unknown,,Early,0.0,3.0,2.0,Autonomous Security Agents
Mindmesh,B2B,US,,Early,0.0,7.0,2.0,Mindmesh is the virtual desk that puts you in control. 
MindPortal,Consumer,GB,,Early,0.0,10.0,2.0,Thought-to-Language AI Models
MindsDB,B2B,US,,Early,0.0,41.0,2.0,"Connect, Unify, Respond to any data, anywhere with human-level…"
Mindset Health,Healthcare,AU,,Early,0.0,35.0,2.0,Building AI therapeutics for physical health conditions like IBS.
Mindstate Design Labs,Healthcare,US,,Early,0.0,7.0,2.0,Clinical-stage AI neuroengineering platform
Mineflow,Industrials,Unknown,,Early,0.0,1.0,1.0,Mineflow predicts the shape and location of mineral deposits
Minefold,B2B,US,,Early,0.0,2.0,2.0,Simple multiplayer game servers.
MineralSoft,Industrials,US,,Growth,0.0,35.0,2.0,Data management platform for oil & gas assets
Minerva,B2B,Unknown,,Early,0.0,2.0,2.0,AI to Replace SMB Bookkeepers
Mini Exhibitions,B2B,US,,Early,0.0,2.0,1.0,Virtual events for remote teams
Minimal AI,B2B,US,,Early,0.0,2.0,2.0,AI Customer Support Teams for E-commerce
Minimum,Industrials,GB,,Early,0.0,0.0,3.0,Helping corporates achieve Net Zero through tech solutions. 
Mino Games,Consumer,CA,,Early,0.0,11.0,1.0,Mobile games company
Mintlify,B2B,US,,Early,0.0,28.0,2.0,The next generation of documentation
Mintplex Labs,Consumer,US,,Early,0.0,3.0,1.0,Building the definitive all-in-one on-device AI tool suite
MinusX,B2B,US,,Early,0.0,3.0,3.0,AI Data Scientist for Jupyter and Metabase
Mio,B2B,US,,Early,0.0,12.0,2.0,Mio powers seamless communication between workplace chat apps.
Mipos.dev,B2B,MX,,Early,0.0,0.0,1.0,Api that let you connect all the restaurant tech services in Latam 
Miracle,Healthcare,US,,Early,0.0,5.0,1.0,"Accelerate clinical trials with real-time, actionable insights"
Mirror AI,Consumer,US,,Early,0.0,7.0,1.0,App that turns selfie photos into thousand emoji that look like you…
miru,B2B,US,,Early,0.0,1.0,1.0,Experience any piece of furniture in AR
Miru,B2B,US,,Early,0.0,3.0,3.0,Config Management for Robotics
Miso,Consumer,KR,,Growth,0.0,60.0,1.0,We make booking services as easy as buying products online.
Misprint,Consumer,US,,Early,0.0,5.0,2.0,Misprint is building Robinhood for Pokemon cards
Mito,B2B,US,,Early,0.0,3.0,2.0,Cursor for data analysis
Mito Health,Healthcare,US,,Early,0.0,8.0,4.0,Bloodwork and personalized insights to help you live longer
Mixed Media Labs,Consumer,Unknown,,Early,0.0,0.0,1.0,
MixerBox,Consumer,US,,Early,0.0,30.0,1.0,AI Super-Apps to Live Easier | The anything anytime superapps…
Mixpanel,B2B,US,,Growth,0.0,410.0,2.0,Mixpanel is event analytics for builders that need answers.
Mixr,B2B,CA,,Early,0.0,4.0,1.0,Team building through online game tournaments. 
MixRank,B2B,US,,Early,0.0,31.0,1.0,"Data products for sales, marketing, finance, recruiting, and more."
Mixwit,Consumer,Unknown,,Early,0.0,2.0,1.0,Online mixtape service (create and share mixtapes). Launched as part…
Miyagi Labs,Education,US,,Early,0.0,2.0,2.0,Shopify for AI-generated courses
mlop,B2B,US,,Early,0.0,2.0,2.0,Experiment tracking for training ML models
MobileBoost,B2B,US,,Early,0.0,15.0,2.0,AI native mobile testing.
Mobius Materials,Industrials,US,,Early,0.0,6.0,1.0,The spot market for semiconductors
Mobot,B2B,US,,Early,0.0,40.0,1.0,Mobot is a QA-as-a-service platform using actual mechanical robots
Moby Analytics,B2B,FR,,Early,0.0,4.0,3.0,AI financial auditors
Mobydish,B2B,US,,Growth,0.0,10.0,1.0,"MobyDish, a tech-enabled service, allowing anyone to place a catering…"
Mocha,B2B,US,,Early,0.0,5.0,2.0,Build and publish web apps in minutes. No coding required.
Mocke,B2B,US,,Early,0.0,4.0,2.0,Mock email campaigns: know your reply rate 1 min without launch
Modal,B2B,US,,Early,0.0,18.0,1.0,digital commerce for the world’s largest auto retailers and brands.
Modelence,B2B,US,,Early,0.0,3.0,2.0,All-in-one TypeScript cloud for production AI apps
Model ML,B2B,GB,,Early,0.0,2.0,2.0,AI Workspace for Financial Services.
Modernbanc,Fintech,US,,Early,0.0,6.0,1.0,Accounting software that works for you
Modern Fertility,Healthcare,US,,Growth,0.0,25.0,2.0,At-home fertility test for women who aren't ready for kids right now…
Modern Health,Healthcare,US,,Early,0.0,375.0,1.0,A mental health benefits platform for employers.
ModernLoop,B2B,US,,Early,0.0,15.0,2.0,ModernLoop helps teams automate and streamline recruiting operations
Modern Realty,Real Estate and Construction,US,,Early,0.0,2.0,2.0,The AI Native Real Estate Brokerage.
Modern Treasury,B2B,US,,Early,0.0,160.0,3.0,Payment operations tools for money movement.
Modulari-T,Healthcare,CA,,Early,0.0,4.0,2.0,We teach your immune system to attack and cure cancer
Modular Science,Industrials,US,,Early,0.0,0.0,1.0,We're making it easier to do sustainable farming.
Modus,B2B,Unknown,,Early,0.0,3.0,1.0,Unlock revenue per employee with AI-powered headcount management
MoFE,Consumer,US,,Early,0.0,1.0,1.0,Next generation Disney.
Mogara,B2B,US,,Early,0.0,2.0,2.0,Automatic software R&D capitalization 
Mohi,B2B,US,,Early,0.0,2.0,1.0,Analyze and understand complex agent workflows with clarity.
Moichor,Healthcare,US,,Early,0.0,29.0,3.0,AI Powered Animal Diagnostics
Mojo,Consumer,FR,,Early,0.0,20.0,2.0,Mobile app for creating pro-quality social media videos
Moltin,B2B,US,,Growth,0.0,32.0,3.0,eCommerce building blocks through simple APIs for websites & apps.…
Momence,Consumer,US,,Early,0.0,75.0,2.0,Scheduling and payments for experiences
Momentic,B2B,US,,Early,0.0,6.0,2.0,The AI-native automated testing platform
Momento,Fintech,MX,,Early,0.0,18.0,3.0,Building a full-stack auto insurer for the underserved in LatAm
Momentus,Industrials,US,,Growth,0.0,125.0,1.0,The space infrastructure services company
Momo Medical,Healthcare,US,,Early,0.0,10.0,2.0,We help nurses in nursing homes to be 30% more effective
Monarcha,B2B,US,,Early,0.0,2.0,2.0,An expert for your spatial data
Moneco,Fintech,FR,,Early,0.0,8.0,3.0,Neobank for African migrants in Europe
Monet,Fintech,US,,Early,0.0,42.0,1.0,Payroll-backed loans and cash advances in Latam
Moni,Fintech,NG,,Early,0.0,20.0,2.0,Group Financing for small businesses across Africa.
Mono,Fintech,NG,,Growth,0.0,10.0,2.0,"Plaid for Africa, but better. "
Monosi,B2B,US,,Early,0.0,2.0,2.0,Open Source Data Observability
Monterey AI,B2B,US,,Early,0.0,6.0,2.0,Turn user feedback to product insights
Monthli,Real Estate and Construction,US,,Early,0.0,4.0,3.0,Monthli is the first marketplace for homeowner associations.  We…
Monto,Fintech,MX,,Early,0.0,13.0,2.0,Salary on-demand platform for Latin America
moonrepo,B2B,US,,Early,0.0,2.0,2.0,Open source build tool for monorepos and large codebases
Moonset Health,B2B,US,,Early,0.0,5.0,3.0,"AI for Post-Acute Senior Care (Hospice, Home Health, Skilled Nursing…"
Moonshine,B2B,US,,Early,0.0,2.0,2.0,Building software to understanding the world with a camera
Moonshot Brands,Fintech,US,,Early,0.0,35.0,2.0,Buy and grow profitable e-commerce companies selling on Amazon and DTC
Moonvalley,Consumer,Unknown,,Early,0.0,95.0,2.0,Building the next generation AI creative studio
Moots AI,Consumer,US,,Early,0.0,3.0,2.0,"Scan badges at business events, build context, and follow up with AI"
Morada Uno,Real Estate and Construction,MX,,Early,0.0,50.0,3.0,We underwrite and insure house rentals in Latam 
Moreta,Fintech,US,,Early,0.0,3.0,2.0,Payments made easy for international travelers.
Morf Health,Healthcare,Unknown,,Early,0.0,6.0,2.0,Workflow automation for healthcare providers
Morph,B2B,US,,Early,0.0,2.0,1.0,The Fastest Way to Apply AI Edits
Morphik,B2B,US,,Early,0.0,2.0,2.0,Open-source multimodal search for AI apps
Morphle Labs,Healthcare,IN,,Early,0.0,65.0,1.0,Robotic Automation for cancer diagnostics - Robotic Microscopes &…
MorphoAI,Industrials,Unknown,,Early,0.0,5.0,2.0,Software tool for designing robots and machines 
Mosaic,Consumer,US,,Early,0.0,4.0,2.0,Create and run your own video editing AI agents
MosaicVoice,B2B,US,,Early,0.0,4.0,2.0,We make it simple for call centers to automate quality assurance.
Mosaix.ai,Consumer,US,,Growth,0.0,20.0,2.0,Mosaix builds the NLP for the local languages at the emerging markets.
Motion,B2B,US,,Early,0.0,65.0,3.0,The only work management platform for both Human and AI Employees
Motionlead,B2B,FR,,Early,0.0,11.0,1.0,Animated mobile ads.
Motives,B2B,GB,,Early,0.0,0.0,2.0,Consumer focus groups run by AI
MovingLake,B2B,MX,,Early,0.0,3.0,2.0,Realtime Data Connectors
Moving Parts,B2B,DE,,Early,0.0,2.0,2.0,Delightful components for iOS.
Movity,Real Estate and Construction,US,,Early,0.0,2.0,3.0,Real estate data visualization.  Sold to Trulia Dec…
Movley,B2B,US,,Early,0.0,8.0,3.0,Your e-commerce brand's product quality control department.
Moxion Power Co.,Industrials,US,,Growth,0.0,380.0,2.0,Mobile Energy Storage Technology
Mozart Data,B2B,US,,Early,0.0,24.0,2.0,The easiest way to set up a modern data stack
Mozper,Fintech,MX,,Early,0.0,6.0,2.0,A debit card and app designed for kids and parents in Latin America
mRelief,Unspecified,US,,Early,0.0,12.0,2.0,mRelief has built an easy-to-use platform and web and text messaging…
MTailor,Consumer,US,,Growth,0.0,11.0,1.0,Get measured by your phone in under 30 seconds for perfect fitting…
Mth Sense,B2B,US,,Early,0.0,11.0,2.0,We're a mobile on-device profiling and ad-serving platform initially…
Mudafy,Real Estate and Construction,AR,,Early,0.0,75.0,2.0,The LatAm tech-enabled real estate broker to buy and sell houses. 
Muddy,B2B,US,,Early,0.0,6.0,3.0,The multiplayer browser that knows you
Mudrex,Fintech,US,,Early,0.0,11.0,2.0,India's largest crypto investing paltform
Muffin Data,B2B,Unknown,,Early,0.0,2.0,2.0,Modern analytics for CPG brands
Multiply Labs,Industrials,US,,Early,0.0,36.0,2.0,Robotic production capacity for the pharma manufacturing industry
Multis,Fintech,FR,,Early,0.0,14.0,2.0,Accounting & Treasury Management Software for Web3 Teams 
Multiverse,Consumer,US,,Growth,0.0,9.0,3.0,Multiverse is a web-based game creation system inspired by Dungeons &…
Mundo AI,B2B,US,,Early,0.0,4.0,4.0,High Quality Multilingual Training Data for AI Models
Munify,Fintech,Unknown,,Early,0.0,4.0,1.0,The Cross-Border Neobank for the Middle East
Munily,B2B,PA,,Early,0.0,30.0,4.0,Access control management app for Latam´s gated communities
mutable.ai,B2B,US,,Early,0.0,7.0,1.0,Artificially Intelligent Corporations
Mutiny,B2B,US,,Early,0.0,45.0,2.0,AI Revenue Engine to help sales and marketing teams close large…
Mux,B2B,US,,Early,0.0,95.0,4.0,Video infrastructure for developers
Muzz,Consumer,GB,,Growth,0.0,104.0,1.0,Where Single Muslims meet
Mylk Guys,Consumer,US,,Early,0.0,6.0,2.0,Amazon for Vegans
My NextDerma,Healthcare,MX,,Early,0.0,12.0,3.0,Dermatology telehealth app for LatAm
MyPetrolPump,B2B,IN,,Early,0.0,42.0,1.0,On demand fuel delivery service in India
Myria,Consumer,US,,Early,0.0,7.0,1.0,A marketplace of luxury services for the ultra-wealthy
MySivi,Education,IN,,Early,0.0,10.0,3.0,MySivi - AI English Speaking Practice App
Mystery.org,Education,US,,Growth,0.0,53.0,1.0,We help kids stay curious by creating better explanations.
Mystic,B2B,GB,,Early,0.0,11.0,1.0,Low latency API to run and deploy ML models
Mystro,Consumer,US,,Early,0.0,6.0,1.0,Mystro is an app that makes rideshare drivers up to 30% more money by…
Mythia,Fintech,US,,Early,0.0,0.0,2.0,Rewards card for gamers
MyVR,Real Estate and Construction,US,,Growth,0.0,15.0,3.0,The open platform for the vacation rental industry.
Nabis,B2B,US,,Early,0.0,300.0,2.0,Nabis is the largest licensed cannabis wholesale platform.
Nabla Bio,Healthcare,US,,Early,0.0,8.0,2.0,We use AI to design antibodies for intractable diseases
Naborly,Real Estate and Construction,CA,,Early,0.0,25.0,1.0,A credit bureau for the renting generation.
NALA,Fintech,US,,Early,0.0,138.0,1.0,Building Payments for the Next Billion.
Namaste Business,B2B,IN,,Early,0.0,15.0,2.0,Shopify for a mobile first world
Nambii,Consumer,US,,Early,0.0,0.0,2.0,
Namecard.ai,B2B,Unknown,,Early,0.0,9.0,2.0,AI-powered business matchmaking
Names & Faces,B2B,US,,Early,0.0,20.0,2.0,"Technology to create fast, visual indexes of people and organizations."
Nango,B2B,US,,Early,0.0,6.0,2.0,A single API for all your integrations
Nanograb,Healthcare,US,,Early,0.0,5.0,3.0,AI-generated binders for targeted drug delivery
NanoNets,B2B,US,,Growth,0.0,102.0,2.0,Automatic Data Extraction
Nano Technologies,Fintech,VN,,Early,0.0,17.0,2.0,Payroll app to pay workers daily for retailers & manufacturers in SEA
nao Labs,B2B,Unknown,,Early,0.0,2.0,2.0,Cursor for data teams.
Nara,B2B,US,,Early,0.0,3.0,3.0,Answer 70% of your support and sales questions. Instantly
Narrative,B2B,US,,Early,0.0,7.0,2.0,AI-powered QA testing platform
Narrator,B2B,US,,Early,0.0,8.0,4.0,The only platform that can prep data to answer EVERY question you…
Nasdisc,Consumer,US,,Early,0.0,4.0,3.0,"A marketplace for vinyl, cassettes and cds"
Nash,B2B,US,,Early,0.0,40.0,2.0,Nash is the digital logistics infrastructure for commerce
Natero,B2B,US,,Growth,0.0,11.0,2.0,Data-driven customer success platform for B2B SaaS.
NaturAll Club,Consumer,US,,Growth,0.0,17.0,1.0,Frozen beauty products.
Nautilus,B2B,US,,Early,0.0,2.0,2.0,AI platform to grow and to optimize car washes
Navattic,B2B,US,,Early,0.0,35.0,3.0,Interactive product demos
Navier AI,Industrials,Unknown,,Early,0.0,2.0,2.0,Real-Time CFD Simulations
Naytev,B2B,US,,Early,0.0,3.0,4.0,Naytev automates paid and organic social media management in one place
nCompass Technologies,B2B,Unknown,,Early,0.0,2.0,2.0,Deploy hardware accelerated AI models with only one line of code
NearWave,Healthcare,US,,Early,0.0,3.0,1.0,Helping physicians select the right therapy for breast cancer patients
Nebia,Consumer,US,,Growth,0.0,16.0,3.0,"Nebia is a breakthrough shower system, based on a premium experience,…"
Nebullam (DBA Clayton Farms),Consumer,US,,Early,0.0,2.0,3.0,We're building a fountain of youth by putting farms inside…
Nectar,B2B,US,,Early,0.0,7.0,2.0,Collecting utility data for energy managers and sustainability teams
Necto,Consumer,US,,Early,0.0,4.0,2.0,ISP starter kit
Nectome,Healthcare,US,,Early,0.0,5.0,1.0,Building a way to preserve long-term memories.
Neema,Fintech,IL,,Early,0.0,2.0,1.0,"Neema is an app for unbanked workers, which provides a checking…"
Neodocs,Healthcare,IN,,Early,0.0,20.0,3.0,Instant lab tests on your smartphone
neoncoral,Consumer,Unknown,,Early,0.0,1.0,1.0,🪸 AI consumer social 
Neosync,B2B,US,,Early,0.0,3.0,2.0,Neosync is an open-source anonymization and synthetic data platform.
NeoWize,B2B,IL,,Early,0.0,3.0,3.0,NeoWize created a new type of machine learning algorithm and uses it…
Nephrogen,Healthcare,US,,Early,0.0,1.0,1.0,Curative gene therapies for kidney diseases
Neptune.io,B2B,US,,Early,0.0,11.0,2.0,A self-healing platform to enrich and fix server alerts automatically
Neptyne,B2B,US,,Early,0.0,4.0,2.0,The programmable spreadsheet.
Nerve,B2B,US,,Early,0.0,3.0,1.0,Healthcare integrations for developers
Nest Genomics,Healthcare,US,,Early,0.0,11.0,2.0,Software to launch and integrate genetics into clinical care
Nestor,B2B,US,,Early,0.0,20.0,2.0,Skills-based talent management solutions for a dynamic workforce.
Nestybox,B2B,US,,Early,0.0,2.0,2.0,Enables Linux containers to act as super fast & efficient VMs
NetBeez,B2B,US,,Early,0.0,12.0,3.0,Network monitoring from the end-user perspective
Netmaker,B2B,US,,Early,0.0,7.0,1.0,Automated WireGuard networks for distributed systems and Kubernetes
Netomi,B2B,US,,Early,0.0,3.0,1.0,Self-Driving Customer Care
SciTok,Consumer,US,,Early,0.0,2.0,1.0,Platform for scientists to share their research via videos
NetworkOcean,Industrials,US,,Early,0.0,4.0,2.0,We build and operate underwater data centers.
Neverland,Consumer,US,,Early,0.0,2.0,1.0,The first online home garden and lawn marketplace 
Newcope,Consumer,US,,Early,0.0,2.0,1.0,
NewCraft,B2B,Unknown,,Early,0.0,2.0,1.0,Universal API for HR & Payroll
Newfront,Fintech,US,,Growth,0.0,800.0,2.0,Modern insurance brokerage.
New Incentives,Unspecified,US,,Early,0.0,51.0,2.0,Cash transfers that save lives.
NewsBlur,Consumer,US,,Early,0.0,1.0,1.0,NewsBlur is a personalized news reader 
NewsCatcher,B2B,UA,,Early,0.0,18.0,2.0,News API for risk and data teams
Newslabs,B2B,IE,,Early,0.0,2.0,1.0,
New Story,Real Estate and Construction,US,,Early,0.0,30.0,2.0,We pioneer solutions to end the global housing crisis by empowering…
Newton,B2B,Unknown,,Early,0.0,4.0,2.0,AI-powered phone platform for dentists
Nexa Labs,Industrials,US,,Early,0.0,5.0,4.0,Implantable microchips and AI for cattle monitoring
NEXGENT,Education,US,,Growth,0.0,25.0,2.0,
NextByte,B2B,US,,Early,0.0,2.0,2.0,AI recruiter tuned to identify the best vibe coders
Next Caller,B2B,US,,Growth,0.0,20.0,1.0,Next Caller creates a positive customer experience through real-time…
NextDrop,Industrials,IN,,Early,0.0,11.0,2.0,NextDrop is the water marketplace for urban India.  We connect water…
Nextera Robotics,Industrials,US,,Early,0.0,20.0,2.0,AI-native Robotics
Nextmv,B2B,US,,Early,0.0,22.0,2.0,A DecisionOps platform that accelerates optimization AI teams
Nextop,B2B,Unknown,,Early,0.0,2.0,1.0,Nextop optimizes the path between your app and backend. Client…
NextPay,Fintech,PH,,Early,0.0,65.0,2.0,The digital bank for small businesses in the Philippines.
NexTravel,B2B,US,,Growth,0.0,17.0,2.0,NexTravel is a centralized travel booking platform that helps…
Nextstore,B2B,FR,,Early,0.0,6.0,2.0,Mobile optimized storefronts for Shopify
Nexu,Fintech,MX,,Early,0.0,63.0,2.0,Financing platform for LatAm car dealerships.
Nexus,Fintech,US,,Early,0.0,2.0,3.0,Nexus  offers a unified checking and investment account.
NFTScoring,Consumer,US,,Early,0.0,8.0,2.0,The NFT exchange for traders
ngrow.ai,B2B,US,,Early,0.0,11.0,2.0,Low-code SaaS for marketing in push notifications
Nightingale,Healthcare,US,,Early,0.0,2.0,1.0,App for managing care of autistic students
Niles,B2B,US,,Early,0.0,2.0,1.0,Knowledge Assistant for Work.
Nimbic AI,B2B,Unknown,,Early,0.0,3.0,3.0,Automatically write and update internal docs with every code commit.
Nimble,Education,Unknown,,Early,0.0,25.0,1.0,Data-driven teacher hiring
NimbleRx,Healthcare,US,,Early,0.0,130.0,1.0,On-demand prescription delivery.
Nimbus,Industrials,US,,Early,0.0,5.0,1.0,Tesla for city dwellers 
Ninite,B2B,US,,Growth,0.0,2.0,2.0,Simple third-party app patching and deployment for Windows.
Nino Foods,Consumer,IN,,Early,0.0,250.0,2.0,Building India's fast food empire
Nira Energy,Industrials,Unknown,,Early,0.0,20.0,3.0,Software to find the best sites for renewables on the electrical grid
Nirva,Healthcare,GB,,Early,0.0,10.0,3.0,Evidence-based Traditional and Complementary Medicine brand
Nitrode,Consumer,Unknown,,Early,0.0,4.0,4.0,AI game development engine & platform
Nixo,B2B,US,,Early,0.0,2.0,2.0,The first ops platform for forward deployed engineers
Nobell Foods,Consumer,US,,Early,0.0,58.0,1.0,Cheese and dairy products from plant-derived dairy proteins
Noble,B2B,IL,,Early,0.0,12.0,2.0,Risk decisioning platform 
No Cap,Consumer,US,,Early,0.0,5.0,3.0,"AI startup investor, No Cap"
noHQ,B2B,US,,Early,0.0,2.0,2.0,International contractor and multi country payroll 
No Lean Season,Unspecified,Unknown,,Early,0.0,0.0,2.0,A bus ticket out of poverty
Noloco,B2B,IE,,Early,0.0,15.0,1.0,Flexible Business Apps for Modern Teams
Nomba,Fintech,NG,,Growth,0.0,200.0,2.0,Banking and payments for businesses in Africa
Nomi,B2B,US,,Early,0.0,2.0,1.0,Cursor for Sales
Nomic Bio,Healthcare,CA,,Early,0.0,24.0,2.0,Nomic is doing for proteins what Illumina has done for DNA
Nomiku,Consumer,US,,Early,0.0,11.0,2.0,Wave our food in front of your Nomiku and have dinner for everyone…
Nomod,Fintech,AE,,Early,0.0,40.0,1.0,"The payment links app to sell anything, anywhere"
Nonu,Healthcare,IN,,Early,0.0,10.0,1.0,We deliver hair loss medicines for Indian men on a subscription basis.
Noora Health,Healthcare,IN,,Early,0.0,500.0,1.0,Training patients and their families with health skills
Nophin,Fintech,US,,Early,0.0,5.0,3.0,AI Deal Screening Analyst for Commercial Real Estate Acquisitions
Normal,Industrials,US,,Early,0.0,2.0,2.0,"Modern compliance for drones, robots, IoT, and beyond"
North,Consumer,CA,,Growth,0.0,51.0,3.0,Wearable computing hardware: biosignal gesture recognition
Northwind,Healthcare,US,,Early,0.0,6.0,1.0,Tele-dermatology for chronic skin conditions 
NOSO LABS,Industrials,Unknown,,Early,0.0,3.0,2.0,Build AI agents for field technicians to diagnose and sell 10x better
Notabene,B2B,US,,Early,0.0,47.0,4.0,The Notabene platform is the trust layer for global money movement.
Notable Labs,Healthcare,US,,Growth,0.0,40.0,2.0,Personalized drug discovery for blood cancer.
Notebook Labs,B2B,US,,Early,0.0,3.0,3.0,"Decentralized, anonymous, and accountable identity on Web3."
Notifo,B2B,US,,Early,0.0,2.0,1.0,
Nototo,B2B,CA,,Early,0.0,3.0,2.0,A workspace with a spatial interface
Nottelabs,B2B,US,,Early,0.0,5.0,2.0,Reliable Web Agents for Enterprise
Notus Autonomous Systems,Industrials,US,,Early,0.0,2.0,2.0,Swarm robotics and full AI-command hierarchy integration
Nourish,Healthcare,US,,Early,0.0,38.0,3.0,Telehealth dietitians covered by insurance
Nova,B2B,US,,Early,0.0,11.0,2.0,"Nova puts the power of AI to work for you, enabling a more continuous…"
Nova Credit,Fintech,US,,Early,0.0,100.0,1.0,Bridging a world of consumer-permissioned credit data
Novaflow,Healthcare,US,,Early,0.0,2.0,2.0,The AI data analyst for biology labs
Novatr,Education,IN,,Growth,0.0,180.0,3.0,"Online cohort based courses for architects, engineers and designers…"
Novig,Consumer,US,,Early,0.0,30.0,2.0,America's #1 Sports Prediction Market
Novoflow,Healthcare,Unknown,,Early,0.0,2.0,2.0,AI employees that automate medical operations for clinics. 
Nowadays,B2B,US,,Early,0.0,5.0,2.0,AI co-pilot for corporate event planning
NowHouse,Fintech,Unknown,,Early,0.0,0.0,1.0,NowHouse helps stock brokerages settle trades instantly.
Nowmov,Consumer,US,,Early,0.0,0.0,3.0,
Nowports,B2B,Unknown,,Early,0.0,550.0,2.0,The core engine of supply chain in LATAM
Nox Metals,Industrials,US,,Early,0.0,2.0,1.0,"The modern factory for fast, low-cost metals. "
Noya,Industrials,US,,Early,0.0,7.0,2.0,Radically reducing capital costs and build time for direct air capture
Noya Software,B2B,Unknown,,Early,0.0,2.0,1.0,Product design tool that lets everyone design like a designer
Nozomio,B2B,US,,Early,0.0,1.0,1.0,Context augmentation for agents
nsave,Fintech,GB,,Early,0.0,15.0,2.0,Trusted $€£ accounts abroad for people from unstable economies.
Nuanced,B2B,US,,Early,0.0,2.0,1.0,Nuanced makes AI coding tools smarter with static analysis.
NuCypher (aka Threshold Network),B2B,US,,Early,0.0,10.0,1.0,Network for decentralized threshold cryptography and end-to-end…
NudgePad,B2B,US,,Early,0.0,2.0,1.0,Online IDE. We joined Microsoft in 2014.
Nugget,Consumer,Unknown,,Early,0.0,2.0,2.0,
Nullstone,B2B,US,,Early,0.0,2.0,2.0,An easier way to deploy and manage cloud apps
Numeral,B2B,US,,Early,0.0,50.0,2.0,SaaS & Ecommerce sales tax on autopilot. 
"numericcal, inc.",B2B,US,,Early,0.0,3.0,2.0,Distributed AI for Industrial Process Monitoring and Optimization.
Numero,Fintech,US,,Early,0.0,16.0,3.0,Modern fundraising software for political campaigns and nonprofits.
Numida,Fintech,UG,,Early,0.0,115.0,2.0,Working capital for African micro businesses
NuMind,B2B,US,,Early,0.0,6.0,2.0,Create custom NLP models
Nuntius,B2B,US,,Early,0.0,2.0,2.0,Making Models Follow Rules.
Nuntius Therapeutics,Healthcare,GB,,Early,0.0,2.0,2.0,Cell-specific genetic medicines
nunu.ai,Consumer,CH,,Early,0.0,5.0,3.0,Building the first multimodal agents to play and test games.
NURX,Healthcare,US,,Growth,0.0,300.0,1.0,"Medicine or testing kit, prescribed online and delivered to your door."
Nutrigene,Consumer,US,,Early,0.0,0.0,1.0,Personalized liquid supplements based your health data
Nuvocargo,B2B,MX,,Early,0.0,150.0,1.0,Radically simplifying cross-border logistics between USA & Mexico
Nuvola,Industrials,US,,Early,0.0,4.0,2.0,"Nuvola is transforming battery manufacturing, making EV batteries…"
Nyckel,B2B,US,,Early,0.0,4.0,3.0,Classify Anything
Obento Health,Healthcare,US,,Early,0.0,2.0,1.0,CRM Co-Pilot for Medtech Sales
Obie,Real Estate and Construction,US,,Early,0.0,120.0,2.0,Moving Investment Property Insurance Forward
Observa,B2B,Unknown,,Early,0.0,1.0,1.0,Catch accidental database exposures before the bad guys
Observant AI,B2B,US,,Early,0.0,5.0,2.0,iPhone-based driver monitoring for commercial fleets.
Observe.AI,B2B,US,,Growth,0.0,240.0,1.0,Contact center AI platform.
Ochre Bio,Healthcare,GB,,Growth,0.0,50.0,1.0,RNA medicines for liver diseases
OctaveWealth,B2B,US,,Early,0.0,2.0,1.0,The 401(k) that helps you grow
OctiFi,Fintech,SG,,Early,0.0,11.0,2.0,Buy Now Pay Later for Southeast Asia
Octolane AI,B2B,Unknown,,Early,0.0,8.0,2.0,Building AI-first Salesforce
Octopart,Industrials,US,,Early,0.0,11.0,3.0,Octopart is a search engine for electronic components
Ocular AI,B2B,US,,Early,0.0,6.0,2.0,"AI-Native Data Engine for LLMs, Computer Vision, & Enterprise AI"
Oda,B2B,US,,Early,0.0,9.0,2.0,AI Agent for Home Design
Odapt,B2B,Unknown,,Early,0.0,3.0,2.0,How great teams build internal software & agent workflows
OddsView,Consumer,US,,Early,0.0,5.0,5.0,The Bloomberg Terminal of Sports Betting
Odeko,B2B,US,,Early,0.0,371.0,1.0,Our operations software makes it easier to run--and grow--your cafe
Odigos Technologies Inc.,B2B,US,,Early,0.0,16.0,2.0,Enterprise-Grade OpenTelemetry
Odin,Consumer,US,,Early,0.0,4.0,4.0,"Save, organize and showcase your mental dump"
Odo,Government,US,,Early,0.0,2.0,2.0,Help companies find and win government contracts with AI
ODWEN,B2B,IN,,Early,0.0,21.0,1.0,AirBnB for Small Warehouses
Odys Aviation,Industrials,US,,Early,0.0,11.0,2.0,Vertical takeoff and landing aircraft for major airlines
Offbeast,Consumer,US,,Early,0.0,15.0,1.0,We make plant-based steaks with an authentic texture
OffDeal,B2B,US,,Early,0.0,15.0,2.0,AI-native investment bank for small businesses
Officely,B2B,GB,,Early,0.0,11.0,2.0,Building next generation tools for the hybrid workplace
Offstream,B2B,Unknown,,Early,0.0,6.0,2.0,Vanta for carbon compliance
OfOne,B2B,US,,Early,0.0,5.0,2.0,AI-powered order taker for restaurant drive-thrus
OhLife,Consumer,US,,Early,0.0,2.0,1.0,
Ohm,Industrials,US,,Early,0.0,0.0,2.0,Never jump start your car again.
Ohmic Biosciences,Industrials,US,,Early,0.0,2.0,2.0,Genetically engineering plants for disease resistance.
Oico,B2B,BR,,Early,0.0,35.0,2.0,B2B marketplace for construction material in Brazil.
Okani,Healthcare,MX,,Early,0.0,3.0,1.0,Preventive healthcare app for Latam.
Okay,B2B,US,,Early,0.0,4.0,2.0,Dashboards and actionable insights for high-performing engineering…
OkCredit,Fintech,IN,,Growth,0.0,70.0,3.0,Simple and secure bookkeeping for Indian businesses.
Oki,B2B,US,,Early,0.0,2.0,2.0,Personalized Updates on Company Progress
Okibi,B2B,US,,Early,0.0,2.0,2.0,"Build AI coworkers using natural language, it's Lovable for agents"
Oklo,Industrials,US,,Growth,0.0,50.0,2.0,"Emission free, always on power from advanced fission power plants."
Okteto,B2B,US,,Early,0.0,30.0,3.0,Cloud Development Environments with one click
OlaClick,Consumer,PE,,Early,0.0,30.0,4.0,Restaurant Solution (E-commerce via WhatsApp + POS + CRM/Marketing)
Olark,B2B,US,,Early,0.0,28.0,2.0,The best live chat software on the planet.  We help you build…
Ole,Consumer,IL,,Early,0.0,10.0,2.0,Fashion shopping with delivery and return on demand
Olio Labs,Healthcare,Unknown,,Early,0.0,5.0,2.0,Combination therapeutics for the world's toughest diseases
Olive,B2B,US,,Early,0.0,2.0,2.0,Build internal tools with a prompt.
Ollama,B2B,US,,Early,0.0,0.0,2.0,Get up and running with large language models.
Olympian Motors,Industrials,US,,Early,0.0,10.0,2.0,Manufacturing modular electric vehicles with style
Oma Care,Healthcare,Unknown,,Early,0.0,2.0,2.0,Get paid for taking care of your parents. 
OMG Digital,Consumer,GH,,Early,0.0,2.0,1.0,Content discovery platform for Africa
OMGPop,Consumer,US,,Growth,0.0,11.0,1.0,An independent flash game studio.
Omnara,B2B,US,,Early,0.0,2.0,2.0,The Command Center for AI Agents
Omni,B2B,US,,Early,0.0,5.0,3.0,"Fast, up-to-date answers for Sales & Support"
OmniAI,B2B,US,,Early,0.0,5.0,2.0,Automate document workflows
omnidock,B2B,Unknown,,Early,0.0,3.0,2.0,OS for global e-commerce expansion of brands & manufacturers
Omniref,B2B,US,,Early,0.0,2.0,2.0,"Sticky notes for code.

(We're building a community-powered,…"
Omnisio,Consumer,US,,Early,0.0,0.0,1.0,Edit and enhance online video. Acquired by Google in July 2008.
Omnistrate,B2B,US,,Early,0.0,15.0,2.0,Transform any software to multi-cloud SaaS in minutes not years
OmniVirt,B2B,US,,Early,0.0,15.0,1.0,OmniVirt is the leading VR Advertising platform for brands and…
Onboard.io,B2B,US,,Early,0.0,6.0,2.0,Manage & automate customer onboarding and implementation
Oncobox,Healthcare,US,,Early,0.0,11.0,2.0,Finding the right cancer drug for each patient. 
OnDeck AI,B2B,Unknown,,Early,0.0,6.0,2.0,"Analyze any footage, without training a model"
Onebrief,B2B,US,,Early,0.0,200.0,2.0,Onebrief makes military headquarters run seamlessly
OneChronos,Fintech,US,,Early,0.0,35.0,2.0,The Smart Market for Institutional Investors
One Codex,Healthcare,US,,Early,0.0,16.0,1.0,Data platform for metagenomics and the microbiome.
One Degree,Unspecified,US,,Early,0.0,14.0,1.0,One Degree is a nonprofit organization that makes it easy for…
onederful,Healthcare,US,,Early,0.0,2.0,2.0,Dental Insurance API
OneFin,Fintech,IN,,Early,0.0,50.0,2.0,Shopify for Financial Services
OneGraph,B2B,US,,Early,0.0,2.0,2.0,GraphQL API to connect all of the internet's APIs. Join us at Netlify!
OneGrep,B2B,US,,Early,0.0,2.0,2.0,AI Agent for DevOps Workflow Automation
OneKey,Fintech,FR,,Early,0.0,3.0,2.0,Find the most profitable sites to build EV charging station
Oneleet,B2B,Unknown,,Early,0.0,50.0,2.0,"YC's most popular security compliance platform (SOC 2, ISO 27001,…"
OneLocal,B2B,CA,,Early,0.0,90.0,1.0,OneLocal is a CRM for local businesses.
One Month,Education,US,,Early,0.0,1.0,2.0,One Month's affordable online bootcamps teach people how to code in…
OneSchema,B2B,US,,Early,0.0,25.0,1.0,Automate CSV & PDF workflows with AI
OneShop,Consumer,US,,Early,0.0,10.0,2.0,List on multiple resale marketplaces
OneSignal,B2B,US,,Growth,0.0,150.0,2.0,Engage customers through personalized omni-channel messaging
OneStopKitchen,Consumer,US,,Early,0.0,10.0,2.0,AI-Driven Tech & Space Optimization to Scale Restaurants
OneText,Fintech,US,,Early,0.0,6.0,2.0,Frictionless payments via SMS
onetool,B2B,DE,,Early,0.0,9.0,2.0,"App-Store for SaaS: one invoice, one user management, one login."
Onfolk,B2B,GB,,Early,0.0,4.0,2.0,Gusto for the UK
Onlook,B2B,US,,Early,0.0,2.0,2.0,Cursor for Designers
Onsite Pro,B2B,US,,Early,0.0,4.0,1.0,Revolutionizing digital selling within HVAC
Ontop,B2B,US,,Early,0.0,192.0,2.0,Simplifying hiring and payments for the global workforce
Ontra Mobility,Government,US,,Early,0.0,2.0,2.0,Platform for cities to optimize transit 
Onward,B2B,Unknown,,Early,0.0,0.0,2.0,Intelligent meeting automation for ambitious teams.
Onyx,B2B,US,,Early,0.0,13.0,2.0,Open Source AI Assistant and Enterprise Search
Onyx Private,Fintech,US,,Early,0.0,10.0,3.0,A modern and more accessible private bank for the new generation 
Oolu,Industrials,SN,,Growth,0.0,230.0,2.0,Oolu is one of the fastest growing off-grid solar firms in West Africa
Opearlo,Consumer,GB,,Early,0.0,2.0,2.0,Opearlo produces voice apps for Amazon Alexa and Google Home.
Open,B2B,US,,Early,0.0,6.0,1.0,Enterprise AI customer support
Openbase,B2B,US,,Early,0.0,0.0,1.0,Open-source library discovery
OpenBiome,Healthcare,US,,Early,0.0,70.0,2.0,A nonprofit stool bank enabling access to fecal transplants.
Opencall.ai,B2B,Unknown,,Early,0.0,5.0,4.0,AI Workforce for Services Businesses
OpenCurriculum,Unspecified,US,,Early,0.0,0.0,1.0,Helping K-12 teachers and school administrators build awesome…
OpenFoundry,B2B,US,,Early,0.0,2.0,2.0,The fastest developer experience for building on open source AI.
OpenFunnel,B2B,Unknown,,Early,0.0,4.0,2.0,Agents to help find in-market companies via deep researched signals
OpenInt,B2B,Unknown,,Early,0.0,4.0,1.0,Open Source Embedded Product Integrations
OpenInvest,Fintech,US,,Growth,0.0,110.0,2.0,Values based personalization at scale for asset and wealth management
Openland,Consumer,US,,Early,0.0,14.0,1.0,Messenger for communities
Openlayer,B2B,US,,Early,0.0,13.0,3.0,The fastest way to ship airtight AI
Open Listings,Real Estate and Construction,US,,Growth,0.0,48.0,3.0,A better way to buy a home
Openmart,B2B,US,,Early,0.0,6.0,2.0,Local business data intelligence platform
OpenMeter,B2B,Unknown,,Early,0.0,7.0,2.0,"Usage Metering, AI & API Monetization"
Open Motors,Industrials,US,,Early,0.0,11.0,2.0,Open Motors (formerly OSVehicle) is a B2B company that is developing…
Opennote,Education,US,,Early,0.0,3.0,3.0,The AI tutor that lives in your notes
OpenPhone,B2B,US,,Early,0.0,125.0,2.0,The all-in-one business phone for teams.
OpenPipe,B2B,US,,Early,0.0,2.0,2.0,Turn expensive prompts into cheap fine-tuned models
OpenSea,Consumer,US,,Early,0.0,250.0,1.0,OpenSea is the world’s leading peer-to-peer marketplace for NFTs
OpenSight,B2B,US,,Early,0.0,3.0,3.0,AI-powered customer support automation for fast-growing companies
OpenTools,B2B,Unknown,,Early,0.0,0.0,1.0,The API for LLM tool use
Opentrons,Healthcare,US,,Early,0.0,300.0,3.0,We make robots for biologists. 
OpenUnit,B2B,CA,,Early,0.0,5.0,1.0,Software for managing self-storage facilities.
OpenWrench,B2B,US,,Early,0.0,0.0,2.0,We help retailers and restaurant chains manage repairs and…
Operand,B2B,US,,Early,0.0,3.0,3.0,AI to Replace Management Consulting
Operator Labs,Fintech,US,,Early,0.0,6.0,2.0,"Building protocols for the intelligent, decentralized web."
Opez,Consumer,US,,Early,0.0,11.0,1.0,Yelp for service pros.
Ophelia,Healthcare,US,,Early,0.0,130.0,2.0,Medication & support to beat opioid addiction from home
Opkit,Healthcare,US,,Early,0.0,0.0,2.0,AI phone calls for the US healthcare industry
Opslane,B2B,US,,Early,0.0,1.0,1.0,Build Scalable Data Pipelines in minutes not months
Opsolutely,B2B,US,,Early,0.0,2.0,2.0,Automated deployments for software teams.
Optery,B2B,US,,Early,0.0,55.0,2.0,Opt out software that removes your private info from the internet
Optic,B2B,US,,Early,0.0,5.0,1.0,Making APIs Developer-friendly 
Optifye.ai,B2B,US,,Early,0.0,8.0,2.0,AI performance monitoring for factory workers
Optilly/Installmonetizer,B2B,US,,Early,0.0,11.0,2.0,Fb ad optimization platform 
Optimizely,B2B,US,,Growth,0.0,1500.0,1.0,The first all-in-one operating system for marketing
Opusense AI,Real Estate and Construction,Unknown,,Early,0.0,2.0,2.0,AI for Field Inspection Reports
Ora AI,Education,US,,Early,0.0,3.0,3.0,Med school can be simpler
Orange Health Labs,Healthcare,IN,,Early,0.0,1100.0,2.0,India's Fastest Diagnostics Service
Orange Slice,B2B,US,,Early,0.0,2.0,2.0,AI agents that find you customers who already want to buy
Orangewood Labs,Industrials,US,,Early,0.0,40.0,3.0,Orangewood Labs makes worlds most affordable and easiest AI robot arms
Orbillion Bio,Industrials,US,,Early,0.0,7.0,1.0,Tasty and scalable cultivated meat at price parity
Orbio Earth,B2B,Unknown,,Early,0.0,14.0,2.0,Tracking methane emissions with satellites
Orbital Operations,Industrials,Unknown,,Early,0.0,2.0,2.0,High Thrust Space Vehicles for Satellite Defense
Orbiter,B2B,US,,Early,0.0,3.0,3.0,ML models automatically monitor business performance
Orca,Fintech,US,,Early,0.0,4.0,2.0,"Banking for Gen Z, on steroids."
Orchata,Consumer,MX,,Early,0.0,50.0,2.0,Groceries delivered in 20 min in Latinamerica
Orchid,Healthcare,US,,Early,0.0,4.0,1.0,AI-powered EHR for independent mental health professionals
Orchids,B2B,Unknown,,Early,0.0,2.0,2.0,AI Website Builder
OrderAhead,Consumer,US,,Early,0.0,50.0,3.0,Order ahead for pickup
Orderli,B2B,NL,,Early,0.0,6.0,2.0,Square for Europe
Ordinary Seafood,Consumer,DE,,Early,0.0,5.0,2.0,We are doing for seafood what Impossible did for meat
OrgOrg,B2B,US,,Early,0.0,2.0,1.0,Organizational productivity suite for companies
Origami,B2B,US,,Early,0.0,11.0,2.0,Research Agents to accelerate your outbound sales pipeline
"Origami Therapeutics, Inc.",Healthcare,US,,Early,0.0,4.0,1.0,Oral drugs to halt neurodegeneration
Origin,B2B,US,,Early,0.0,2.0,1.0,Keurig for healthy smoothies.
OSIMple,Real Estate and Construction,CA,,Early,0.0,2.0,2.0,Software for inspectors to automate their paper workflow. 
Osium AI,B2B,FR,,Early,0.0,2.0,2.0,Speed up materials innovation with Artificial Intelligence
Osmind,Healthcare,US,,Early,0.0,55.0,2.0,Platform for breakthrough mental health research and treatment
Osmosis,B2B,Unknown,,Early,0.0,4.0,2.0,Online Reinforcement Learning for AI Agents
Oto,Healthcare,GB,,Early,0.0,2.0,2.0,Digital program for tinnitus
OurMenu,B2B,Unknown,,Early,0.0,3.0,3.0,
Our World in Data,Education,GB,,Early,0.0,19.0,3.0,Research and data to make progress against the world’s largest…
Outbound,B2B,US,,Early,0.0,2.0,1.0,"Create automated messages -- email, iOS/Android push, SMS and web…"
Outerbase,B2B,US,,Early,0.0,4.0,2.0,The interface for your database
Outerport,B2B,Unknown,,Early,0.0,2.0,2.0,"Turn diagrams, technical documents, and CAD into structured data"
Outfit,Consumer,US,,Early,0.0,1.0,1.0,"DIY renovations in a box. Materials, tools, and instructions delivered"
Outlit,B2B,US,,Early,0.0,2.0,2.0,AI Quoting and Proposals
outloud.ai,B2B,US,,Early,0.0,5.0,2.0,Building Gong.io for offline retail.
Output Biosciences,Healthcare,US,,Early,0.0,5.0,2.0,Teaching Generative AI the Language of Biology
"OutRival, Inc.",B2B,US,,Early,0.0,6.0,2.0,AI Agents for Admissions Teams in Higher Education
Outrove,B2B,US,,Early,0.0,2.0,2.0,Ultra-realistic AI Recruiter
OutSail Technologies,Industrials,US,,Early,0.0,3.0,3.0,"Revolutionary, Modern Wing Sails"
Outschool,Education,US,,Growth,0.0,107.0,2.0,A live online learning platform that empowers kids ages 3–18.
Outset,B2B,US,,Early,0.0,6.0,2.0,AI-powered user interviews
Outtalent,Education,US,,Early,0.0,2.0,1.0,We help top engineers in emerging markets get jobs abroad at…
Overeasy,B2B,US,,Early,0.0,2.0,2.0,
Overfit,Healthcare,US,,Early,0.0,4.0,2.0,Human coach for accountability + AI for personalized workouts
Overflux,B2B,US,,Early,0.0,2.0,2.0,Streamline EV charger installations for real estate developers
Overlap,Consumer,US,,Early,0.0,6.0,2.0,Multimodal AI agents for video
Overstand Labs,B2B,US,,Early,0.0,4.0,2.0,We help business leaders get back into Founder Mode
Overview,B2B,US,,Early,0.0,15.0,3.0,AI vision sensors for manufacturing
Overwatch,B2B,US,,Early,0.0,5.0,2.0,"Enterprise software for strategic, risk, and cyber fraud intelligence"
Ovipost,Industrials,US,,Early,0.0,20.0,2.0,Automated insect farming
Ovlo,B2B,US,,Early,0.0,2.0,2.0,AI agents for supply chain workflow automation
Oway,B2B,US,,Early,0.0,12.0,1.0,The First AI Infrastructure Layer for America’s Empty Truck Space
Owners Circle,Fintech,US,,Early,0.0,2.0,3.0,Kickstarter for local businesses
OwnLocal,B2B,US,,Growth,0.0,45.0,1.0,"OwnLocal automates marketing for over 129,000 SMBs through 3,300…"
OWNY,Fintech,US,,Early,0.0,10.0,2.0,"Manage capital, investors & banking in one place."
Oxygen,Fintech,US,,Early,0.0,68.0,1.0,A leading digital bank in the US offering personal and business…
Ozone,Consumer,US,,Early,0.0,8.0,1.0,Figma for video
Paasa,Fintech,IN,,Early,0.0,5.0,2.0,Invest in Global Equities from India
Paces,Industrials,US,,Early,0.0,30.0,2.0,Siting and Due Diligence of Green Projects
Pachama,Industrials,US,,Early,0.0,85.0,2.0,Restoring nature to solve climate change.
Pachyderm,B2B,US,,Growth,0.0,60.0,2.0,"Data Versioning, Data Pipelines, and Data Lineage"
Pactima,B2B,CA,,Early,0.0,3.0,2.0,Live video signing for real-time agreements
Padlet,B2B,US,,Growth,0.0,65.0,1.0,Papyrus → Parchment → Paper → Padlet
PadMapper,Real Estate and Construction,US,,Early,0.0,2.0,1.0,Map-based apartment search.
Pagaloop,Fintech,MX,,Early,0.0,23.0,3.0,"Pay, Get Paid and Extend Cash Flow using your Credit Card as…"
Pagedraw,B2B,US,,Early,0.0,5.0,2.0,Pagedraw is a platform for productionizing designs into code.  Thanks…
Pagelever,B2B,US,,Early,0.0,11.0,2.0,"Facebook analytics. Acquired by Unified in January 2013. 
"
PagerDuty,B2B,US,,Growth,0.0,950.0,1.0,Real-time visibility into critical apps and services all in one place.
Pahamify,Education,ID,,Early,0.0,40.0,3.0,College entrance test preparation App for students in Indonesia
Paid,B2B,US,,Early,0.0,2.0,1.0,Autopilot for Accounts Receivable
Pair AI,Consumer,US,,Early,0.0,2.0,1.0,Reimagining education with short form video and AI
Pair Team,Healthcare,US,,Early,0.0,78.0,2.0,Connecting underserved communities to high quality care
Pakible,B2B,US,,Early,0.0,3.0,2.0,"We make it insanely easy to design, price, and manufacture custom…"
Palace,Fintech,US,,Early,0.0,2.0,2.0,Operational intelligence for PE funds and PE-backed companies
Paladin,Industrials,US,,Early,0.0,12.0,1.0,We deploy autonomous drones to 911 calls. Our software gives first…
Palenca,B2B,BR,,Early,0.0,25.0,3.0,Payroll API for LatAm
PaletteHQ,B2B,FR,,Early,0.0,14.0,1.0,Manage sales commissions and sales performance
Palifer,Industrials,US,,Early,0.0,2.0,2.0,Predictive maintenance models for trains and heavy industry
Palitronica Inc,B2B,CA,,Early,0.0,6.0,2.0,Detect cyber attacks on critical physical infrastructure
Palla,Fintech,US,,Early,0.0,13.0,3.0,P2P Cross border payments
Pally,B2B,US,,Early,0.0,3.0,2.0,Intelligent Unified Inbox + Personal CRM
Palmier,B2B,US,,Early,0.0,2.0,2.0,Remote AI Coding Agent
Paloma,B2B,US,,Early,0.0,3.0,3.0,AI-native CRM for putting post-sales operations on autopilot
Palomma,Real Estate and Construction,CO,,Early,0.0,8.0,3.0,AI Agents for Residential Property Managers & Real Estate Developers
Pana,Fintech,US,,Early,0.0,14.0,2.0,A Global Bank on Chain
PANADATA,Government,PA,,Early,0.0,4.0,1.0,We run background checks on businesses using data from public records…
Pandai,Education,MY,,Early,0.0,32.0,3.0,Learning app for school students in Southeast Asia
PandasAI,B2B,DE,,Early,0.0,3.0,1.0,PandasAI is an open-source conversational data analysis platform with…
Pando Bioscience,Healthcare,US,,Early,0.0,5.0,2.0,Gen-AI Designed Enzymes for Pharmaceutical Innovation
Paneau,Consumer,US,,Early,0.0,7.0,2.0,Tablets inside Uber/Lyfts to advertise directly to riders
Panels,B2B,US,,Early,0.0,2.0,2.0,Audio Data for AI Labs
Pangea.app,B2B,US,,Early,0.0,3.0,2.0,Hire Fractional Marketing + Design Talent 
Pangolin,B2B,US,,Early,0.0,2.0,2.0,Open-source alternative to Cloudflare Tunnels
Panora,B2B,US,,Early,0.0,1.0,1.0,AI Copilot for Warehouse Coordinators
Panorama Education,Education,US,,Early,0.0,350.0,1.0,Improving education for every student.
Pantheon,Education,US,,Early,0.0,2.0,2.0,A competitive community of the brightest students in the world
Pantore Pay,Fintech,BR,,Early,0.0,25.0,2.0,Working capital for Brazilian restaurants
pap!,Consumer,US,,Early,0.0,3.0,3.0,"Agents that earn consumers dollars when they shop, travel, and live."
Papa,Healthcare,US,,Growth,0.0,500.0,1.0,One-stop-shop for flexible family care
Paperplane,Fintech,US,,Early,0.0,5.0,3.0,Credit risk management platform for builders' merchants
Paperspace,B2B,US,,Growth,0.0,50.0,2.0,Paperspace is a cloud platform for building and scaling AI…
Parabolic,B2B,US,,Early,0.0,2.0,1.0,AI assistant for customer support
Parachute,Healthcare,US,,Early,0.0,2.0,2.0,Infrastructure for hospitals to monitor and deploy clinical AI 
Parade,B2B,US,,Early,0.0,5.0,2.0,Launch your company without hiring a designer
ParadeDB,B2B,US,,Early,0.0,8.0,2.0,The transactional Elasticsearch alternative built on Postgres
Paradigm,B2B,Unknown,,Early,0.0,5.0,1.0,A reimagined workspace with AI at its core
Paragon AI,B2B,US,,Early,0.0,3.0,1.0,"Turns your sales calls into CRM data, automatically."
Parahelp,B2B,US,,Early,0.0,5.0,2.0,The AI support agent built for fast-moving software companies
Parallel,Healthcare,FR,,Early,0.0,6.0,2.0,AI agents for healthcare admin
Parallel Bio,Healthcare,US,,Early,0.0,9.0,2.0,Using the immune system to cure disease
Parallel Universe,B2B,Unknown,,Early,0.0,2.0,1.0,Helping developers scale their applications with ease. 
ParaQuery,B2B,US,,Early,0.0,1.0,1.0,Managed GPU-accelerated Spark + SQL at 2x speed and half the cost
Paratus Health,Healthcare,US,,Early,0.0,6.0,2.0,AI-powered intake nurse
ParcelBio,Healthcare,US,,Early,0.0,5.0,2.0,Next-generation mRNA medicines
Pardes Biosciences,Healthcare,US,,Early,0.0,2.0,1.0,We break viruses
Parea,B2B,US,,Early,0.0,2.0,2.0,"Test, evaluate & observe your LLM applications"
Parenthoods,Consumer,US,,Early,0.0,2.0,2.0,Communities for expecting and new parents. 
PARES AI,Real Estate and Construction,US,,Early,0.0,3.0,1.0,Helping commercial real estate brokers find and close more deals.
Paribus,Fintech,US,,Early,0.0,0.0,2.0,
Parker,Fintech,US,,Early,0.0,10.0,2.0,Parker is a digital bank.
Parley,B2B,US,,Early,0.0,3.0,3.0,"Automating flat-fee legal work, starting with work visas + green cards"
Parrot Software 🦜,B2B,MX,,Early,0.0,40.0,2.0,The operating system for restaurants in LatAm.
Parsagon,B2B,US,,Early,0.0,2.0,1.0,AI to track and analyze public policy
Parse,B2B,US,,Growth,0.0,11.0,1.0,Parse is the easiest way to build apps.
Parsewise,B2B,GB,,Early,0.0,4.0,2.0,Automated document package parsing for investment & underwriting teams
Partcl,B2B,Unknown,,Early,0.0,2.0,2.0,Design a chip in minutes
Partna,Fintech,US,,Early,0.0,16.0,3.0,Your Global payments partner for Africa
Partnered,B2B,US,,Early,0.0,11.0,4.0,Partnered is a digital platform automating business development…
PartnerHQ,B2B,Unknown,,Early,0.0,4.0,2.0,A marketplace for B2B businesses to buy warm intros. 
PartnerStack,B2B,CA,,Early,0.0,200.0,4.0,PartnerStack is a full stack solution for partnerships.
Pashi,Industrials,US,,Early,0.0,3.0,1.0,Pashi builds software to operate and optimize production lines.
Pasito,B2B,US,,Early,0.0,15.0,1.0,Personalized employee benefits communication and AI support 
Passenger AI,Industrials,CA,,Early,0.0,5.0,1.0,Software for robotaxi operations.
Passerine Aircraft,Industrials,ZA,,Early,0.0,2.0,1.0,Passerine Aircraft is building the next generation of dronesWe are…
Patched,B2B,Unknown,,Early,0.0,4.0,1.0,Agentic workflows for Enterprise IT and Ops teams
Patchwork,B2B,US,,Early,0.0,2.0,2.0,Your team’s AI powered communication tool
Patchwork Security,B2B,US,,Early,0.0,2.0,1.0,"Security patch notifications for servers. Build it, deploy it, and…"
Path,Fintech,US,,Early,0.0,12.0,3.0,Financial advisors for Gen-Z
Pathmind,B2B,US,,Growth,0.0,15.0,1.0,Pathmind helps industrial engineers and simulation modelers achieve…
PathPilot,B2B,US,,Early,0.0,3.0,1.0,AI platform helping fintech/bank teams scale efficiently
Pathrise,Education,US,,Early,0.0,55.0,2.0,YC for your career
PatientBank,Healthcare,US,,Early,0.0,2.0,1.0,Get medical records online—from any doctor or hospital.
Patika,B2B,KE,,Early,0.0,5.0,2.0,Automating entry of sales orders from emails/Whatsapp into ERP…
Patterns,B2B,US,,Early,0.0,2.0,1.0,Next-Gen Financial Analysis and Reporting with AI Agents
Pave,B2B,CA,,Early,0.0,2.0,1.0,Pave analyzes Google Analytics + marketing data and sends you reports…
Pave Robotics,Industrials,Unknown,,Early,0.0,3.0,2.0,Robots that repair roads
Pax,B2B,US,,Early,0.0,6.0,2.0,AI Broker for Tariff Refunds
PAX Markets,Fintech,Unknown,,Early,0.0,4.0,2.0,"Exchange and co-located trading facility, on a chip."
Payable,B2B,US,,Early,0.0,2.0,3.0,Simple payments and tax compliance for your contract workforce.
PayCaddy,Fintech,PA,,Early,0.0,20.0,2.0,Simplified Banking as a Service for Latam
PayCrunch,Fintech,IN,,Early,0.0,5.0,1.0,Credit Card for college students based on UPI.
PayDragon,Consumer,US,,Early,0.0,11.0,1.0,Hyperlinking the real world.
Payflow,B2B,ES,,Early,0.0,50.0,2.0,A mobile app. It allows employees to get paid their salary on-demand.
Payfura,Fintech,US,,Early,0.0,2.0,2.0,Global payment gateway to buy/sell crypto
Payhippo,Fintech,NG,,Early,0.0,11.0,3.0,Loans to Nigeria's SMEs in under 3 hours
Payload,B2B,US,,Early,0.0,3.0,3.0,Developer-First Headless CMS and Application Framework
PayMongo,Fintech,PH,,Growth,0.0,220.0,1.0,Modern online payments for the Philippines
Paystack,Fintech,NG,,Growth,0.0,115.0,2.0,Modern payments infrastructure for Africa
Pay Swifter,Fintech,IN,,Early,0.0,6.0,1.0,Stripe for Cannabis
PayTango,B2B,US,,Early,0.0,2.0,1.0,Simple invoicing
PAYZE,Fintech,GE,,Early,0.0,15.0,1.0,Stripe for former Soviet Union countries
Peakflo,Fintech,SG,,Early,0.0,45.0,2.0,Bill.com for SE Asia
PearAI,Consumer,US,,Early,0.0,4.0,1.0,The AI Code Editor For Your Next Project
Pearl,B2B,US,,Early,0.0,0.0,2.0,The future of office coffee.  Keurig convenience meets cafe quality. 
Pearson Labs,B2B,US,,Early,0.0,2.0,1.0,AI agents to automate corporate transactions
Pebble,Consumer,US,,Growth,0.0,51.0,1.0,Watch that helps you get shit done and limit the mayhem of…
Peeba,B2B,ID,,Early,0.0,30.0,1.0,Risk-free wholesale for retailers across Southeast Asia
Peer5,B2B,US,,Early,0.0,11.0,2.0,P2P delivery network that enables high quality video streaming
PeerDB,B2B,Unknown,,Early,0.0,2.0,2.0,"Fast, native ETL for Postgres 🐘 🚀"
Peg (formerly Paymobil),Fintech,US,,Early,0.0,2.0,1.0,The super simple stablecoin wallet with free transactions
Pelm,B2B,US,,Early,0.0,5.0,1.0,Plaid for utilities
Penciled,Healthcare,US,,Early,0.0,2.0,1.0,AI front office assistant for physical therapy
Pengram,B2B,US,,Early,0.0,2.0,1.0,Indoor navigation through augmented reality on your phone. 
Penguin AI,B2B,US,,Early,0.0,3.0,2.0,AI Sales Rep for Website Intent Signals
Penny,Fintech,US,,Early,0.0,2.0,2.0,Penny makes keeping track of your finances as easy as having a…
Pensil,B2B,IN,,Early,0.0,4.0,2.0,"New-Age White Label Community Platform SDKs and APIs for Games,…"
Penta Medical,Healthcare,CA,,Early,0.0,5.0,1.0,"Smart hardware for injury recovery. 

"
People.ai,B2B,US,,Early,0.0,300.0,1.0,Harnesses business activity to unlock growth.
People & Pages,Consumer,Unknown,,Early,0.0,0.0,2.0,
Peoplebox,B2B,US,,Early,0.0,35.0,2.0,"OKR, Performance and Engagement tool integrated with your worktools"
peopleCQ,Fintech,EG,,Early,0.0,85.0,2.0,Employer backed payroll advances for employees in Egypt
Peppr AI,B2B,Unknown,,Early,0.0,4.0,2.0,Self-improving knowledge base synthesizing scattered company data
Percept.AI,B2B,US,,Early,0.0,7.0,3.0,AI support agent for your business that actually works
Perception Biosystems,Healthcare,US,,Early,0.0,2.0,1.0,Democratizing gene therapy by reinventing its manufacturing and…
Perceptive Technologies,Healthcare,US,,Early,0.0,25.0,2.0,"Automated tooth cutting for dentists using imaging, AI and robotics"
Percival,B2B,US,,Early,0.0,2.0,2.0,AI-powered data entry for wholesalers and distributors
Per Diem,B2B,US,,Early,0.0,15.0,2.0,Mobile app design and publishing platform for SMB's
Perfect Audience,B2B,US,,Early,0.0,11.0,3.0,Self-service display advertising for SaaS and online retail.
Perfekto,Consumer,MX,,Early,0.0,33.0,2.0,Grocery subscription service against food waste in Latam
Perlara,Healthcare,US,,Early,0.0,1.0,1.0,Perlara: building the YC for rare disease parents
Perl Street,Fintech,US,,Early,0.0,4.0,1.0,Financing the next-generation of infrastructure projects
PermitFlow,Real Estate and Construction,US,,Early,0.0,50.0,2.0,TurboTax for Construction Permitting
Permitify,Real Estate and Construction,Unknown,,Early,0.0,2.0,2.0,AI co-pilot for building plan review and building code compliance
PermitPortal,Real Estate and Construction,US,,Early,0.0,2.0,2.0,AI Operating System for Pre-construction
Permutive,B2B,GB,,Early,0.0,205.0,2.0,Rebuilding data in advertising to protect privacy
Pernell,Consumer,US,,Early,0.0,2.0,1.0,Your AI-Powered Second Phone
Persana AI,B2B,US,,Early,0.0,2.0,2.0,Alternative to Clay | Intelligent sales agent with 75+ data sources
Persephone Biosciences,Healthcare,US,,Early,0.0,6.0,2.0,We are using the gut microbiome to end cancer. 
Perseus Defense,Industrials,US,,Early,0.0,3.0,2.0,America's Golden Dome for Drones
PerShop,Consumer,US,,Early,0.0,2.0,2.0,Your personal clothing store!
Persist AI,Healthcare,US,,Early,0.0,6.0,2.0,Developing long-lasting drug formulations 50% faster
PersistIQ,B2B,US,,Early,0.0,10.0,2.0,PersistIQ is a free email automation platform to send a small batch…
Perspectives Health,Healthcare,US,,Early,0.0,4.0,3.0,AI Agent for Clinic EMRs
Per Vices,Industrials,CA,,Growth,0.0,11.0,2.0,Building Mission Critical Software Defined Radio products.
Pesto,Fintech,US,,Early,0.0,8.0,1.0,
PetaSales,B2B,US,,Early,0.0,2.0,1.0,
Petcube,Consumer,US,,Early,0.0,51.0,3.0,Petcube is on the mission to improve lives of pets and pet owners…
PgDog,B2B,Unknown,,Early,0.0,1.0,1.0,Scaling engine for PostgreSQL
Pharmie AI,Healthcare,US,,Early,0.0,2.0,2.0,The first AI pharmacy technician
Pharos,Healthcare,US,,Early,0.0,3.0,2.0,Automate hospital reporting and prevent patient harm with AI
Phase Biolabs,Industrials,GB,,Early,0.0,10.0,1.0,We make carbon negative chemicals from CO2 using fermentation
Phases,Healthcare,US,,Early,0.0,3.0,3.0,"Automating clinical trials, starting with patient recruitment."
Phiar,Industrials,US,,Early,0.0,12.0,1.0,We are developing a revolutionary AI-powered augmented reality…
Phind,Consumer,US,,Early,0.0,4.0,1.0,AI search engine
Phoenix,Healthcare,CA,,Growth,0.0,50.0,2.0,Canada's digital health clinic for men
Phoenix Hydrogen,Industrials,US,,Early,0.0,2.0,2.0,First commodity marketplace for hydrogen.
Phonely,B2B,Unknown,,Early,0.0,7.0,2.0,AI call centers 
PhoneSys,B2B,US,,Early,0.0,4.0,2.0,The Phone System for Sales Teams.
Phonic,B2B,US,,Early,0.0,8.0,2.0,The best way to collect and analyze voice and video feedback
phospho,B2B,US,,Early,0.0,4.0,1.0,Give brains to robots
Photonium,B2B,Unknown,,Early,0.0,2.0,2.0,AI-Driven Optical System Design
Photoroom,Consumer,FR,,Growth,0.0,100.0,2.0,Power commerce photography with generative AI
Phykos,Industrials,US,,Early,0.0,2.0,2.0,Growing seaweed to stabilize the climate.
PhysioHealth,Healthcare,Unknown,,Early,0.0,2.0,2.0,An enterprise health benefits platform that rewards employees for…
Pibit.ai,B2B,US,,Early,0.0,30.0,1.0,Transforming Commercial P&C Industry with LLM-Powered AI
Pickle,Consumer,US,,Early,0.0,7.0,5.0,We're building a living digital clone for everyone.
PickTrace,Industrials,US,,Growth,0.0,65.0,2.0,Workforce Management for Large Farms
PicnicHealth,Healthcare,US,,Early,0.0,100.0,2.0,Empowering Patients for Deep Real World Data
Picplum,Consumer,US,,Early,0.0,2.0,2.0,
Picurio,Consumer,US,,Early,0.0,2.0,3.0,
Picwing,Consumer,US,,Early,0.0,11.0,2.0,Photo Sharing platform for families
Pideaky,Fintech,MX,,Early,0.0,3.0,3.0,We help offline LatAm SMBs manage and accelerate their cash-flow 
Pide Directo,B2B,MX,,Early,0.0,150.0,4.0,One-stop-shop for restaurants to operate and grow their business. 
Pier,B2B,US,,Early,0.0,4.0,2.0,Stripe for Credit - Trusted Credit Compliance Partner
Pierre,B2B,US,,Early,0.0,9.0,2.0,"Pierre is a new, opinionated, git platform."
Pigeon,B2B,Unknown,,Early,0.0,5.0,1.0,"Document collection made fast, easy, and secure"
Pigeonly,Consumer,US,,Early,0.0,40.0,3.0,"The affordable way to search, find & communicate with an incarcerated…"
Piggy,Fintech,IN,,Early,0.0,2.0,3.0,"App for Indians to make investments in mutual funds, manage their…"
PiinPoint,B2B,CA,,Early,0.0,20.0,2.0,PiinPoint helps businesses find the best locations for growth
Pillar,Healthcare,US,,Early,0.0,5.0,2.0,A white-label care enablement platform
PillarPlus,Real Estate and Construction,IN,,Early,0.0,30.0,2.0,Software to automatically create construction blueprints
PINA,Fintech,ID,,Early,0.0,25.0,4.0,WealthFront of Indonesia 
Pina Earth,Industrials,DE,,Early,0.0,8.0,2.0,Unlocking carbon markets for European forest owners
Pinch,B2B,Unknown,,Early,0.0,3.0,1.0,Real-time AI Voice Translation
Pincites,B2B,US,,Early,0.0,3.0,3.0,Close deals faster with AI for contract negotiation
Pine Park Health,Healthcare,US,,Early,0.0,75.0,1.0,We provide primary care in senior living communities.
Ping,Fintech,AR,,Early,0.0,20.0,3.0,The global neo-bank for contractors and freelancers
Pingo AI,Consumer,US,,Early,0.0,2.0,2.0,AI companion that helps you learn languages
PingPong,B2B,US,,Early,0.0,8.0,2.0,Video messaging app for remote teams.
Pinnacle,B2B,US,,Early,0.0,2.0,2.0,API & SDK for RCS (the next-generation of texting)
PipeBio,Healthcare,DK,,Early,0.0,10.0,2.0,PipeBio is a SaaS bioinformatics platform to develop antibody drugs.
Pipekit,B2B,US,,Early,0.0,9.0,2.0,Pipekit scales data & CI pipelines for enterprises
PipelineDB,B2B,US,,Early,0.0,2.0,1.0,Open-source time-series data analytics extension for PostgreSQL
Pipeshift,B2B,US,,Early,0.0,10.0,3.0,Modular Orchestration Platform for Open Source AI
Pippin / Rent the Backyard,Real Estate and Construction,US,,Early,0.0,45.0,2.0,Autonomous homebuilding factory for the $1.7 trillion housing crisis.
Piramidal,Healthcare,US,,Early,0.0,10.0,2.0,Foundation Model for the Brain
Pirouette Pharma,Healthcare,US,,Early,0.0,9.0,3.0,We make injections as easy as pushing a button!
Pirros,B2B,US,,Early,0.0,24.0,2.0,Github for Construction
Pit.AI,Fintech,US,,Early,0.0,2.0,1.0,Solving intelligence for investment management.
Pivot,B2B,US,,Early,0.0,2.0,2.0,Your AI FP&A Analyst
Pivo Technology Inc,Fintech,NG,,Early,0.0,11.0,2.0,Digital Bank for Freight Carriers in Africa.
Pivot Robotics,Industrials,US,,Early,0.0,6.0,2.0,AI for Robot Arms in Factories
Pixate,B2B,US,,Growth,0.0,10.0,2.0,Mobile application prototyping. Now part of Google.
Pixelapse,B2B,US,,Early,0.0,0.0,2.0,Github for designers. We automatically keep track of revisions of…
Plai,B2B,US,,Early,0.0,11.0,1.0,Run ads with AI
Planbase,Healthcare,US,,Early,0.0,3.0,2.0,AI workforce management for healthcare 
Plane,B2B,US,,Early,0.0,30.0,2.0,#1 easiest-to-use payroll for startups
Planet A Foods,Consumer,DE,,Early,0.0,6.0,2.0,Building the next generation food ingredient champion.
PlanGrid,Real Estate and Construction,US,,Growth,0.0,355.0,3.0,Mobile applications for the construction industry.
Plasticity,B2B,US,,Early,0.0,2.0,2.0,Natural language processing APIs for developers.
Plate IQ,Fintech,US,,Growth,0.0,200.0,2.0,Automated Accounts Payable
PlateJoy,Consumer,US,,Growth,0.0,11.0,2.0,PlateJoy is building the technology to power disease prevention and…
Plato,B2B,US,,Early,0.0,26.0,2.0,Plato is the mentorship platform for engineering leaders
Platus,B2B,Unknown,,Early,0.0,0.0,2.0,"Instant Legal Infrastructure - Draft, Sign, Notarize & Process"
Platypus,B2B,US,,Early,0.0,3.0,2.0,The Distributed Data Operating System
Platzi,Education,US,,Early,0.0,300.0,2.0,Latin America's School of Technology
PlayAbly,B2B,Unknown,,Early,0.0,5.0,2.0,"We build games to help brands engage, convert, and retain customers "
PlayAI,B2B,US,,Early,0.0,35.0,2.0,Our mission is to make Voice AI accessible and useful to all.
Players' Lounge,Consumer,US,,Early,0.0,13.0,3.0,Win money betting on yourself playing AAA video games
Playground,Consumer,US,,Early,0.0,3.0,1.0,Make graphics like a Pro without being one
Playmaker,Consumer,DK,,Early,0.0,5.0,2.0,Community for fantasy sports players
Playment,B2B,IN,,Early,0.0,50.0,3.0,Mechanical Turk for enterprises.
PlayReader,Consumer,Unknown,,Early,0.0,0.0,2.0,
Pledge Health,Healthcare,Unknown,,Early,0.0,2.0,2.0,AI RCM assistant that handles any insurance task on payer portals for…
Pleom,Consumer,Unknown,,Early,0.0,0.0,1.0,Talk to your AI
Plerk,B2B,MX,,Early,0.0,28.0,3.0,"Acquired by Minu.mx - Fintech solutions for employees, starting with…"
Plexe,B2B,Unknown,,Early,0.0,2.0,2.0,Open-source agents to build predictive ML models from a prompt
Plexus,Consumer,GB,,Early,0.0,3.0,2.0,High-performance gloves for VR and AR
Plivo,B2B,US,,Growth,0.0,140.0,2.0,"Voice AI Agents for customer engagement, including WhatsApp, SMS &…"
Ploomber,B2B,US,,Early,0.0,7.0,2.0,Heroku for AI
Plotdrive,Consumer,US,,Early,0.0,6.0,2.0,AI that remembers your book & writes like you
Pluggy,B2B,BR,,Early,0.0,31.0,5.0,Plaid for Brazil: we allow developers to access users' financial data 
Plume,Industrials,FR,,Early,0.0,3.0,2.0,Renewable infrastructure deployment at scale.
Plumter,Fintech,NG,,Early,0.0,9.0,2.0,Easy foreign payments for African merchants
Plura (formerly Bloom Community),Consumer,US,,Early,0.0,5.0,1.0,The social app for edge-of-culture communities
Pluralith,B2B,AT,,Early,0.0,2.0,2.0,Automated infrastructure compliance and documentation
Plurchase,Consumer,US,,Early,0.0,2.0,3.0,
Plutis,B2B,US,,Early,0.0,2.0,2.0,
Pluto.markets,Fintech,DK,,Early,0.0,4.0,2.0,Modern Investment Product for 100m underserved Europeans
Plutto,B2B,CL,,Early,0.0,12.0,3.0,Verify and validate business customers in minutes for LatAm.
PNOĒ,Healthcare,GR,,Early,0.0,70.0,2.0,Enabling health professionals to prescribe clinical-grade wellness…
PocketSuite,B2B,US,,Growth,0.0,40.0,1.0,PocketSuite makes it easy for your clients to book and pay you
Pocket Worlds,Consumer,US,,Early,0.0,100.0,2.0,"Our platform enables creators to build experiences, games, and worlds…"
Pod,B2B,US,,Early,0.0,2.0,3.0,AI Phone Agents
Podcast App,Consumer,US,,Early,0.0,18.0,2.0,Podcast App is for the curious.
Podium,B2B,US,,Growth,0.0,1000.0,2.0,Get more leads. Make more money. 
Point API,B2B,US,,Early,0.0,5.0,1.0,Point stores things you send over and over again and helps you re-use…
Pointhound,Consumer,Unknown,,Early,0.0,5.0,2.0,Earn and redeem credit card points for free flights
PointOne,B2B,US,,Early,0.0,7.0,3.0,Automated time tracking and billing for law firms.
Pointwise,Consumer,Unknown,,Early,0.0,3.0,2.0,App that tells you which credit cards to get and when
Poka Labs,B2B,US,,Early,0.0,3.0,2.0,The modern operating system for chemical manufacturing.
Poko,Fintech,SG,,Early,0.0,10.0,2.0,Seamless Fiat Payments for Web3
PolicyFly,Fintech,US,,Early,0.0,15.0,3.0,Modernizing Specialty Insurance
Poliglota,Education,CL,,Early,0.0,170.0,3.0,"The online language school for Latam, with groups led by an instructor"
Poll Everywhere,B2B,US,,Growth,0.0,70.0,3.0,Interactive meetings and presentations
Pollground,Consumer,Unknown,,Early,0.0,0.0,1.0,Online polls.
Polly,Consumer,US,,Early,0.0,3.0,3.0,Polly is a social polling app for Snapchat and Instagram stories. 
Polo,B2B,MX,,Early,0.0,5.0,3.0,Building restaurant software that works.
Poly,Consumer,US,,Early,0.0,2.0,1.0,Intelligent Personal Cloud Storage
Polymail,B2B,US,,Early,0.0,2.0,3.0,Email productivity platform for business.
Polymath Robotics,Industrials,US,,Early,0.0,11.0,2.0,General Autonomy for Industrial Vehicles
Polymet,B2B,Unknown,,Early,0.0,2.0,1.0,AI Product Designer
Tydo,B2B,US,,Growth,0.0,14.0,2.0,Turn your data into intelligence
Polytomic,B2B,US,,Early,0.0,7.0,2.0,No-code data syncing between your systems
Pomello,B2B,US,,Early,0.0,8.0,2.0,Analytics software that helps companies measure organizational…
Pond,B2B,US,,Early,0.0,2.0,2.0,Superhuman for text messages
Ponyrun,B2B,US,,Early,0.0,3.0,3.0,Automate prospect research at scale
Popcuts,Consumer,US,,Early,0.0,2.0,1.0,Popcuts is an online music store where fans participate in the…
Popl,B2B,US,,Early,0.0,60.0,1.0,Your complete in-person marketing platform
PoplarML,B2B,US,,Early,0.0,2.0,2.0,Deploy Machine Learning Models with One Command
Pop Meals,Consumer,MY,,Early,0.0,153.0,3.0,Pop Meals is a restaurant chain without chefs. All recipes are…
Poppy,Consumer,US,,Early,0.0,2.0,2.0,Poppy makes it easy for parents to find high quality childcare with…
PopSQL,B2B,US,,Growth,0.0,15.0,1.0,SQL editor for teams
Popsy,B2B,SI,,Early,0.0,2.0,2.0,AI tool that finds you leads on Reddit and sends them hyper…
Popular Pays,B2B,US,,Growth,0.0,37.0,2.0,Software for collaborating with content creators and influencers 
Portal Entryways,B2B,US,,Early,0.0,4.0,2.0,Portal Entryways upgrades disabled-accessible doors so they can be…
Portão 3,B2B,BR,,Early,0.0,24.0,1.0,We are the frictionless way for companies to make payments.
Porter,B2B,US,,Early,0.0,10.0,1.0,Easiest way to deploy on AWS/GCP/Azure
Posh,Industrials,US,,Early,0.0,4.0,2.0,Making sustainable batteries
Positional,B2B,US,,Early,0.0,5.0,1.0,A modern platform for content marketing & SEO.
Positive,Consumer,US,,Early,0.0,47.0,2.0,B2B supplier of fresh/healthy packaged food
Posmetrics,B2B,US,,Early,0.0,2.0,2.0,Ultra-short feedback surveys on tablets mounted in businesses. Higher…
Postal,Fintech,US,,Early,0.0,4.0,2.0,An AI native virtual address & mailroom for businesses.
PostEra,Healthcare,US,,Early,0.0,40.0,3.0,Medicinal Chemistry powered by Machine Learning
Posterous,Consumer,US,,Early,0.0,11.0,3.0,Dead simple blogs by email
Post.fm,B2B,GB,,Early,0.0,0.0,2.0,New email inbox.
PostHog,B2B,US,,Early,0.0,100.0,2.0,"The single platform to analyze, test, observe, and deploy new features"
Postscript,B2B,Unknown,,Early,0.0,180.0,3.0,The SMS revenue platform for e-commerce merchants
Zen,Healthcare,Unknown,,Early,0.0,0.0,1.0,Posture correction software
Potion,B2B,US,,Early,0.0,7.0,3.0,AI for product formulation
Povio,B2B,US,,Growth,0.0,250.0,1.0,Engineering and Design that Fuels Startup Success
Powder,Fintech,Unknown,,Early,0.0,6.0,4.0,AI Agents for precise document analysis
Powerdocs,B2B,DE,,Early,0.0,4.0,2.0,"Create professional proposals, quotes, and documents in seconds."
Powerhouse AI,B2B,SG,,Early,0.0,6.0,2.0,Vision-powered warehouse automation: maximizing performance and value
PowerMatrix,Industrials,GB,,Early,0.0,2.0,1.0,Efficient and compact power supply for AI hardware
PowerRouter,B2B,US,,Early,0.0,3.0,1.0,PowerRouter helps sales teams with lead routing in Salesforce
PowerUs,Consumer,DE,,Early,0.0,80.0,2.0,LinkedIn for skilled blue-collar workers 
PowerX,Industrials,US,,Early,0.0,20.0,1.0,"AI powered sensors that save energy, water and emissions"
Pragmatic Leaders (Ankai Inc),B2B,IN,,Early,0.0,10.0,2.0,"AI-powered Corporate Training: Faster, Smarter, and More Effective"
Praxis AI,Industrials,US,,Early,0.0,2.0,2.0,Manufacturing reasoning agents to predict and prevent machine failures
Praxos,Consumer,US,,Early,0.0,3.0,2.0,Your personal AI companion
Prayas Analytics,B2B,US,,Early,0.0,2.0,2.0,A/B testing for brick-and-mortar stores.
Pre,B2B,US,,Early,0.0,2.0,1.0,"The AI execution advisor that keeps ambitious founders focused,…"
Precious,Consumer,US,,Early,0.0,7.0,2.0,AI to curate your baby photos
Precip,B2B,Unknown,,Early,0.0,3.0,2.0,High precision AI weather models
Preclusio,B2B,US,,Early,0.0,2.0,2.0,We help companies comply with privacy laws like GDPR. Many of these…
Precognate,Consumer,Unknown,,Early,0.0,0.0,2.0,
PredictLeads,B2B,SI,,Early,0.0,37.0,2.0,Best in class company intelligence data. 
PreDxion Bio,Healthcare,US,,Early,0.0,6.0,2.0,"Rapid, scalable diagnostic for SARS-CoV-2 and beyond"
Preflight,B2B,US,,Early,0.0,5.0,1.0,No-code Web Apps testing for everyone
Preki,B2B,CO,,Early,0.0,15.0,4.0,Shopify for LatAm
Prelay,B2B,US,,Early,0.0,16.0,1.0,Team Selling Platform
Prelim,Fintech,US,,Early,0.0,36.0,2.0,Software for banks to open bank accounts
Preloop,B2B,Unknown,,Early,0.0,2.0,1.0,Translate your experimental scripts into production ML services
Prembly (formerly Identitypass),B2B,NG,,Early,0.0,80.0,2.0,Identity Verification API for Emerging Markets
Prenda,Education,US,,Early,0.0,150.0,1.0,K-8 microschools in your neighborhood
Prendea,Education,PE,,Early,0.0,5.0,2.0,Live afterschool classes for Spanish-speaking kids ages 4 to 15.
Prequel,B2B,US,,Early,0.0,9.0,2.0,Helping B2B co's sync data to their customers
Presti AI,B2B,Unknown,,Early,0.0,7.0,4.0,Helping furniture companies create product visuals with AI
Presto,B2B,US,,Growth,0.0,200.0,1.0,Digital meets physical for big chain restaurants
Pretty Instant,Consumer,US,,Early,0.0,3.0,4.0,Inventor of the first roaming-photo booth + pro photography platform
Pribbit,Consumer,Unknown,,Early,0.0,0.0,1.0,Like Twitter but you post others' status.
Priceonomics,B2B,US,,Early,0.0,2.0,1.0,We help companies turn their data into great stories.
Priime,Consumer,US,,Early,0.0,3.0,3.0,Priime is a company dedicated to advancements in technology around…
Prime Lightworks,Industrials,US,,Early,0.0,1.0,1.0,Prime Lightworks Inc. manufactures electric propulsion systems for…
PrimeVault,Fintech,US,,Early,0.0,3.0,3.0,"Supercharged crypto operations, custody and risk management"
Prism,B2B,US,,Early,0.0,3.0,3.0,AI-native Datadog + Amplitude
Prism Labs,Consumer,US,,Early,0.0,5.0,1.0,
Probably Genetic,Healthcare,US,,Early,0.0,9.0,1.0,Patient Intelligence Platform for Genetic Disease 
Probo,B2B,US,,Early,0.0,2.0,2.0,We help you get compliant while you focus on your business.
Proception Inc,Industrials,Unknown,,Early,0.0,10.0,2.0,Making humanoids dexterous enough to thread a needle
Procoto,B2B,US,,Early,0.0,4.0,2.0,Self-service RFP management
Prodigal,Fintech,US,,Early,0.0,65.0,2.0,Lending Intelligence Software
Product Hunt,Consumer,US,,Growth,0.0,18.0,1.0,The best new products in tech
Profig,B2B,US,,Early,0.0,2.0,1.0,The phone system for businesses. Manage everything from your company…
Proglix,Industrials,ID,,Growth,0.0,25.0,3.0,B2B Marketplace for Raw Materials in Indonesia
ProhostAI,B2B,US,,Early,0.0,5.0,2.0,AI Property Manager for Airbnb & Short-Term Rental Hosts
Project Wedding,Consumer,US,,Early,0.0,2.0,1.0,
Prolific,B2B,GB,,Early,0.0,180.0,1.0,"Making diverse, high-quality data easily available to anyone, anywhere"
Promakhos Therapeutics,Healthcare,US,,Early,0.0,2.0,2.0,A therapeutics platform for curing inflammatory disorders
Prometheus,Industrials,US,,Early,0.0,25.0,1.0,We use solar and wind power to make zero net carbon electrofuels
Promi,B2B,Unknown,,Early,0.0,2.0,2.0,"Optimizing ecommerce pricing with dynamic, personalized discounts"
Promise,Government,US,,Early,0.0,80.0,2.0,Better payment systems for governments and the communities they serve.
Promoted.ai,B2B,US,,Early,0.0,12.0,2.0,Dramatically better search and ads for marketplaces
Prompt,B2B,Unknown,,Early,0.0,1.0,2.0,Helping busy professionals understand and maintain their relationships
PromptArmor,B2B,Unknown,,Early,0.0,0.0,2.0,LLM Security and Compliance
Promptless,B2B,US,,Early,0.0,2.0,2.0,An AI teammate that automatically updates your customer-facing docs
PromptLoop,B2B,US,,Early,0.0,2.0,2.0,AI agents to build B2B datasets
Pronto,Consumer,MX,,Early,0.0,62.0,2.0,Ride-sharing for second-tier cities in Latin America.
Proof Trading,Fintech,US,,Early,0.0,7.0,2.0,Institutional equities broker-dealer
Propaya,Real Estate and Construction,US,,Early,0.0,2.0,2.0,AI commercial lease abstractions and review
PropelAuth,B2B,US,,Early,0.0,6.0,1.0,Team-based authentication for B2B SaaS
Proper,B2B,US,,Early,0.0,10.0,2.0,Reconciliation and financial operations platform
Propexo,B2B,US,,Early,0.0,6.0,3.0,Plaid for Commercial Real Estate
Prophecy Sciences,B2B,US,,Early,0.0,2.0,2.0,Predicting workplace performance through neuroscience
Propolis,B2B,Unknown,,Early,0.0,2.0,2.0,Hands off QA via intelligent browser agents. 
PropReturns,Real Estate and Construction,IN,,Early,0.0,40.0,3.0,End-to-end commercial real estate transaction platform 
PropRise,Real Estate and Construction,US,,Early,0.0,3.0,2.0,AI Investment Analyst for Commercial Real Estate
ProSights,B2B,US,,Early,0.0,14.0,2.0,ProSights is an AI-native workflow automation / search platform for…
Prospa,Fintech,NG,,Early,0.0,70.0,1.0,Banking for businesses in Nigeria
Prosper,B2B,US,,Early,0.0,11.0,2.0,AI Phone Agents for Healthcare Operations
Protego,B2B,CO,,Early,0.0,5.0,1.0,We help companies recover lost revenue from chargebacks
Protex AI,B2B,IE,,Early,0.0,5.0,2.0,"Computer vision that makes the industrial workplace, safer"
Protobase,B2B,US,,Early,0.0,1.0,1.0,"Protobase is a 10x, next-generation spreadsheet."
Protocol Labs,B2B,US,,Growth,0.0,130.0,1.0,"Protocol Labs makes internet protocols: IPFS, Filecoin, and more."
Protonet,B2B,Unknown,,Early,0.0,0.0,2.0,Protonet provides the easiest way for a small business to run its own…
Proven Group,Consumer,US,,Growth,0.0,40.0,2.0,"PROVEN is using AI, data and personalization to disrupt CPG"
Provision,B2B,CA,,Early,0.0,9.0,2.0,Ironclad for construction
Proxino,B2B,US,,Early,0.0,0.0,2.0,Javascript proxy.
Proxis,B2B,Unknown,,Early,0.0,1.0,1.0,"The platform for enterprise AI agent automations, starting with email."
Proxy,Consumer,US,,Growth,0.0,20.0,2.0,Smart ring digital wallet
Pry Financials,B2B,US,,Early,0.0,7.0,4.0,Finance for Founders
Psylaris,Healthcare,NL,,Early,0.0,10.0,1.0,Psychotherapy through autonomous and personalized VR-sessions.
Pulley,B2B,US,,Early,0.0,68.0,1.0,Pulley helps startups manage their equity and cap table
PullRequest,B2B,US,,Growth,0.0,11.0,1.0,Code review as a service - combining automation with a network of…
Pulpix,B2B,US,,Early,0.0,15.0,2.0,Binge-watching technology for video platforms. 
Pulppo,Real Estate and Construction,MX,,Early,0.0,29.0,2.0,Shopify for Real Estate Agents in LATAM
Pulse Active Stations Network,Healthcare,IN,,Early,0.0,10.0,1.0,We are a connected network of smart health machines in India.
Pump.co,Fintech,US,,Early,0.0,75.0,1.0,The Costco for cloud is here 🔥🔥
Pumpkin,Consumer,US,,Early,0.0,1.0,1.0,Write with AI
Pure,Consumer,US,,Early,0.0,10.0,2.0,Marketplace for Rare Coins & Precious Metals
PurplePages,Consumer,US,,Early,0.0,3.0,3.0,Purple is an AI agent for online local marketplace transactions.
Purple Plate,Consumer,US,,Early,0.0,45.0,2.0,We license brands for delivery and pick-up
Purpose Finance,Fintech,US,,Early,0.0,3.0,3.0,Accelerating the shift to a more transparent economy 
Pursuit,Consumer,US,,Early,0.0,2.0,1.0,Revlo helps broadcasters on Twitch engage and monetize their fan…
Pushbullet,Consumer,US,,Early,0.0,3.0,3.0,Push things to your other things.
Py,Education,US,,Early,0.0,3.0,1.0,Py is democratizing access to career opportunities in tech
Pyka,Industrials,US,,Early,0.0,75.0,4.0,Autonomous electric airplanes
Pylon,B2B,EG,,Early,0.0,17.0,2.0,Infrastructure management software for water & electricity companies
Pyq AI,B2B,US,,Early,0.0,2.0,2.0,AI automation for insurance brokerages
Pyrls,Healthcare,US,,Early,0.0,3.0,1.0,Modern medical reference app for healthcare providers
Pyroscope,B2B,US,,Early,0.0,5.0,2.0,Open source continuous profiling software to debug performance issues
Pythagora,B2B,Unknown,,Early,0.0,7.0,2.0,Worlds first all-in-one AI development platform.
Pyxai,B2B,US,,Early,0.0,5.0,2.0,An assessment tool that evaluates people to predict future success
QFEX,Fintech,GB,,Early,0.0,8.0,2.0,24/7 Global Stock Exchange
Quad,Education,US,,Early,0.0,12.0,1.0,Quad is where college students get things done.
Quadrant Eye,Healthcare,US,,Early,0.0,4.0,2.0,Breaking new ground in online eyecare. 
Quadrant Health,Healthcare,US,,Early,0.0,7.0,2.0,Analyzing EHR and messaging data to predict disease before it occurs.
QualGent,B2B,US,,Early,0.0,6.0,2.0,AI Mobile App Quality Assurance Tester
Qualify.bot,B2B,US,,Early,0.0,2.0,2.0,AI phone agents for Commercial Lending 
Quan,B2B,NL,,Early,0.0,17.0,2.0,End-to-end platform to improve wellbeing and team performance. 
Quantierra,Real Estate and Construction,US,,Growth,0.0,5.0,1.0,Sourcing investment real estate
Quantstamp,B2B,CA,,Growth,0.0,80.0,1.0,Security auditing for Web3
Quantstruct,B2B,US,,Early,0.0,3.0,2.0,AI documentation engineer – test & autoimprove stale product docs
Quartzy,Healthcare,US,,Growth,0.0,100.0,2.0,Marketplace for life science supplies.
Quary,B2B,GB,,Early,0.0,2.0,2.0,The first in-browser analytics engineering platform
Queenly,Consumer,US,,Early,0.0,13.0,2.0,Leading marketplace for formalwear
Quell,Consumer,GB,,Early,0.0,40.0,4.0,Get fit fighting your way through a fantasy world.
Quero Education,Education,BR,,Early,0.0,200.0,2.0,Quero is an online marketplace for college programs in Brazil. It…
QueryPie,B2B,US,,Growth,0.0,97.0,2.0,QueryPie: Secure Enterprise AI Platform
Query Vary,B2B,US,,Early,0.0,6.0,1.0,No-Code LLM Application / Workflow Builder
Quest,Consumer,NL,,Early,0.0,5.0,2.0,Audio career advice
QuestDB,B2B,GB,,Early,0.0,30.0,3.0,The fastest open source time series database
Quetzal,B2B,US,,Early,0.0,2.0,2.0,"Simple, LLM-first translation and internationalization for software"
Queue,B2B,US,,Early,0.0,5.0,2.0,All-in-one platform for agencies to launch and grow
Quickcard,B2B,US,,Early,0.0,3.0,1.0,Dynamic sales materials that shape-shift based on the customers needs
Quickchat AI,B2B,PL,,Early,0.0,14.0,1.0,Conversation Design platform to build Al Assistants tailored to your…
Hilos,B2B,MX,,Early,0.0,5.0,2.0,Close and activate your customers on WhatsApp
QUIK,Consumer,VE,,Early,0.0,35.0,2.0,Building the operating system for business in LATAM
QuickNode,B2B,US,,Early,0.0,107.0,4.0,Tools & infra to build and scale high-quality blockchain applications.
Quill,B2B,US,,Early,0.0,5.0,2.0,Fullstack API and management platform for dashboards and reporting
Quill Bills,B2B,US,,Early,0.0,2.0,2.0,AI-Powered Medical Billing
Quilt Data,B2B,US,,Early,0.0,6.0,1.0,Quilt manages data like code so that companies can experiment faster
Quindar,B2B,US,,Early,0.0,30.0,6.0,The platform to monitor and automate satellite operations
Quivr,B2B,FR,,Early,0.0,5.0,2.0,Open Source Chat-Powered Second Brain
Qulture.Rocks,B2B,US,,Early,0.0,70.0,1.0,"The people, management, and culture operating system for your startup."
QuotaBook,B2B,KR,,Growth,0.0,50.0,1.0,Equity management platform for startups and investors.
Qventus,Healthcare,US,,Early,0.0,230.0,2.0,We automate operations for hospitals and health systems
Qvin,Healthcare,US,,Early,0.0,30.0,2.0,Empowering women. Period.
R2,Fintech,MX,,Growth,0.0,65.0,2.0,Embedded lending infrastructure
Rabbet,Real Estate and Construction,US,,Growth,0.0,23.0,1.0,"Bringing efficiency, accuracy and transparency to construction finance"
Racer,Consumer,US,,Early,0.0,7.0,1.0,15-minute food delivery
RADAR,B2B,US,,Early,0.0,46.0,1.0,RADAR is building technology to completely transform the in-store…
Radical,Industrials,US,,Early,0.0,7.0,2.0,"Building persistent, high-performance infrastructure in the sky"
Radix Labs,Healthcare,US,,Early,0.0,7.0,2.0,Operating systems for biology labs
RadMate AI,Healthcare,US,,Early,0.0,2.0,2.0,Copilot for radiologists
Ragas,B2B,US,,Early,0.0,2.0,2.0,Building the open source standard for evaluating LLM Applications
Railbird,Fintech,US,,Early,0.0,8.0,2.0,A futures market for events.
Rainbow,Fintech,US,,Early,0.0,28.0,3.0,"Open-source, design centric software for interacting with blockchains"
Raindrop,B2B,US,,Early,0.0,4.0,3.0,Sentry for AI Agents
Rainforest,B2B,US,,Growth,0.0,40.0,2.0,no-code end-to-end testing that integrates with any CI/CD pipeline
Rainmaker,Fintech,Unknown,,Early,0.0,2.0,2.0,DeFi for Everyone
Rain Neuromorphics,Industrials,US,,Early,0.0,12.0,3.0,We build artificial intelligence processors inspired by the brain.  
Rally,Consumer,CA,,Early,0.0,3.0,3.0,Rally is Zoom for social events
Rally UXR,B2B,US,,Early,0.0,30.0,2.0,User Research CRM
Ramani,B2B,TZ,,Early,0.0,70.0,2.0,We're building financial infrastructure for Africa's supply chains
Ramen VR,Consumer,US,,Early,0.0,15.0,2.0,Ramen VR is transforming game development with advanced XR + AI tools.
Random Labs,B2B,Unknown,,Early,0.0,0.0,2.0,Random labs is building fully open source software agents
Rankai,B2B,US,,Early,0.0,3.0,2.0,Jumpstarting SEO/GEO with AI + Human Experts
RankScience,B2B,US,,Early,0.0,16.0,1.0,Automated SEO for Startups
Rappi,Consumer,CO,,Early,0.0,4800.0,3.0,On-demand delivery and financial services for Latin America.
Rapportive,B2B,US,,Early,0.0,2.0,3.0,Add profiles to email.
Raptor Maps,Industrials,US,,Early,0.0,75.0,2.0,Raptor Maps builds software to manage the solar PV lifecycle.
Rarebird,Healthcare,US,,Early,0.0,5.0,1.0,Elevating mental health to be a part of your daily coffee ritual.
Rare Door,Consumer,US,,Early,0.0,2.0,2.0,Empowering brick-and-mortar retailers to sell more and engage shoppers
Rastro,B2B,US,,Early,0.0,3.0,3.0,
Raven,B2B,IN,,Early,0.0,4.0,2.0,AI Assistants for Manufacturing Operations
Raven Tech,B2B,CN,,Growth,0.0,11.0,1.0,"Our vision is to build the next generation of iOS or Android, to…"
Ravn,Government,US,,Early,0.0,10.0,1.0,Ravn is building a heads-up display for soldiers.
Ravti,Real Estate and Construction,US,,Early,0.0,17.0,2.0,"Software to track, manage, and procure HVAC for commercial real…"
Raycast,B2B,GB,,Early,0.0,27.0,2.0,Speed up non-coding tasks for engineering teams
Raycaster,B2B,US,,Early,0.0,3.0,2.0,Enterprise AI for life sciences providers
Razorpay,Fintech,IN,,Early,0.0,2700.0,2.0,India's only full-stack financial solutions company for businesses.
R.care,Healthcare,Unknown,,Early,0.0,3.0,3.0,#1 Science backed eating disorder recovery program.
rct AI,Consumer,US,,Growth,0.0,40.0,2.0,build AI NPCs
RDash,B2B,IN,,Early,0.0,80.0,3.0,New Age ERP for interior and construction business
Reach,Industrials,US,,Early,0.0,45.0,1.0,"Long range, wireless energy distribution that scales"
Reacher,B2B,US,,Early,0.0,5.0,2.0,We automate creator marketing for the world's largest brands
ReactWise,B2B,US,,Early,0.0,2.0,2.0,AI Co-Pilot for Chemical Process Optimization
Read Bean,Consumer,US,,Early,0.0,3.0,3.0,"Learn language with real-world content, at your level"
Readily,Healthcare,Unknown,,Early,0.0,7.0,2.0,Compliance Tools for Healthcare Organizations
ReadMe,B2B,US,,Early,0.0,52.0,1.0,"Beautiful, personalized, interactive developer hubs"
Ready,B2B,US,,Early,0.0,70.0,2.0,Collaborative platform for optimizing regulated utilities such as…
Ready Education,Consumer,CA,,Early,0.0,54.0,3.0,Ready Education is building the mobile OS for higher education. We…
Ready For Zero,Fintech,US,,Early,0.0,12.0,2.0,Personal debt and credit management. Acquired by Avant in 2015.
Real Artists,B2B,Unknown,,Early,0.0,2.0,1.0,We make a fast and native issue tracker for software projects.
RealCrowd,Real Estate and Construction,US,,Growth,0.0,9.0,2.0,Direct real estate investing marketplace
Reality Defender,B2B,US,,Early,0.0,54.0,2.0,Enterprise Deepfake Detection
Realm,B2B,US,,Growth,0.0,51.0,2.0,Better data structures = no DB.
RealRoots,Consumer,US,,Early,0.0,4.0,2.0,AI social app for female transplants
Rebellyous Foods,Healthcare,US,,Early,0.0,12.0,1.0,Rebellyous Foods is a food manufacturing technology and production…
Rebill,Fintech,AR,,Early,0.0,12.0,2.0,Payment infrastructure designed for LATAM.
Reble,Consumer,US,,Early,0.0,2.0,1.0,P2P Music Sharing
Rebolt,B2B,Unknown,,Early,0.0,3.0,2.0,Build apps and agents by speaking with AI
Recall.ai,B2B,US,,Early,0.0,30.0,2.0,"The API to get recordings, transcripts, and metadata from meetings"
Recidiviz,Government,US,,Early,0.0,80.0,2.0,"Helping create a smaller, fairer, safer justice system"
RecipeUI,B2B,US,,Early,0.0,2.0,1.0,The open source Postman alternative.
Reclaim Protocol,B2B,IN,,Early,0.0,26.0,3.0,Industry's first sub-dollar user data verification company!
RecordBook,B2B,IN,,Early,0.0,15.0,1.0,Airtable for 400 Million SMBs Globally
Recover,Healthcare,Unknown,,Early,0.0,10.0,1.0,Government-funded online addiction treatment
Recurious,Consumer,US,,Early,0.0,0.0,1.0,
Recurrency,B2B,US,,Early,0.0,50.0,1.0,Automated ERP for distributors.
Recurse Center,Education,US,,Early,0.0,7.0,2.0,The retreat where curious programmers recharge and grow
Red Barn Robotics,Industrials,Unknown,,Early,0.0,3.0,3.0,A Roomba for weeds on a farm. 
Redbean,Consumer,SG,,Early,0.0,6.0,2.0,Make games and stories with AI
Redbird,B2B,US,,Early,0.0,0.0,2.0,AI-powered Analytics Platform
RedBrick AI,B2B,US,,Early,0.0,13.0,1.0,Rapid medical data annotation
RedCarpetUp,Fintech,IN,,Growth,0.0,100.0,1.0,Credit cards for Indians that banks cannot see
Redcliffe Lifetech,Healthcare,IN,,Early,0.0,3500.0,2.0,Redcliffe Labs is India's Largest Omni-channel Diagnostics platform 
Reditus Space,Industrials,US,,Early,0.0,20.0,2.0,Reusable Satellites for zero-g manufacturing
Redouble AI,B2B,US,,Early,0.0,3.0,3.0,Scale human-in-the-loop for AI workflows in regulated industries
Redspread,B2B,US,,Early,0.0,0.0,2.0,Version control for software environments
Reduced Energy Microsystems,Industrials,US,,Early,0.0,2.0,3.0,Building the lowest-power silicon for embedded deep learning and…
Reducto,B2B,US,,Early,0.0,18.0,2.0,The most accurate API to parse documents
Reebee,Consumer,CA,,Early,0.0,11.0,2.0,Flyer app.
Reebeez,Industrials,US,,Early,0.0,2.0,2.0,Reebeez creates powerful microengines for UAVs. With a 2hr + flight…
Reelables,B2B,Unknown,,Early,0.0,0.0,2.0,The Future of Supply Chain Data Tracking and Visibility
ReelSurfer,Consumer,US,,Early,0.0,2.0,2.0,Clip and share any video from any website.
refine,B2B,US,,Early,0.0,10.0,3.0,Open-source Retool for enterprise
RefineTrain AI,B2B,US,,Early,0.0,4.0,2.0,AI agents rewriting & optimising your internal documentation for LLMs
Reflect,B2B,US,,Early,0.0,6.0,2.0,No-code test automation for web apps
Reflex,B2B,US,,Early,0.0,8.0,2.0,Web apps in pure Python. Deploy with a single command.
Reforged Labs,Consumer,US,,Early,0.0,18.0,1.0,"Turn intuition into insights, in minutes"
Reform,B2B,US,,Early,0.0,6.0,2.0,Workflow automation. Built for logistics.
Reframe (Glucobit),Healthcare,US,,Early,0.0,35.0,2.0,App to help people quit or cut back on alcohol use
Refresh,B2B,US,,Early,0.0,2.0,2.0,Browser agent based testing in vibe coding workflows
REGENT,Industrials,US,,Early,0.0,40.0,2.0,"All-electric seagliders for fast, affordable regional transportation"
RegistryLove,Consumer,US,,Early,0.0,11.0,1.0,Cross-store wedding registry.
Regology,B2B,US,,Growth,0.0,60.0,2.0,AI Agents for Regulatory Compliance
Rehook.ai,B2B,IN,,Early,0.0,12.0,4.0,"Run, Track and manage any and all user incentive campaigns."
ReJot,B2B,NL,,Early,0.0,2.0,2.0,Sync engine to share data across engineering teams in enterprises
Rejoy Health,Healthcare,US,,Early,0.0,8.0,2.0,AI-powered healthcare information
Rejuvenation Technologies Inc.,Healthcare,US,,Early,0.0,2.0,2.0,We extend telomeres to extend the human health span
Relace,B2B,Unknown,,Early,0.0,5.0,2.0,LLMs for Code Generation
Relari,B2B,US,,Early,0.0,2.0,2.0,AI Agent Builder for Software 3.0
Relate,B2B,US,,Early,0.0,7.0,2.0,All-in-One Sales and Marketing CRM for B2B teams
Relationship Hero,Consumer,US,,Early,0.0,100.0,1.0,Dating & relationship coaching sessions for individuals and couples
Relativity Space,Industrials,US,,Early,0.0,1000.0,1.0,Building humanity’s multiplanetary future.
Relay Health,Healthcare,US,,Early,0.0,5.0,2.0,The #1 App to Quit Porn: Rebuild Focus and Intimacy
Releaf Earth,Industrials,NG,,Early,0.0,100.0,2.0,Turning food waste into Biochar to remove CO2 from the atmsophere
Release,B2B,US,,Early,0.0,26.0,3.0,Environments as a service
Relevium Medical,Healthcare,IE,,Early,0.0,5.0,1.0,Platform injectable gel based therapeutic for osteoarthritis
Reliance Health,Healthcare,NG,,Growth,0.0,384.0,3.0,We make healthcare in emerging markets affordable and accessible
Relixir,B2B,US,,Early,0.0,4.0,2.0,The Autonomous GEO Platform
Relling,B2B,US,,Early,0.0,2.0,2.0,ImageNet for world models
Relvy AI,B2B,Unknown,,Early,0.0,3.0,2.0,AI powered debugging notebooks for incident response
Remade,Consumer,US,,Early,0.0,4.0,4.0,AI-native canvas for creative workflows.
reMail,B2B,US,,Early,0.0,1.0,2.0,Email search for iPhone. Acquired by Google in Feb 2010.
Remedial Health,Healthcare,NG,,Growth,0.0,300.0,2.0,B2B E-commerce & Fintech platform for Pharmacies & Hospitals in Africa
Remi,Real Estate and Construction,US,,Early,0.0,140.0,2.0,"Simplifying roofing for homeowners, roofers and enterprises."
Remix,Government,US,,Growth,0.0,65.0,4.0,We’re building a platform to empower cities to plan the best possible…
Remo,Fintech,Unknown,,Early,0.0,3.0,2.0,AI for compliance teams at banks
Remora,Industrials,US,,Early,0.0,45.0,1.0,Carbon capture for vehicles
Remy,Healthcare,US,,Early,0.0,4.0,2.0,Making it simpler for medical clinics to work with insurance
RendaloMaq,Real Estate and Construction,CL,,Early,0.0,30.0,2.0,Tech-enabled equipment rentals in Latam.
renderlet,B2B,US,,Early,0.0,2.0,1.0,Build interactive applications that run anywhere
RentFlow,B2B,US,,Early,0.0,3.0,2.0,The first 'Buy Now Pay Later' solution for Rents
RentHop,Real Estate and Construction,US,,Early,0.0,9.0,2.0,Apartment rental marketplace
Rentobo,Real Estate and Construction,US,,Early,0.0,11.0,4.0,"The easiest way to find a tenant.

Rentobo is a tool that makes it…"
Repacket,B2B,Unknown,,Early,0.0,4.0,1.0,Employee security done for you.
Repaint,B2B,US,,Early,0.0,2.0,2.0,AI for building websites
Replenish,B2B,US,,Early,0.0,11.0,2.0,Keurig machine for smoothies.
Replicate,B2B,US,,Early,0.0,36.0,2.0,Run machine learning models in the cloud
Replika,Consumer,US,,Growth,0.0,28.0,1.0,Replika is an AI friend that you can talk to designed to make you…
Replit,B2B,US,,Early,0.0,65.0,2.0,Collaborative in-browser IDE 
Replo,B2B,US,,Early,0.0,20.0,2.0,Online commerce for the AI age
Reploy,B2B,US,,Early,0.0,4.0,1.0,"Instant, shareable staging environments"
Repool,Fintech,US,,Early,0.0,11.0,1.0,Modernizing hedge fund back office software and services.
Reprompt,B2B,Unknown,,Early,0.0,3.0,2.0,AI Agents for Location
REPROSENT,Healthcare,US,,Early,0.0,4.0,2.0,Activating an overlooked force in medicine - the patient.
Requestly,B2B,US,,Early,0.0,19.0,2.0,Open-Source Postman alternative
Request Network,Fintech,FR,,Early,0.0,12.0,2.0,Request is a payment request technology & an ecosystem of apps
Rescale,B2B,US,,Early,0.0,250.0,2.0,High Performance Computing Built for the Cloud
ReSchedule Med,Healthcare,US,,Early,0.0,0.0,1.0,"We help medical residency programs create and manage their schedules,…"
Rescript,B2B,US,,Early,0.0,3.0,3.0,AI Regulatory Analyst for Enterprises
Rescue Forensics,Government,US,,Early,0.0,0.0,2.0,Actionable human trafficking intelligence
RescueTime,B2B,US,,Growth,0.0,15.0,1.0,Take Back Control of your Time
Resend,B2B,US,,Early,0.0,23.0,2.0,Email for developers
Reshape Biotech,Healthcare,DK,,Early,0.0,40.0,3.0,Robots that automate the everyday tasks of microbiologists.
Zuma,B2B,US,,Growth,0.0,30.0,2.0,We help businesses convert leads into sales in minutes using text
Resolve,Real Estate and Construction,US,,Early,0.0,10.0,2.0,"Real-time BIM collaboration for fast, predictable construction"
Resonance,B2B,US,,Early,0.0,2.0,1.0,Self-improving content bank for marketing
Respaid,Fintech,US,,Early,0.0,42.0,1.0,"Respectful B2B Debt Collection, Powered by AI"
Response,B2B,US,,Early,0.0,8.0,2.0,Control indirect spend from end-to-end.
Resquared,B2B,US,,Early,0.0,40.0,2.0,Marketing automation platform for selling to local businesses.
Restocks,Consumer,US,,Early,0.0,2.0,1.0,Buy sneakers and streetwear here
RetailReady,B2B,Unknown,,Early,0.0,6.0,2.0,An AI-powered supply chain compliance engine
Retape,B2B,Unknown,,Early,0.0,3.0,3.0,AI workers for debt settlement
Retell AI,B2B,Unknown,,Early,0.0,20.0,5.0,Supercharge Your Contact Center Operations with AI Phone Agents
RethinkDB,B2B,US,,Early,0.0,11.0,2.0,The open source database for the realtime web.
Rethoric,B2B,US,,Early,0.0,6.0,1.0,LinkedIn content & strategy for founders to get 1M monthly impressions
Reticular,Healthcare,US,,Early,0.0,2.0,2.0,Interpretable AI for drug discovery
Retool,B2B,US,,Growth,0.0,300.0,1.0,Build internal tools fast.
Retrofit,Consumer,US,,Early,0.0,2.0,1.0,A vintage marketplace curated by AI
RetroFix,B2B,US,,Early,0.0,2.0,2.0,Automate any workflow using plain english
Revamp,B2B,Unknown,,Early,0.0,5.0,1.0,AI-Powered Customer Segmentation for eCommerce
Revel,Consumer,US,,Early,0.0,16.0,2.0,We Deserve More in Midlife
Revenir,Fintech,GB,,Early,0.0,11.0,1.0,First API solution for tax returns.
RevenueCat,B2B,US,,Early,0.0,70.0,2.0,A simple API for managing in-app subscriptions
REVER,Fintech,ES,,Early,0.0,35.0,2.0,Changing the way people buy by giving superpowers to shoppers
ReverCare,B2B,US,,Early,0.0,2.0,2.0,Concierge for elder care
Reverie Labs,Healthcare,US,,Early,0.0,29.0,3.0," Engineering next-generation, brain-penetrant cancer therapies."
Revery AI,Consumer,US,,Early,0.0,5.0,3.0,Tiktok for fashion - where designers show their work + build traction
Rev Genomics,Healthcare,US,,Growth,0.0,8.0,1.0,Rev is a biotechnology company creating better plants.
Revi,B2B,Unknown,,Early,0.0,10.0,2.0,AI-enabled M&A deal origination
Revideo,B2B,DE,,Early,0.0,2.0,1.0,Create Videos with Code
Revise Robotics,Industrials,Unknown,,Early,0.0,3.0,2.0,Automating refurbishment of $1T in consumer electronics
RevisionDojo,Education,Unknown,,Early,0.0,5.0,3.0,AI tutors for students.
Reviving Mind,Healthcare,US,,Early,0.0,3.0,2.0,Addressing Loneliness and Isolation for Seniors
Revl,B2B,US,,Early,0.0,22.0,3.0,AI edited video souvenirs as a service
Revolve Surgical,Healthcare,CA,,Early,0.0,8.0,3.0,Surgical robotics for every operating room
Revoy,Industrials,US,,Early,0.0,4.0,1.0,Make diesel semi trucks hybrid-electric
Revyl,B2B,US,,Early,0.0,4.0,2.0,Proactive observability
Rewbi,Industrials,Unknown,,Early,0.0,2.0,2.0,Rewbi uses AI to increase grid-connected battery storage revenue 2x
Reworkd,B2B,US,,Early,0.0,6.0,1.0,The simplest way to extract web data at scale
rex.fit,Consumer,CH,,Early,0.0,2.0,1.0,Automating nutrition tracking.
REZI,Real Estate and Construction,US,,Growth,0.0,31.0,3.0,Rent Better
Rhythmm,Consumer,US,,Early,0.0,2.0,2.0,Read interesting conversations
Ribbon Health,Healthcare,US,,Early,0.0,91.0,2.0,"Health enterprise API for data on doctors, insurance, costs, & quality"
Rickshaw,B2B,US,,Early,0.0,11.0,2.0,"Same day local delivery, via API. Currently operating in SF."
Rid,Consumer,US,,Early,0.0,2.0,2.0,Sell with a text.
RideAlong,Government,US,,Early,0.0,2.0,1.0,We save lives by giving police and health workers key info to safely…
Ridecell,B2B,US,,Growth,0.0,130.0,1.0,AI for Automotive Leasing and Mobility
Ridejoy,Consumer,US,,Early,0.0,11.0,3.0,Long-distance carpooling marketplace. Shut down in early 2013.
Rider,B2B,PK,,Early,0.0,180.0,1.0,Modern parcel delivery for online sellers in Pakistan. 
Riff,Consumer,US,,Early,0.0,2.0,2.0,Cursor for music production
rift,B2B,US,,Early,0.0,8.0,2.0,The sales platform built to help you focus
Rigetti Computing,Industrials,US,,Growth,0.0,51.0,1.0,Quantum coherent supercomputing.
RigManic,Industrials,US,,Early,0.0,10.0,1.0,Humanoid robots that do your chores
RigPlenish,Healthcare,US,,Early,0.0,2.0,1.0,"On average each Ambulance run is two hours long, 40 minutes is spent…"
Riley,Real Estate and Construction,US,,Early,0.0,2.0,1.0,MailChimp for SMS 
Rima AI (formerly Garage),B2B,US,,Early,0.0,7.0,2.0,AI powered reporting for small businesses
Rimba,Industrials,US,,Early,0.0,4.0,2.0,AI to replace manual work in environmental compliance reporting
Rinse,Healthcare,US,,Early,0.0,6.0,1.0,We're building the One Medical for dental
Rinsed,B2B,US,,Early,0.0,80.0,3.0,Software to run car washes moving to a monthly subscription model
Rio,Fintech,MX,,Early,0.0,10.0,3.0,LATAM’s largest stablecoin FX and liquidity provider
Riogrande,Consumer,MX,,Early,0.0,0.0,2.0,We buy and grow D2C brands in LatAm
Riot,B2B,FR,,Early,0.0,90.0,1.0,Cybersecurity awareness for fast growing companies
Rippling,B2B,US,,Early,0.0,2500.0,2.0,"One place to run all your HR, IT, and Finance. Globally."
Risely AI,Education,US,,Early,0.0,9.0,3.0,AI agents that automate administrative work across college campuses. 
RiskAngle,B2B,US,,Early,0.0,2.0,2.0,AI medical summaries in minutes
RiskCube,Fintech,US,,Early,0.0,3.0,1.0,AI insurance agency. 
Risotto,B2B,US,,Early,0.0,3.0,3.0,Risotto auto-solves IT support requests using AI
Riverbank Security,B2B,US,,Early,0.0,2.0,2.0,AI-native Red Teaming and Offensive Security 
Rivet,B2B,US,,Early,0.0,5.0,2.0,Open-Source Cloudflare Workers & Durable Objects
Riveter AI,B2B,US,,Early,0.0,2.0,1.0,Thousands of AI search agents running in parallel 
Rivia.AI,B2B,IN,,Early,0.0,5.0,1.0,Interactive Product Demos
Riviera,B2B,US,,Early,0.0,2.0,3.0,AI Employees for Hotels
Riya Collective,Consumer,US,,Early,0.0,6.0,2.0,Riya Collective is building the first community-driven global…
RMFG,Industrials,US,,Early,0.0,9.0,1.0,Autonomous Sheet Metal Factories
Roame,Consumer,US,,Early,0.0,6.0,2.0,Flight search engine using credit card points and miles
Roark,B2B,US,,Early,0.0,3.0,2.0,"Test, monitor, and improve your voice agents"
Robby Technologies,Industrials,US,,Early,0.0,11.0,2.0,We are building a fleet of autonomous mobile robots that travel on…
Roboflow,B2B,US,,Early,0.0,50.0,2.0,🖼️ Give your software the sense of sight.
RoboHR,B2B,Unknown,,Early,0.0,0.0,2.0,
RoboTire,Industrials,US,,Growth,0.0,20.0,2.0,Robotire is automating vehicle maintenance for today and future…
Rocketable,B2B,US,,Early,0.0,1.0,1.0,The AI Maximalist Software Holding Company
RocketLit,Education,US,,Early,0.0,11.0,2.0,RocketLit is an adaptive learning and assessment platform. 
Rocketrip,B2B,US,,Growth,0.0,68.0,1.0,Rocketrip helps companies save money on travel expenses by aligning…
Roe AI,B2B,US,,Early,0.0,6.0,2.0,Agentic Risk Operating System for Money Industry
Roforco,Consumer,US,,Early,0.0,4.0,1.0,Creating viral AI consumer apps and games
ROGER,B2B,US,,Early,0.0,4.0,2.0,The Best Way to Sign Contracts Since Handshakes. Roger that.
Roger,B2B,Unknown,,Early,0.0,2.0,1.0,Roger is an AI SDR that automates outbound sales and follows up 24/7.
Roin Technologies,Industrials,US,,Early,0.0,3.0,2.0,Building robots to automate commercial concrete construction.
Rollstack,B2B,US,,Early,0.0,25.0,3.0,Automate data-driven slide decks and documents with AI
Rome,B2B,US,,Early,0.0,1.0,1.0,The marketplace for truckers
Roofr,Consumer,US,,Early,0.0,40.0,2.0,Sales software for roofers. Aerial measurements + proposals in seconds
Roomblocker,Consumer,US,,Early,0.0,2.0,2.0,Hotel booking for groups and events.
Criya,B2B,US,,Early,0.0,5.0,1.0,AI that builds GTM assets in seconds
Roomstorm,Consumer,US,,Early,0.0,4.0,1.0,Real time B2B hotel room marketplace for various industries…
Roost,B2B,US,,Early,0.0,2.0,1.0,Web push notifications.  
Rootly,B2B,US,,Early,0.0,60.0,2.0,Modern On-Call and Incident Management Platform
Rosebud AI,Consumer,US,,Early,0.0,10.0,1.0,Vibe code games. 
Rosebud Biosciences,Healthcare,US,,Early,0.0,3.0,2.0,Growing micro-organs to find new drugs
Rose Rocket,B2B,CA,,Early,0.0,165.0,2.0,Rose Rocket is ERP software for trucking companies.
ROSS Intelligence,B2B,US,,Growth,0.0,30.0,3.0,ROSS is an AI-powered legal research platform that can read and…
Roundabout Technologies,Government,Unknown,,Early,0.0,4.0,2.0,Software for AI-powered traffic lights
Roundtable,B2B,US,,Early,0.0,2.0,2.0,Proof of Human - invisible bot detection
Routable,B2B,US,,Early,0.0,160.0,2.0,Simplifying payouts at scale
Routine,B2B,FR,,Early,0.0,14.0,2.0,"Most advanced calendar for busy professionals, with tasks & notes"
Rove,Consumer,US,,Early,0.0,4.0,2.0,Travel the world for free.
RoverRide,Consumer,US,,Early,0.0,0.0,1.0,A universal urban transit app. Given all transportation options…
RowBoat Labs,B2B,US,,Early,0.0,3.0,3.0,Open-source AI-assisted agent builder
RowFlow,B2B,US,,Early,0.0,2.0,2.0,Replacing forms with AI conversations
RTCanary,Consumer,US,,Early,0.0,0.0,5.0,We are a monitoring and analytics plugin for all video chat platforms.
RTHM,Healthcare,US,,Early,0.0,14.0,2.0, Simplifying complex illness care at scale
Rubber Ducky Labs,B2B,US,,Early,0.0,2.0,2.0,AI Powered Product Discovery
Rubbrband,Consumer,Unknown,,Early,0.0,3.0,3.0,Storyboard with AI
Ruby Card,Fintech,US,,Early,0.0,3.0,3.0,Neobank for e-commerce businesses
Rulebase,B2B,Unknown,,Early,0.0,2.0,2.0,AI agents for financial services.
Rulebricks,B2B,US,,Early,0.0,2.0,1.0,Add powerful decision-making capabilities to any automated workflow.
Ruleset,B2B,US,,Early,0.0,1.0,2.0,The SaaS Decision Engine for Lenders
Rume,Consumer,US,,Early,0.0,3.0,3.0,Video chat that doesn't feel like work
Runa,B2B,MX,,Early,0.0,100.0,1.0,Automating payroll for Latin America.
Rune,Consumer,US,,Early,0.0,3.0,1.0,Talk & play multiplayer games with your friends!
RunKit,B2B,US,,Early,0.0,2.0,3.0,
RunLocal AI,B2B,GB,,Early,0.0,3.0,3.0,The On-Device AI Development Platform 
RunRL,B2B,Unknown,,Early,0.0,2.0,2.0,Reinforcement learning as a service
Runway,B2B,US,,Early,0.0,18.0,4.0,Easier and more reliable mobile app releases for teams.
Ruta Health,B2B,US,,Early,0.0,1.0,4.0,Async personalized and actionable health education by real doctors
Ruth Health,Healthcare,US,,Early,0.0,8.0,2.0,Telehealth hub for pregnant people 🧡
Rutter,B2B,US,,Early,0.0,24.0,2.0,The Unified API for Business Financial Data
RUUF,Consumer,CL,,Early,0.0,23.0,3.0,Managed marketplace for solar in Latam
Ryse,B2B,US,,Early,0.0,13.0,2.0,The secondary market for real estate leases
Ryvn,B2B,US,,Early,0.0,2.0,2.0,Easy and secure customer cloud deployments
Saatvy,Healthcare,US,,Early,0.0,1.0,2.0,Root cause help for chronic conditions
Sable,Fintech,US,,Early,0.0,12.0,3.0,"Mobile bank for credit-worthy, new-to-America internationals offering…"
SafeBase,B2B,US,,Early,0.0,60.0,2.0,Trust Center platform that scales customer security reviews
SafeBeat,Healthcare,US,,Early,0.0,9.0,2.0,Guiding cardiac therapeutics - all from your phone
SafeButler,Fintech,US,,Early,0.0,2.0,2.0,Your chief servant for shopping insurance
Safely Finance,Consumer,US,,Early,0.0,2.0,2.0,BNPL for moving and renting.
Safepay,Fintech,US,,Early,0.0,4.0,1.0,Digital payments for businesses in Pakistan
Safer Management,B2B,US,,Growth,0.0,5.0,1.0,Student Attendance tracking for Public Schools
SafetyKit,B2B,US,,Early,0.0,10.0,2.0,"AI agents for risk, compliance, and safety"
SafetyWing,Fintech,US,,Early,0.0,130.0,3.0,Health insurance for remote teams
Sagaland,Consumer,US,,Early,0.0,2.0,2.0,Open-Ended AI Game Platform
Sage AI,B2B,US,,Early,0.0,2.0,2.0,"Your self-generating, self-maintaining code knowledge base."
Sage Care,Healthcare,CA,,Early,0.0,0.0,1.0,Get care at home for mom or dad from trusted professionals in their…
Saida,Fintech,KE,,Early,0.0,4.0,2.0,"A bank account that lets you easily separate, spend and track money"
Sails Co.,B2B,US,,Early,0.0,4.0,3.0,"Full-service web, mobile, & cloud studio providing professional…"
Sakneen,Real Estate and Construction,EG,,Early,0.0,9.0,2.0,Shopify for Real Estate Developers
SalaryBook,B2B,IN,,Early,0.0,7.0,3.0,"Mobile first solution for Payroll, employee & expense management"
SalaryBox (by Titanmind),Fintech,IN,,Early,0.0,80.0,2.0,Gusto for India
Saldor,Consumer,US,,Early,0.0,2.0,2.0,Hands-free email
Salesform,B2B,US,,Early,0.0,6.0,2.0,"Qualify, route, and convert more inbound leads"
SalesPatriot,B2B,US,,Early,0.0,9.0,3.0,We help defense firms win more contracts with the Pentagon
SalesSift,B2B,GB,,Early,0.0,2.0,2.0,Intelligent Lead Sourcing
Saleswhale,B2B,SG,,Growth,0.0,23.0,3.0,Saleswhale is an automated sales assistant that follows up with your…
Salient,B2B,US,,Early,0.0,23.0,2.0,AI Servicing for Auto Lenders
SALT,Fintech,IN,,Early,0.0,14.0,2.0,B2B Cross-Border Payment & Compliance Platform
Salt Security,B2B,US,,Growth,0.0,200.0,1.0,Protects organizations from getting breached through their APIs.
Salvy,B2B,BR,,Early,0.0,27.0,4.0,Mobile carrier for businesses in Brazil
Same,Consumer,US,,Early,0.0,5.0,3.0,Build products without coding
Sameday,B2B,US,,Early,0.0,7.0,1.0,AI sales agents for home service businesses
Sameplan,B2B,US,,Early,0.0,3.0,2.0,Customer-facing plans for sales teams and their prospects.
SAMMY Labs,B2B,Unknown,,Early,0.0,3.0,2.0,"Live, AI-powered graph of every possible click path in your software"
Samos Insurance,Fintech,CA,,Early,0.0,6.0,1.0,Accidental Death Insurance for Surgery 
Sample,Healthcare,US,,Early,0.0,5.0,2.0,Flexible systems for clinical reasoning.
Sandbox Banking,Fintech,US,,Early,0.0,33.0,2.0,Low-code integration platform for banking
Sandra AI,B2B,US,,Early,0.0,3.0,3.0,"Building AI employees for car dealers, starting with AI receptionists"
Sanitation and Health Rights in India (SHRI),Unspecified,IN,,Early,0.0,1.0,1.0,
Santé,B2B,US,,Early,0.0,10.0,1.0,All-in-one POS for liquor stores
Sanvivo,Healthcare,DE,,Early,0.0,4.0,4.0,Shopify for pharmacies in Europe
Saphira AI,B2B,US,,Early,0.0,6.0,2.0,Vanta for Hardware
Sapling.ai,B2B,US,,Early,0.0,2.0,1.0,Language models for enterprise applications.
Sarus,B2B,FR,,Early,0.0,16.0,3.0,"Use personal data for analytics and ML, safely and seamlessly"
Satchel,Fintech,US,,Early,0.0,8.0,1.0,
Satsuma,B2B,US,,Early,0.0,5.0,2.0,Reliable blockchain indexing & querying for web3 engineering teams.
Saturn,Fintech,GB,,Early,0.0,18.0,3.0,Compliance and back office workflows for Wealth Managers.
SaveIN,Healthcare,IN,,Early,0.0,60.0,2.0,Making private healthcare in India accessible and affordable
Savvy,Fintech,US,,Early,0.0,12.0,2.0,Flexible stipends for employee health insurance
Sayana,Healthcare,US,,Early,0.0,2.0,2.0,Affordable mental self-care for all. Acquired by Headspace Health.
SBX Robotics,B2B,CA,,Early,0.0,5.0,3.0,Synthetic data for better vision.
Scalar Field,Fintech,Unknown,,Early,0.0,3.0,2.0,Reinventing the trading terminal — one intelligent agent at a time.
Scale AI,B2B,US,,Early,0.0,500.0,1.0,Data-centric infrastructure to accelerate the development of AI 
Scanate/Fellow,B2B,Unknown,,Growth,0.0,2.0,2.0,API for Invoice Financing
Scanbase,Healthcare,US,,Early,0.0,10.0,2.0,"The API for Diagnostic Test Analysis (COVID-19, FLU, RSV, STD,…"
Scanwell Health,Healthcare,US,,Growth,0.0,13.0,1.0,"Smartphone-enabled, at-home diagnostics"
Scape,B2B,US,,Early,0.0,2.0,1.0,AI-native CRM that captures all your conversations
Scaphold.io,B2B,US,,Early,0.0,2.0,2.0,The Universal API
Scentbird,Consumer,US,,Early,0.0,165.0,1.0,Scentbird is a luxury fragrance subscription service.
SchemeFlow,Real Estate and Construction,Unknown,,Early,0.0,5.0,3.0,AI Report Generation for Engineering & Environmental Review
Schoolable,Education,NG,,Early,0.0,10.0,2.0,Tuition collection service for K-12 private schools in Africa
Science Exchange,Healthcare,US,,Early,0.0,50.0,2.0,Powering scientific outsourcing
Scispot,B2B,CA,,Early,0.0,15.0,2.0,The Best Data Infrastructure for Biotechs
ScopeAI,B2B,US,,Early,0.0,4.0,2.0,Automatically extract valuable insights from customer service…
Scope AR,Consumer,US,,Growth,0.0,50.0,2.0,Scope AR is the leading provider of User Guided Augmented Reality…
Scout,B2B,US,,Early,0.0,1.0,1.0,Dead simple CI/CD for ML teams
Scoutzie,B2B,US,,Early,0.0,2.0,3.0,Scoutzie is a curated community for the best mobile designers. If…
Scratch Data,B2B,US,,Early,0.0,1.0,2.0,Analytics for builders. Record and query billions of datapoints with…
Screenhero,B2B,US,,Growth,0.0,2.0,4.0,"Collaborative Screen Sharing — you each get your own mouse, and…"
Screenleap,B2B,US,,Early,0.0,4.0,2.0,One-click screen sharing with installation-free viewing on all devices
Scribd,Consumer,US,,Growth,0.0,300.0,1.0,World's largest online library.
Scribe,B2B,IN,,Early,0.0,15.0,2.0,Scribe is an AI based Sales Development Representative that you can…
Scrimba,Education,NO,,Early,0.0,6.0,3.0,We turn people into hireable devs for 1% of the price of code…
Scritch,Healthcare,US,,Early,0.0,3.0,2.0,AI operating system for veterinary care
Sculpt,B2B,US,,Early,0.0,2.0,1.0,Fully automated should-cost analysis for precision manufacturers.
Seabound,Industrials,GB,,Early,0.0,9.0,2.0,Carbon capture equipment for ships
Seaflight Technologies,Industrials,US,,Early,0.0,4.0,1.0,We make the world's most efficient aircraft
Seal,B2B,GB,,Early,0.0,22.0,1.0,All-in-one workspace for companies making regulated products
Seals AI,B2B,US,,Early,0.0,4.0,4.0,AI Employees for Wholesalers & Distributors
Seam,B2B,US,,Growth,0.0,25.0,2.0,API for IoT Devices
Searchlight,B2B,US,,Growth,0.0,20.0,2.0,Talent AI improving quality of hire
Seawise Capital,Fintech,IN,,Early,0.0,3.0,3.0,Trade finance company for Indian exporters
Secoda,B2B,CA,,Growth,0.0,27.0,2.0,Secoda is the AI layer for your Analytics
Second,B2B,Unknown,,Early,0.0,3.0,1.0,AI-Native Enterprise Codebase Maintenance
Second Measure,B2B,US,,Growth,0.0,62.0,2.0,Unlock the power of transaction data.
Seed,Fintech,US,,Early,0.0,11.0,2.0,Mobile banking for small business.
Seer,B2B,US,,Early,0.0,4.0,2.0,Sell beyond the store.
Seerslab,Consumer,US,,Growth,0.0,39.0,2.0,We are providing AR technologies and contents to app developers
Segmed,Healthcare,US,,Early,0.0,32.0,3.0,Real-World Data for Health Innovation
Segment,B2B,US,,Growth,0.0,550.0,2.0,"Software and APIs to collect, clean, and control customer data."
Segments.ai,B2B,BE,,Early,0.0,8.0,2.0,Build better computer vision models by building better datasets
Sei,Fintech,IN,,Early,0.0,0.0,2.0, AI Agents for Financial Institutions
Seis,Fintech,US,,Growth,0.0,17.0,2.0,Banking 100% in Spanish for the 44 million US Spanish speakers
Sekilo,B2B,ID,,Early,0.0,11.0,2.0,Poultry processing & supply chain for the SME foodservice industry.
SelectIQ,Healthcare,US,,Early,0.0,2.0,2.0,Empowering every doctor and every patient to participate in research
Selera Medical,Healthcare,US,,Early,0.0,2.0,2.0,"One-time, device-based treatment for heart failure"
Selia,Healthcare,CO,,Early,0.0,20.0,1.0,Selia is an online platform connecting individuals with top-quality…
Semantics3,B2B,US,,Early,0.0,25.0,2.0,Data and AI platform for Ecommerce & Cross-Border Logistics
Semantix,Healthcare,US,,Growth,0.0,2.0,2.0,AI for medical billing
SEND,B2B,NG,,Early,0.0,9.0,2.0,Flexport for Africa - Digital Freight forwarder and Customs Broker.
Sendbird,B2B,US,,Early,0.0,300.0,3.0,"The AI agent that doesn’t just support, it delights."
Sendblue,B2B,US,,Early,0.0,50.0,2.0,iMessage for Sales
Sendbox,B2B,NG,,Early,0.0,25.0,2.0,Fulfillment by Amazon for African merchants
SendHub,B2B,US,,Growth,0.0,51.0,1.0,Simple Business SMS. SMBs to Large Enterprise.
"Sendme, Inc",Consumer,NG,,Early,0.0,40.0,1.0,On demand provider of meat to households and food businesses
Sendo,B2B,US,,Early,0.0,1.0,1.0,The best SMS/RCS API for startups
Sendoid,B2B,US,,Early,0.0,2.0,2.0,High speed peer to peer data transport technology for consumers…
Sendwave,Fintech,US,,Growth,0.0,350.0,2.0,"Instant, no fee international remittances."
Seneca Systems,Government,US,,Early,0.0,11.0,1.0,Constituent system-of-record and service request management software…
Senic,Consumer,DE,,Early,0.0,16.0,1.0,"Simple Controls for Sonos, Philips Hue and other Smart Home products"
Sennu AI,B2B,US,,Early,0.0,2.0,2.0,Hands off Salesforce QA
SenpAI.GG,Consumer,US,,Early,0.0,12.0,2.0,Personal gaming coach for PC gamers globally 
Sensei,Industrials,US,,Early,0.0,2.0,2.0,Robotic Training Data at Scale
Sensible Biotechnologies,Healthcare,GB,,Early,0.0,24.0,2.0,Unlocking the next generation of mRNA medicines
Senso,B2B,Unknown,,Early,0.0,2.0,2.0,AI-Powered Knowledge Base for Customer Support
SensorSurf,B2B,US,,Early,0.0,1.0,2.0,Resolve PR check failures instantly with AI
Sentiyen,B2B,US,,Early,0.0,2.0,2.0,Conversational AI assistants using your knowledge
Sepal AI,B2B,US,,Early,0.0,7.0,3.0,Data Development for Advanced AI
Sepsis Scout,Healthcare,US,,Early,0.0,5.0,2.0,Wearables and AI to predict and prevent sepsis outside the hospital
Sequence Bio,Healthcare,CA,,Early,0.0,52.0,2.0,Discovering the true signals of disease to power life-changing drugs.
Sequin,B2B,US,,Early,0.0,2.0,2.0,Sequin is building AI Voice Agents to automate collections for…
Serafis,B2B,US,,Early,0.0,2.0,1.0,The AI knowledge graph for institutional investors
Serial,B2B,US,,Early,0.0,2.0,2.0,Root cause manufacturing issues in seconds
Serica,Fintech,US,,Early,0.0,2.0,1.0,Financial payment and loan services for the Medical Cannabis and…
Serif Health,Healthcare,US,,Early,0.0,13.0,2.0,Healthcare Price Transparency APIs and Data Products
Serinus Biosciences,Healthcare,US,,Early,0.0,6.0,2.0,Combinations therapy by rational design
Serna Bio,Healthcare,US,,Early,0.0,9.0,1.0,Genetic Medicine with Small Molecules 
Sero,B2B,US,,Early,0.0,2.0,2.0,Customer onboarding built for B2B SaaS
Serra,B2B,US,,Early,0.0,8.0,2.0,Your 24/7 AI Recruiter
Seva Coffee,Consumer,US,,Early,0.0,2.0,1.0,"We're changing the world of coffee, one personalized cup at a time."
SFA Therapeutics,Healthcare,US,,Early,0.0,4.0,3.0,Regulating the immune system to block cancer & autoimmune diseases
SFOX,Fintech,US,,Early,0.0,40.0,2.0,Crypto-currency trading platform.
Shadeform,B2B,Unknown,,Early,0.0,5.0,2.0,The GPU Cloud Marketplace
Shape,B2B,GB,,Early,0.0,4.0,1.0,Get data insights without writing SQL
Shaped,B2B,US,,Early,0.0,12.0,2.0,The fastest path to relevant recommendations and search
Shape (ShapeScale),Consumer,US,,Growth,0.0,7.0,2.0,ShapeScale is a personal 3D scanner and fitness tracker that…
SharpestMinds,B2B,CA,,Early,0.0,4.0,1.0,Peer-to-peer mentorships through income-share agreements.
Shasqi,Healthcare,US,,Growth,0.0,28.0,1.0,Targeting Cancer with Click Chemistry
Shasta Health,Healthcare,US,,Early,0.0,2.0,2.0,"Get physical therapy at home, covered by insurance"
Shef,Consumer,US,,Early,0.0,100.0,1.0,Shef is a Marketplace for Homemade Food
Shekel Mobility,Fintech,NG,,Early,0.0,18.0,3.0,B2B marketplace for Auto Dealers in Africa
Shelf,Fintech,IN,,Early,0.0,2.0,2.0,Neobank for Young Professionals in India
Shelf Engine,B2B,US,,Early,0.0,40.0,2.0,Transforms how grocery stores buy highly perishable foods.
Shepherd,Fintech,US,,Early,0.0,12.0,2.0,Modernizing insurance for commercial construction
Sherloq,B2B,IL,,Early,0.0,6.0,2.0,"One place for all your queries, directly on your SQL editor"
Shiboleth,B2B,Unknown,,Early,0.0,5.0,2.0,Shiboleth automates lending compliance for financial institutions…
Shield Bio,Healthcare,US,,Early,0.0,28.0,1.0,"Bringing 3rd generation, nanopore sequencing to healthcare to solve…"
Shift Health,Healthcare,US,,Early,0.0,6.0,1.0,Turn manual healthcare process into automated workflows
Shift Labs,Healthcare,US,,Early,0.0,6.0,1.0,"Makers of simple, affordable medical devices. Our award-winning…"
Shift Messenger,B2B,US,,Early,0.0,2.0,2.0,Real-time communication solution for retail and restaurant employees.
Shimmer,Healthcare,US,,Early,0.0,9.0,2.0,"1:1 ADHD coaching, 5-10X More affordable than alternatives"
Shinkei Systems,Industrials,US,,Early,0.0,28.0,1.0,"Robots for longer-lasting, better-tasting fish at scale."
Shiok Meats,Healthcare,SG,,Early,0.0,9.0,2.0,"Shiok Meats is a cell-based clean shrimp company, the first of its…"
Shipamax,B2B,GB,,Growth,0.0,32.0,2.0,"Simple, end-to-end automation for logistics orgs"
ShipBlu,B2B,EG,,Early,0.0,300.0,3.0,Amazon Level Logistics for eCommerce Companies in MENA.
ShipBob,B2B,US,,Early,0.0,1.0,2.0,Providing Amazon level logistics to e-commerce businesses. 
Shipmates,B2B,PH,,Early,0.0,12.0,2.0,Shipping platform for online merchants in the Philippines
Shipper,B2B,ID,,Growth,0.0,600.0,2.0,Southeast Asia’s e-commerce logistics and enablement platform
Shiru,Healthcare,US,,Early,0.0,4.0,1.0,Shiru leverages ML to create proteins to feed the world sustainably. 
Shogun,B2B,US,,Early,0.0,90.0,2.0,Shogun empowers brands to create exceptional ecommerce experience.
Shone,Industrials,US,,Early,0.0,8.0,2.0,Shone makes existing cargo ships autonomous through retrofit.
Shoobs,Consumer,GB,,Early,0.0,5.0,1.0,We help you find and book tickets to great entertainment events that…
Shoptiques,Consumer,US,,Growth,0.0,51.0,4.0,Shoptiques.com lets you shop the world's best local boutiques online.
Shopular,Consumer,US,,Growth,0.0,11.0,1.0,"Deals, Coupons & Cash Back for your favorite stores."
ShopWith,B2B,US,,Early,0.0,3.0,2.0,ShopWith is mobile QVC for GenZ.
Shor,Fintech,US,,Early,0.0,3.0,2.0,"The fastest, most affordable payroll for global teams"
Shortbread,Consumer,US,,Early,0.0,4.0,1.0,Read romance comics.
ShortLoop,B2B,IN,,Early,0.0,5.0,3.0,AI Phone Agents For Your Business
Short Story,Consumer,US,,Early,0.0,120.0,2.0,Modern ecommerce for petite women
Shotput,B2B,US,,Early,0.0,2.0,2.0,Shotput (S15) develops AI and robotics to completely automate…
Shout,Consumer,US,,Early,0.0,2.0,2.0,Real-Time Classifieds
Shoutfit,Consumer,US,,Early,0.0,3.0,1.0,
Shred Video,Consumer,US,,Early,0.0,2.0,2.0,Shred Video builds automated video & photo systems that allow…
Shuttle,B2B,GB,,Early,0.0,12.0,1.0,Build Backends. Fast.
Shuttle Central,Consumer,MX,,Early,0.0,28.0,3.0,Helping travel companies to sell transportation online
Siasto,B2B,US,,Early,0.0,2.0,2.0,"Siasto is a collaboration tool designed for SMBs who use Google Apps,…"
SID,B2B,Unknown,,Early,0.0,4.0,2.0,"Serverless RAG to connect AI to company, industry, or person-specific…"
Sidenote,B2B,US,,Early,0.0,3.0,3.0,"Meeting follow-up, automated"
Sieve,B2B,US,,Early,0.0,12.0,2.0,Video datasets for frontier AI
sieve,B2B,US,,Early,0.0,2.0,2.0,AI + human review to solve data cleaning - accessible via API or Excel
Sift,B2B,US,,Growth,0.0,0.0,1.0,The Leader in Digital Trust & Safety
Siftly,B2B,IN,,Early,0.0,2.0,2.0,Growth OS for your D2C brand
Siglo,Consumer,MX,,Early,0.0,20.0,2.0,Home Internet for urban Latin America
Sigma Genetics,Healthcare,US,,Early,0.0,2.0,3.0,Sigma Genetics is a biotechnology company that is building…
SigmaMind AI,B2B,IN,,Early,0.0,15.0,2.0,AI agent platform for Call Centers
SigmanticAI,B2B,US,,Early,0.0,2.0,2.0,The Cursor for Chip Design - Delivering Silicon-Ready Chip Designs…
SigmaOS,Consumer,GB,,Early,0.0,5.0,3.0,The new home for your internet 🏡
Signadot,B2B,US,,Early,0.0,8.0,2.0,Shift Left Testing for Microservices
Signatur Biosciences,Healthcare,GB,,Early,0.0,5.0,2.0,Simple tests for complex diseases.
SigNoz,B2B,US,,Early,0.0,26.0,2.0,Open source alternative to DataDog 
SigOpt,B2B,US,,Growth,0.0,23.0,1.0,SigOpt is an Optimization-as-a-Service platform that seamlessly tunes…
Silimate,B2B,US,,Early,0.0,4.0,2.0,The copilot for chip designers
SilkChart,B2B,US,,Early,0.0,8.0,1.0,AI Sales Assistant to increase playbook adoption and win more deals
Silogy,B2B,US,,Early,0.0,3.0,2.0,An AI-powered test and debug platform for chip developers
Silurian,Industrials,US,,Early,0.0,6.0,3.0,"Foundation models to simulate Earth, starting with weather."
Silver,Consumer,US,,Early,0.0,0.0,2.0,Low cost consumer device for toxin detection. 
Sim,B2B,Unknown,,Early,0.0,2.0,2.0,Open source platform to build AI agent workflows
Simbie AI,Healthcare,US,,Early,0.0,5.0,3.0,Clinically-intelligent AI Voice Agents for Healthcare
SimCare AI,Healthcare,US,,Early,0.0,6.0,2.0,Conversations with AI patients to scale healthcare training.
Simetrik,B2B,CO,,Early,0.0,350.0,2.0,No code enterprise SaaS for financial control automation.
Simmer,Consumer,US,,Early,0.0,2.0,2.0,We do reviews for dishes. Our app helps users find the very best…
Simmery,Consumer,US,,Early,0.0,0.0,1.0,
Simperium,B2B,US,,Early,0.0,2.0,2.0,Simplenote (simplenote.com) and the Simperium platform for syncing…
Simple AI,B2B,US,,Early,0.0,2.0,2.0,AI phone agents for enterprise
SimpleCitizen,Consumer,US,,Early,0.0,23.0,3.0,"From signup to citizenship, only SimpleCitizen guides applicants…"
SimpleHash,B2B,US,,Early,0.0,0.0,2.0,Multi-chain token data platform
SimpleLegal,B2B,US,,Growth,0.0,60.0,1.0,Legal Operations for corporate legal teams.
Simple Strips,Healthcare,US,,Early,0.0,2.0,1.0,Low-cost blood glucose test strips scanned with a smartphone camera…
Simplex,B2B,US,,Early,0.0,2.0,2.0,Production-grade web agents.
Simplify,Consumer,US,,Early,0.0,5.0,3.0,Helping a billion people build their dream career
Simplifyd Systems,B2B,NG,,Early,0.0,8.0,2.0,We deliver toll-free internet apps
SimplyInsured,Healthcare,US,,Growth,0.0,35.0,1.0,We sell health insurance to small businesses 100% online.
SimplyListed,Consumer,US,,Early,0.0,2.0,1.0,Sell your stuff.
SINAI,Industrials,US,,Early,0.0,50.0,2.0,Enterprise software to quantify cost-effective decarbonization…
SingleStore,B2B,US,,Early,0.0,150.0,2.0,"The cloud-native, operational database built for speed and scale."
Sinovia Technologies,Industrials,US,,Growth,0.0,7.0,2.0,Flexible printed OLED displays.
SiPhox Health,Healthcare,US,,Early,0.0,30.0,2.0,Wearable and At-Home protein monitoring with silicon photonic chips
Sira,B2B,US,,Early,0.0,0.0,2.0,AI Native Rippling for Deskless Workers
Sirdab,B2B,SA,,Early,0.0,0.0,2.0,Cloud warehousing & supply chain platform in MENA
Sirka,Healthcare,ID,,Early,0.0,9.0,2.0,Noom for Southeast Asia
SIRUM,Unspecified,US,,Early,0.0,15.0,3.0,SIRUM is a “match.com” for unused medicine. We connect institutional…
Sitenna,B2B,US,,Early,0.0,7.0,2.0,Compound B2B SaaS for modern infrastructure to deploy and manage sites
Sivo,Fintech,US,,Early,0.0,15.0,2.0,Debt as a service for companies to lend money to their users at scale.
Sixfold Bioscience,Healthcare,GB,,Early,0.0,27.0,2.0,Delivering RNA therapies.
Sixty,B2B,US,,Early,0.0,4.0,1.0,On demand web app help
Sixtyfour,B2B,US,,Early,0.0,3.0,2.0,AI Agents for Research
sizeless,B2B,US,,Early,0.0,3.0,2.0,Instant 3D Digital Twins for Smarter Real Estate.
Sketchbox,Consumer,US,,Early,0.0,20.0,2.0,Wordpress for AR & VR
SketchDeck,B2B,US,,Early,0.0,20.0,2.0,Operating system for creative agencies
Skill-lync,Education,IN,,Early,0.0,3000.0,2.0,Online engineering college for India. Learn technical skills & get…
Skillza,Education,AE,,Early,0.0,20.0,1.0,Skillza builds simple tools for teachers and schools in MEA
Skio,B2B,US,,Early,0.0,60.0,1.0,Subscriptions for Shopify
Skip,Consumer,US,,Growth,0.0,2.0,3.0,Electric scooters for reliable last-mile transportation.
Skope,B2B,US,,Early,0.0,2.0,2.0,The billing system for AI products
SkydropX,B2B,MX,,Early,0.0,320.0,2.0,Logistic Management System for E-commerce & Retail in Mexico. 
SkyLights,Consumer,US,,Early,0.0,5.0,1.0,Premium immersive cinematic VR entertainment for captive audiences
SkyLink,B2B,US,,Early,0.0,22.0,2.0,Travel Management Meets AI
Skypher,B2B,US,,Early,0.0,12.0,2.0,AI agent for Compliance Questionnaires Automation
Skyscrape,Industrials,US,,Early,0.0,3.0,1.0,Skyscrape makes temperature-responsive insulation
Skysheet,B2B,Unknown,,Early,0.0,2.0,2.0,Browser-based spreadsheet.
Skyvern,B2B,US,,Early,0.0,3.0,2.0,Open Source AI Agent to automate browser workflows via an API
Skyways,Industrials,US,,Early,0.0,23.0,1.0,Creating a new form of air transportation.
Slapdash,B2B,US,,Early,0.0,6.0,2.0,Work at the speed of thought
Slash,Fintech,US,,Early,0.0,35.0,2.0,Business banking that understands your industry's unique challenges
SlashAuth,B2B,US,,Early,0.0,3.0,2.0,The solution for fine-grained access control in web3
Slashy,B2B,US,,Early,0.0,3.0,3.0,AI Native Ops Layer for Business Workflows
Slauth.io,B2B,IL,,Early,0.0,4.0,3.0,The IAM Policy Copilot
Sleek,Fintech,CA,,Early,0.0,5.0,3.0,1-click checkout from every store on the internet + cashback rewards.
Sleep Reset,Healthcare,US,,Growth,0.0,8.0,1.0,Sleep Reset is a clinically proven CBT-i program for better sleep
Sliced Investing,Fintech,US,,Early,0.0,11.0,2.0,Crowdfunding for hedge funds
Slicker,Fintech,GB,,Early,0.0,2.0,2.0,Recover payment failures and maximize subscription Revenue
Slidely AI,B2B,Unknown,,Early,0.0,2.0,2.0,AI-powered PowerPoint add-in to make beautiful presentations faster.
SlidePay,Fintech,US,,Early,0.0,2.0,3.0,Banking and Payment Platform APIs. Exited October 2014.
Slik,B2B,US,,Early,0.0,2.0,2.0,Slik enables the long tail to use email outreach. 
Slingshot,Healthcare,US,,Early,0.0,4.0,2.0,Analyze medical records in seconds
Slinkset,Consumer,US,,Early,0.0,2.0,2.0,Votable lists
Slite,B2B,DE,,Growth,0.0,40.0,1.0,Team documentation removing the pain of maintaining and finding info
Slope,Fintech,US,,Early,0.0,16.0,2.0,The B2B Payments Platform 
Smarking,B2B,US,,Early,0.0,17.0,2.0,Digitize $655B parking industry
Smart Alto,Real Estate and Construction,US,,Early,0.0,8.0,3.0,Easiest way to set appointments with real estate leads  
SmartAsset,Fintech,US,,Early,0.0,210.0,1.0,Marketplace connecting consumers to financial advisors
Smartcuts,B2B,US,,Early,0.0,3.0,1.0,Chrome extension to turn clicks & keystrokes into no-code automations
SmartHelio,B2B,CH,,Early,0.0,12.0,2.0,Software to prevent downtime in a solar plant
SmartPath,Fintech,US,,Growth,0.0,16.0,1.0,Financial wellness for the middle class
Smobi,B2B,US,,Early,0.0,4.0,1.0,Send texts your customers actually want over RCS
Smyte,B2B,US,,Growth,0.0,11.0,3.0,Smyte stops bad actors on social networks and marketplaces.
SNAB,Fintech,ES,,Early,0.0,6.0,2.0,A global finance automation platform for complex multi-entity…
Snackpass,Consumer,US,,Early,0.0,38.0,2.0,Order ahead at restaurants and get rewards with friends.
Snapboard,B2B,GB,,Early,0.0,2.0,1.0,
SnapCalorie,Consumer,US,,Early,0.0,5.0,2.0,Single photo nutrition tracking.
Snapdocs,Real Estate and Construction,US,,Growth,0.0,285.0,1.0,digital mortgage closing
Snapjoy,Consumer,US,,Early,0.0,11.0,2.0,Photo library.
SnapMagic,B2B,US,,Early,0.0,32.0,1.0,AI copilot for electronics design
Snappr,B2B,US,,Early,0.0,240.0,1.0,Snappr is the one-stop-shop for visual content creation
Snaptalent,B2B,US,,Early,0.0,2.0,1.0,
SnapTrade,Fintech,CA,,Early,0.0,17.0,2.0,Plaid for trading
Snazzy,Healthcare,IN,,Early,0.0,40.0,2.0,Making clear aligners accessible and affordable in India
Snipd,B2B,US,,Early,0.0,2.0,1.0,
Snipshot,Consumer,Unknown,,Growth,0.0,0.0,2.0,We sold Snipshot to Ansa in 2013.
Snowpilot,B2B,US,,Early,0.0,2.0,1.0,The connected spreadsheet that destroys data silos
Socialbrowse,Consumer,Unknown,,Early,0.0,2.0,1.0,
Socialcam,Consumer,US,,Early,0.0,0.0,3.0,The easiest way to share videos with friends and family. 
Social Construct,Real Estate and Construction,US,,Growth,0.0,17.0,1.0,Social Construct designs and assembles large apartment buildings…
Socialmoth,Consumer,US,,Early,0.0,2.0,1.0,
SocialPicks,Consumer,US,,Early,0.0,2.0,2.0,SocialPicks was a platform where stock investors could exchange…
SockSoho,Consumer,US,,Early,0.0,22.0,2.0,Building world's largest men fashion brand powered by technology
Socratix AI,B2B,Unknown,,Early,0.0,2.0,2.0,AI coworkers for fraud and risk teams.
Soff,B2B,US,,Early,0.0,3.0,1.0,Supply Chain OS for manufacturing companies.
Sohar Health,Healthcare,US,,Early,0.0,8.0,2.0,AI-powered insurance verification to boost patient conversion.
SOL,B2B,US,,Early,0.0,3.0,3.0,Your AI Personal Assistant for daily focus
Sola,B2B,US,,Early,0.0,5.0,2.0,Copilot for Robotic Process Automation
SolarMente,Consumer,ES,,Early,0.0,65.0,2.0,Home electrification at $0 upfront cost
Solidroad,B2B,US,,Early,0.0,6.0,2.0,"AI agents for CX teams, starting with training and QA."
SolidStage,B2B,Unknown,,Early,0.0,0.0,2.0,"Sysadmin as a service. We make deploying, configuring, monitoring,…"
Solo,Fintech,US,,Early,0.0,25.0,1.0,We help people resolve debt.
SolStar,Consumer,US,,Early,0.0,2.0,1.0,Buy and send crypto to friends on Discord.
Solugen,Healthcare,US,,Early,0.0,200.0,2.0,Decarbonizing the chemicals industry.
Solum Health,Healthcare,Unknown,,Early,0.0,3.0,1.0,AI Automation for Therapy Practices
Solva,Fintech,Unknown,,Early,0.0,6.0,3.0,Automates insurance claims and stops incorrect payouts
Solve,Consumer,US,,Early,0.0,2.0,1.0,"We save travelers hours by meeting them at their arrival gate,…"
Solve Intelligence,B2B,Unknown,,Early,0.0,18.0,3.0,"AI patent drafting, prosecution, harvesting and more for legal teams."
SOMATIC,Industrials,Unknown,,Early,0.0,31.0,2.0,Bathroom cleaning robots for office buildings. 
Somos,Real Estate and Construction,CO,,Early,0.0,250.0,1.0,Internet for the urban developing world.
Sonar,Consumer,US,,Early,0.0,4.0,3.0,Minecraft meets Discord
Sonauto,Consumer,Unknown,,Early,0.0,4.0,2.0,Create hit songs with AI
Songkick,Consumer,GB,,Early,0.0,11.0,3.0,
Sonia,Healthcare,US,,Early,0.0,5.0,3.0,AI Therapy
Sonnet,B2B,US,,Early,0.0,7.0,2.0,"Meeting notes and CRM, automated"
Soomgo,Consumer,KR,,Early,0.0,125.0,1.0,Local services marketplace that connects providers with new customers
Soon,Fintech,US,,Early,0.0,4.0,1.0,"Automated sweep account, invest without the stress of speculating"
Sophys,Healthcare,US,,Early,0.0,1.0,1.0,AI Agents for Healthcare Intake
Soraban,B2B,US,,Early,0.0,50.0,1.0,AI assistant for accounting firms 
Sorcerer,Industrials,US,,Early,0.0,4.0,3.0,Building a nervous system for the atmosphere
Sorted,B2B,DK,,Early,0.0,2.0,2.0,Instant SaaS management
Sorting Robotics,B2B,US,,Early,0.0,12.0,2.0,We create automation technology for the cannabis industry.
Soteris,Fintech,US,,Early,0.0,4.0,1.0,We write ML software to more accurately select & price insurance risk.
SOTERI SKIN,Consumer,US,,Early,0.0,2.0,1.0,D2C Skincare for Eczema
Souffle Club,Consumer,US,,Early,0.0,3.0,2.0,Souffle Club:10x better LinkedIn alternative with profiles >> resumes
SOUNDBOKS,Consumer,DK,,Early,0.0,50.0,2.0,We're creating the loudest battery-driven speaker on the market
SoundFocus,Healthcare,US,,Early,0.0,2.0,1.0,We are giving you 20/20 hearing when listening to the devices you…
Soundry AI,Consumer,US,,Early,0.0,3.0,3.0,Professional Quality AI Music Creation
SourceBeacon,Consumer,Unknown,,Early,0.0,5.0,1.0,SourceBeacon is an on-demand procurement concierge for sourcing…
SourceDNA,B2B,US,,Early,0.0,6.0,1.0,Bringing transparency to the app stores and helping developers build…
Sourcepulse,B2B,FR,,Early,0.0,1.0,1.0,Fix your biggest software delays with real developer feedback
Sourceress,B2B,US,,Early,0.0,35.0,2.0,
Sourcify,B2B,US,,Early,0.0,15.0,1.0,Sourcify helps brands manufacture products in Asia.
Soylent,Consumer,US,,Growth,0.0,51.0,5.0,"Soylent is a simple, nutritious, and affordable food that possesses…"
Spaceium Inc,Industrials,Unknown,,Early,0.0,0.0,2.0,In-Space Refueling
SpaceRyde,Industrials,CA,,Early,0.0,33.0,1.0,The Rocket Network: Sustainable & On-Demand Delivery Anywhere in Space
Spaces Life,Real Estate and Construction,Unknown,,Early,0.0,0.0,2.0,
Spade,B2B,US,,Early,0.0,13.0,2.0,Enriched transaction data you can build on
SpadeWorks,B2B,US,,Early,0.0,13.0,1.0,AI agents that turn every call into revenue for trade businesses
Spark,B2B,Unknown,,Early,0.0,3.0,1.0,AI-powered workflows for large-scale clean energy
SparkGift,Fintech,US,,Early,0.0,2.0,2.0,SparkGift makes it easy to send stocks and index funds as gifts to…
Spark Studio,Education,IN,,Early,0.0,27.0,4.0,The most magical personal Voice-Led AI English Learning Buddy for Kids
SPATE,B2B,US,,Early,0.0,15.0,2.0,Trends prediction for marketers
Speak,Consumer,US,,Early,0.0,40.0,2.0,"A superhuman, AI-powered language tutor in your pocket"
SpecCheck,B2B,US,,Early,0.0,5.0,2.0,Unifying how the optical industry does business.
Speck,B2B,US,,Early,0.0,2.0,1.0,Ambient Agent for Your Computer
Spect,Healthcare,US,,Early,0.0,7.0,1.0,Value-based retinal screening in primary care to prevent blindness. 
Speechly,B2B,FI,,Early,0.0,10.0,2.0,Natural Language Understanding API for Speech that runs on device
Speedscale,B2B,US,,Early,0.0,8.0,3.0,Accelerate development by simulating production conditions with real…
Speedy Labs,B2B,Unknown,,Early,0.0,8.0,3.0,Maximize profits with AI-powered rebate management.
Spellbrush,Consumer,US,,Early,0.0,28.0,3.0,Making Anime Real
Spenmo,Fintech,SG,,Early,0.0,200.0,2.0,"A spend management software that provides businesses visibility,…"
Spenny,Fintech,IN,,Early,0.0,2.0,2.0,Acorns for India. Every time you swipe you make a digital…
Spero Foods,Healthcare,US,,Growth,0.0,0.0,1.0,dairy reinvented from plants
Sphere,B2B,US,,Early,0.0,7.0,1.0,"AI-powered sales tax, VAT and GST compliance"
Spherecast,B2B,Unknown,,Early,0.0,5.0,3.0,AI Supply Chain Manager for Ecommerce
Sphere Secure Workspace,B2B,GB,,Early,0.0,2.0,2.0,
Sphinx,Fintech,Unknown,,Early,0.0,7.0,2.0,AI Compliance Analysts for Banks & Fintechs
Spice Data,B2B,US,,Early,0.0,0.0,1.0,Restaurant Data for the Enterprise
Spinach AI,B2B,US,,Early,0.0,5.0,3.0,Meetings Powered by AI
Spine AI,Fintech,US,,Early,0.0,5.0,2.0,Iterative research reports you can actually use.
Spiral Genetics,Healthcare,US,,Early,0.0,7.0,1.0,Large Scale Genomic Data Mining Software
Spire Health,Healthcare,US,,Early,0.0,52.0,1.0,Remote patient monitoring for lung disease patients.
Spire Law,B2B,US,,Early,0.0,10.0,1.0,Tech enabled business and employment litigation law firm.
Splash Inc.,Industrials,US,,Early,0.0,6.0,2.0,Autonomous patrol-boats for National Security 
Splashup,Consumer,Unknown,,Early,0.0,2.0,1.0,
Splendor,B2B,US,,Early,0.0,1.0,1.0,We make dealing with insurance less annoying.
Spline,B2B,US,,Early,0.0,25.0,1.0,Design and collaborate in multiple dimensions.
Spoil,Consumer,US,,Early,0.0,2.0,3.0,Spoil is gifting for the Snapchat generation.
Spoken,Consumer,US,,Early,0.0,7.0,2.0,Never overpay online
Spokn,B2B,US,,Early,0.0,20.0,2.0,AI-powered video platform for Internal Comms and HR teams 
Spongecake,B2B,US,,Early,0.0,2.0,2.0,Helping developers build computer use agents
SpoonRocket,Consumer,US,,Early,0.0,51.0,2.0,Meals Delivered in 10 Minutes
SpotAngels,Consumer,US,,Early,0.0,11.0,2.0,Waze for parking
Spot Health,Healthcare,US,,Early,0.0,9.0,1.0,At-home diagnostics as a service
spotLESS Materials,Industrials,US,,Early,0.0,6.0,2.0,Repellent coatings without PFAS
Spotlight Realty,Real Estate and Construction,US,,Early,0.0,4.0,3.0,AI powered brokerage reducing residential rental commissions in NYC…
Spott,B2B,Unknown,,Early,0.0,11.0,3.0,AI-native ATS/CRM for recruiting firms
Spring in Africa,Fintech,Unknown,,Early,0.0,0.0,1.0,Investing in innovation 
SpringWit,Healthcare,Unknown,,Early,0.0,0.0,1.0,Brain health and awareness
SprintAI,B2B,IN,,Early,0.0,10.0,2.0,AI-led platform for inventory and fulfillment optimization
Sprites,B2B,US,,Early,0.0,5.0,1.0,"The AI marketing agent for entrepreneurs, agencies and growth teams"
Sproutfi,Fintech,BR,,Early,0.0,17.0,2.0,Latin Americas' first investing social network.  Learn. Share. Invest.
SpruceID,Government,US,,Early,0.0,25.0,2.0,SpruceID lets users control their data across the web.
SPRX,B2B,Unknown,,Early,0.0,32.0,1.0,AI for corporate R&D tax credits
Spur,B2B,US,,Early,0.0,6.0,2.0,Spur is your AI QA Engineer. Test your websites with natural language.
Sqreen,B2B,US,,Growth,0.0,120.0,2.0,Sqreen is the application security platform for the modern enterprise
Squad,Consumer,US,,Early,0.0,10.0,1.0,Squad is an app for live communities to have shared experiences…
Squire.ai,B2B,US,,Early,0.0,8.0,3.0,Never code alone.
Squire Technologies,Consumer,US,,Early,0.0,150.0,2.0,Platform to grow your barbershop and maximize profitability.
SRE.ai,B2B,US,,Early,0.0,5.0,2.0,AI DevOps Agents
SRTX,Industrials,CA,,Early,0.0,150.0,1.0,Powering a better future for textiles.
SST,B2B,CA,,Early,0.0,3.0,2.0,For whatever you build.
Stable,B2B,US,,Early,0.0,30.0,2.0,A virtual address + mailbox for business
Stably AI,B2B,US,,Early,0.0,8.0,2.0,"AI Testing that Writes, Runs & Maintains Tests for Every PR & Release"
StackAI,B2B,US,,Early,0.0,21.0,2.0,AI Agents for the Enterprise
Stack Auth,B2B,Unknown,,Early,0.0,3.0,2.0,The open-source Auth0 alternative
Stacker,B2B,GB,,Growth,0.0,7.0,2.0,Turns spreadsheets into internal apps and customer portals
StackLead,B2B,US,,Early,0.0,2.0,2.0,Lead intelligence as a service. We want to be your personal lead…
StackMachine,B2B,US,,Early,0.0,2.0,2.0,Instant sandboxed server environments
Stackq,B2B,Unknown,,Early,0.0,0.0,2.0,
Stackshine,B2B,US,,Early,0.0,7.0,1.0,Automating all IT operations
Stacksi,B2B,US,,Early,0.0,4.0,2.0,Automated Answers to Security Questionnaires
Stacksync,B2B,US,,Early,0.0,9.0,2.0,Real-time and two-way sync between CRMs and Databases
Stackup,B2B,US,,Early,0.0,4.0,2.0,Stackup helps businesses manage their crypto assets.
StafBook,B2B,ID,,Early,0.0,11.0,2.0,Rippling for Southeast Asia
Superwall,B2B,US,,Early,0.0,10.0,2.0,Remotely configure every aspect of your mobile app's paywall
stagewise,B2B,Unknown,,Early,0.0,2.0,2.0,The frontend coding agent for real codebases.
Stairs Financial,Fintech,US,,Early,0.0,0.0,2.0,Find a home you can actually afford
Stamp,B2B,Unknown,,Early,0.0,1.0,1.0,The AI Native Email Client
Standard AI,B2B,US,,Growth,0.0,150.0,4.0,AI-powered checkout for retail.
Standard Cyborg,Healthcare,US,,Early,0.0,9.0,1.0,"Buid, test and deploy perception applications"
Standard Treasury,Fintech,US,,Early,0.0,0.0,3.0,Banking APIs; acquired by Silicon Valley Bank in August 2015
Starcity,Real Estate and Construction,US,,Growth,0.0,0.0,4.0,Starcity was one of the largest co-living brands. Exit to Common in…
Starcloud,Industrials,US,,Early,0.0,12.0,3.0,Data centers in space
Stardex,B2B,US,,Early,0.0,2.0,2.0,AI native autonomous ATS + CRM for recruiting firms
Stardrift,Consumer,US,,Early,0.0,1.0,1.0,Your AI Travel Agent
StarJar,B2B,Unknown,,Early,0.0,11.0,2.0,Starjar automates inbound document processing workflows for hospitals
STARK BANK,Fintech,BR,,Early,0.0,70.0,1.0,Challenger bank for enterprises
Starlight Charging,Industrials,US,,Early,0.0,3.0,1.0,Ultra-low-cost EV charging for condos and apartments
Starling,Healthcare,US,,Early,0.0,5.0,2.0,AI enabling digital urine diagnostics in the home
Starsky Robotics,Industrials,US,,Growth,0.0,11.0,1.0,"Driverless Trucks, for real."
StarSling,B2B,US,,Early,0.0,2.0,2.0,Cursor for DevOps
Start Closing,Real Estate and Construction,US,,Early,0.0,2.0,1.0,Start Closing is changing the way homeowners and contractors interact…
StartPlaying.Games,Consumer,US,,Early,0.0,6.0,1.0,Building Communities Through Play
Station,B2B,FR,,Early,0.0,9.0,1.0,Your team’s automated knowledge base
Statiq.,Industrials,IN,,Early,0.0,200.0,2.0,India's Largest EV charging network
Status,Consumer,US,,Early,0.0,6.0,2.0,Sims but Social Media
StatusPage,B2B,US,,Early,0.0,0.0,3.0,The best way to communicate with users around downtime.
Statwing,B2B,US,,Early,0.0,2.0,2.0,Dead simple statistical analysis software. Like R or SPSS but easy to…
Stayflexi,B2B,US,,Early,0.0,43.0,3.0,Operating System for Hotels and Vacation Rentals
StayQrious,Education,IN,,Early,0.0,29.0,3.0,"StayQrious helps kids in India learn through online group classes,…"
Stealth Worker,B2B,US,,Early,0.0,5.0,1.0,"Information Security (Cyber Security), Compliance and Privacy (GDPR &…"
Steinmetz,Industrials,US,,Early,0.0,2.0,2.0,Hardware for Electric Vehicles.
Stellar,B2B,US,,Early,0.0,3.0,3.0,AI-powered business goals
Stellar Sleep,Healthcare,Unknown,,Early,0.0,5.0,2.0,"We help people with chronic insomnia sleep better, using psychology."
Stellon Labs,B2B,US,,Early,0.0,2.0,2.0,Building tiny frontier AI models that run on edge devices
Stempad,B2B,Unknown,,Early,0.0,1.0,1.0,Notion for science
The Supplant Company,Consumer,GB,,Early,0.0,15.0,2.0,A brand-new blend of sugars – made from plant fiber!
Stepful,Education,US,,Early,0.0,45.0,2.0,Online Training for Healthcare Jobs
"Sterling Labs, Inc",Consumer,US,,Early,0.0,2.0,2.0,Currently in stealth - previously FocusBuddy
Stewdio,Consumer,US,,Early,0.0,2.0,2.0,All-in-one AI creative platform
Stilt,Fintech,US,,Early,0.0,35.0,2.0,Financial products for immigrants (acquired by JG Wentworth)
Stipop,Consumer,US,,Early,0.0,8.0,2.0,Monetization platform for character creators
Stitch Health,Healthcare,US,,Growth,0.0,2.0,2.0,Care Coordination Platform for Healthcare
Stitch Technologies,B2B,GB,,Early,0.0,0.0,2.0,-
Stockline,B2B,US,,Early,0.0,2.0,2.0,AI-native ERP for food wholesalers
Stock Unlock,Fintech,US,,Early,0.0,6.0,2.0,Web-app | investment education and analysis tools for retail investors
stoic.,Healthcare,PL,,Early,0.0,9.0,1.0,Stoic helps people feel better and take care of their mental health.
Stoke Space,Industrials,US,,Early,0.0,85.0,2.0,"We’re on a mission, and it starts with 100% reusable rockets."
Storia AI,B2B,US,,Early,0.0,2.0,1.0,Open source AI copilot that knows your company's code and its context
Stormy AI,B2B,US,,Early,0.0,5.0,1.0,Al platform that makes social marketing as easy as running a Google…
Storyboard,Consumer,US,,Early,0.0,2.0,1.0,Social media management tool for Instagram and Snapchat
Storyboarder,Consumer,US,,Early,0.0,2.0,2.0,Tool and platform to create and sell webcomics
Storylane,B2B,US,,Early,0.0,40.0,2.0,Build Interactive Product Demo in 10 mins for SaaS companies
Storyline,B2B,GB,,Early,0.0,3.0,2.0,Create Alexa Skills without coding
Storyworth,Consumer,US,,Early,0.0,13.0,1.0,Record your family stories and print them in beautiful keepsake books.
Stownest,Consumer,IN,,Early,0.0,80.0,4.0,"Flexible On-Demand Storage Space for Household, SMEs & Travellers."
Strac,B2B,US,,Early,0.0,8.0,1.0,"Data Discovery, DLP, DSPM for SaaS, Cloud, Gen AI & Endpoints"
Strada,B2B,US,,Early,0.0,6.0,2.0,Phone AI agents for insurance
Stralis Aircraft,Industrials,AU,,Early,0.0,4.0,2.0,Emission free hydrogen electric aircraft
stratify,B2B,US,,Early,0.0,2.0,2.0,AI agents that help you understand your customers' needs
StratumAI,Industrials,CA,,Early,0.0,5.0,1.0,AI that tells mining companies where to mine to maximize profits
Streak,B2B,Unknown,,Early,0.0,35.0,1.0,Streak transforms Gmail into a powerful CRM
Stream,Fintech,US,,Early,0.0,15.0,2.0,AI-Powered Medical Document Review for Workers' Comp
Streamdal,B2B,US,,Early,0.0,9.0,2.0,Data Quality & Playback Platform
Streamup,Consumer,US,,Early,0.0,2.0,1.0,Streamup is a live streaming community for music. We make it fun and…
Streem,Consumer,US,,Early,0.0,4.0,3.0,Acquired by Box in June 2014. We built: (1) a native win/mac…
StrideQ,B2B,US,,Early,0.0,2.0,2.0,Automated phone ordering system for restaurants
Striga,Fintech,EE,,Early,0.0,14.0,1.0,Compliant Crypto and Banking Infrastructure
Strike,Consumer,US,,Early,0.0,3.0,3.0,A new prediction market for businesses
Strikingly,B2B,CN,,Growth,0.0,99.0,3.0,"The easiest way to create a beautiful, mobile optimized website."
Stripe,Fintech,US,,Growth,0.0,7000.0,2.0,Economic infrastructure for the internet.
Strive Math,Education,SG,,Early,0.0,13.0,1.0,Online Coding School for Kids 8-16
Strive School,Education,DE,,Early,0.0,5.0,2.0,Training the next generation of software engineers in Europe 🇪🇺
Strong Compute,B2B,AU,,Early,0.0,8.0,1.0,10x-1000x faster compute for Neural Network training
StrongIntro,B2B,US,,Early,0.0,2.0,1.0,StrongIntro helps recruiters turn their entire company into a source…
Struct,B2B,Unknown,,Early,0.0,3.0,2.0,Multi-lingual AI Voice Agents
Studdy,Education,US,,Early,0.0,4.0,1.0,An AI math tutor for every student
Study Edge,Education,US,,Early,0.0,50.0,1.0,"Middle school to college education through web, mobile, and VR"
StudyStream,Education,GB,,Early,0.0,8.0,2.0,24/7 video platform & online community for students to study together
Sturdy,Fintech,Unknown,,Early,0.0,11.0,1.0,DeFi protocol for permissionless lending
StyleBee,Consumer,US,,Early,0.0,11.0,1.0,marketplace for beauty services delivered at the convenience of…
StyleUp,Consumer,US,,Early,0.0,2.0,1.0,"StyleUp brings effortless joy to getting dressed with daily,…"
Stypi,B2B,US,,Early,0.0,2.0,2.0,Realtime collaborative coding
SubImage,B2B,Unknown,,Early,0.0,2.0,2.0,Software that maps your infrastructure. Open core alternative to Wiz
Sublime Black,B2B,Unknown,,Early,0.0,0.0,2.0,Automating Cyber Security Incident Response Through Artificial…
Sublingual,B2B,US,,Early,0.0,2.0,2.0,Daily productivity tracker
Submittable,B2B,US,,Growth,0.0,165.0,3.0,"The best way to launch, manage and measure social impact programs"
SubscriptionFlow,B2B,US,,Early,0.0,9.0,1.0,AI based Customizable Subscription & Revenue Management Platform
Subsets,B2B,DK,,Early,0.0,7.0,3.0,AI-driven Retention Automation for subscription media businesses.
Substack,B2B,US,,Early,0.0,90.0,3.0,A place for independent writing.
Substrate,B2B,Unknown,,Early,0.0,2.0,2.0,Artificial Intelligence for your medical billing team
Subtrace,B2B,US,,Early,0.0,2.0,2.0,Zero code network tracer
Sudden Coffee,Consumer,US,,Early,0.0,2.0,1.0,Crystallized coffee that's better than fresh Starbucks
sudocode,B2B,US,,Early,0.0,2.0,2.0,code in plain english
Suger,B2B,US,,Early,0.0,50.0,2.0,"Salesforce for Cloud marketplaces on AWS, Azure, GCP"
Suggestr,B2B,SG,,Early,0.0,2.0,2.0,Amazon-level personalization for Shopify merchants
Suiteness,Consumer,US,,Early,0.0,7.0,2.0,Book guaranteed connecting rooms and suites at hotels
Sully.ai,B2B,US,,Early,0.0,12.0,2.0,AI Medical Employees for Healthcare
SunFarmer,Industrials,NP,,Early,0.0,15.0,2.0,Reliable and affordable solar energy in developing countries.
Sunflower,Consumer,US,,Early,0.0,10.0,1.0,"A ""Duolingo for addiction"" with a tele-therapy clinic inside. 🌻"
Sunfolding,Industrials,US,,Growth,0.0,44.0,1.0,Sunfolding builds next generation infrastructure for solar farms.  By…
Sunlight,Fintech,US,,Early,0.0,6.0,3.0,The Universal Card-On-File API
Sunpia,B2B,US,,Early,0.0,3.0,3.0,Deploy serverless without rewriting code
Sunsama,B2B,US,,Early,0.0,7.0,2.0,Daily planner for busy professionals
Sunset,Fintech,Unknown,,Early,0.0,2.0,2.0,Find and move money after a death
Sunu,Consumer,MX,,Early,0.0,11.0,3.0,Audio and Haptics AR interface equipping blind users with super powers
Supabase,B2B,US,,Early,0.0,120.0,2.0,Build in a weekend. Scale to millions.
Super,Consumer,ID,,Growth,0.0,1037.0,2.0,Super is the first and leading Indonesian social commerce platform 
Superagent,B2B,US,,Early,0.0,2.0,2.0,"The AI firewall — stop attacks, leaks, and model abuse"
SuperAPI,B2B,IN,,Early,0.0,2.0,1.0,Programmable API gateway that makes APIs cacheable
Superb AI,B2B,US,,Early,0.0,65.0,4.0,Superb AI provides end-to-end computer vision MLOps platform
Superbar,B2B,CA,,Early,0.0,3.0,1.0,Search & Answers Superbar for E-Commerce
supercontrast,B2B,US,,Early,0.0,2.0,2.0,AI Co-Pilot for Design
SuperCraft,B2B,US,,Early,0.0,3.0,1.0,Figma for designing physical products
superglue,B2B,US,,Early,0.0,2.0,2.0,Workflow automation engine
SuperKalam,Education,IN,,Early,0.0,20.0,2.0,AI-Powered Super Mentor for Test Prep
Supermedium,Consumer,US,,Early,0.0,2.0,1.0,VR space of immersive utilities
Supernova,B2B,CZ,,Early,0.0,20.0,2.0,Design system platform joins developers and designers together
Superorder,B2B,US,,Early,0.0,30.0,1.0,AI customer reputation & performance management for restaurant chains.
Superpowered AI,B2B,US,,Early,0.0,4.0,4.0,API for Retrieval Augmented Generation
Super Send,B2B,US,,Early,0.0,8.0,2.0,"Super Send automates personalized outreach across email, LinkedIn,…"
Superside,B2B,NO,,Early,0.0,750.0,1.0,Creative-as-a-service
SuperTokens,B2B,US,,Early,0.0,10.0,1.0,Open source alternative to Auth0 / AWS Cognito / Firebase Auth
Supertone,Consumer,US,,Early,0.0,3.0,3.0,Share sounds with other musicians online
Superunit,B2B,US,,Early,0.0,2.0,2.0,"Faster, more profitable background checks with AI"
Suplias,Fintech,NG,,Early,0.0,9.0,2.0,We enable FMCG distributors in Africa buy inventory on credit
Supr Daily,Consumer,IN,,Early,0.0,0.0,2.0,Daily grocery delivery service in India
SureBright,B2B,US,,Early,0.0,20.0,2.0,Apple Care-like warranty program for every retailer 
Sureform,B2B,US,,Early,0.0,2.0,1.0,"Commercial insurance brokerage, powered by AI"
Surematics,Fintech,US,,Early,0.0,2.0,1.0,We help commercial insurance brokers structure complicated…
SuretyNow,Fintech,US,,Early,0.0,4.0,2.0,The Modern Surety Bond Platform
Surface Labs,B2B,US,,Early,0.0,6.0,2.0,AI conversion engine for B2B websites -- just add 1 line of code
Surge,B2B,US,,Early,0.0,2.0,2.0,Stripe for telephony
Svbtle,Consumer,US,,Early,0.0,2.0,1.0,A publishing platform.
Svix,B2B,US,,Early,0.0,12.0,1.0,"Enterprise ready webhooks service, open-source and in the cloud"
Swadesh,Fintech,US,,Early,0.0,10.0,1.0,"We setup Immigrants with a free US Bank Account, Credit Card, SIM…"
Swadesi Way,Consumer,IN,,Early,0.0,9.0,2.0,Healthy organic food that creates a positive impact
Swapbox,Consumer,US,,Early,0.0,2.0,2.0,Stop missing deliveries. Ship to Swapbox and pick up at our kiosks.
Swayable,B2B,US,,Early,0.0,30.0,1.0,Swayable predicts consumer opinion and the impact of content
Sway Finance,B2B,US,,Early,0.0,2.0,2.0,Sway is bringing AI to the accounting industry
Sweep,B2B,US,,Early,0.0,4.0,2.0,The best AI coding assistant for JetBrains
Sweetspot,B2B,Unknown,,Early,0.0,10.0,3.0,AI for Government Contracting.
Swerve,Consumer,US,,Early,0.0,2.0,2.0,Make & Watch Fun Videos
Swif.ai,B2B,US,,Early,0.0,10.0,1.0,Swif.ai: multi-OS device compliance & security with Shadow IT/AI…
Swift,Fintech,US,,Early,0.0,2.0,2.0,Embedded finance for online merchants
SwiftSku,B2B,US,,Early,0.0,35.0,2.0,Management and analytics software for convenience stores
Swiftype,B2B,US,,Early,0.0,50.0,1.0,Smart search for the modern team.
Swipe,B2B,IN,,Early,0.0,65.0,2.0,Super AI Accountant for SMBs
Swipehouse,Consumer,US,,Early,0.0,5.0,1.0,Meet other creators. Get daily matches. Find brand deals.
Swipe Technologies,Fintech,GH,,Early,0.0,20.0,1.0,"Building modern payments, accounting and cashflow management tools…"
Swish,B2B,US,,Early,0.0,2.0,1.0,Kickstarter for physical products.  Shop exclusive product launches.
Swishjam,B2B,US,,Early,0.0,2.0,2.0,All-in-one digital analytics for SaaS companies
Switchboard,B2B,CA,,Early,0.0,24.0,1.0,Technology for Trucking
Sycamore,B2B,Unknown,,Early,0.0,2.0,2.0,Marketplace for companies to add a delivery driver in 5 minutes.
Sygaldry Technologies,Industrials,Unknown,,Early,0.0,0.0,2.0,quantum-accelerated AI servers
Symphony,B2B,US,,Early,0.0,2.0,2.0,Voice AI sims for next-gen employee training
Symple,B2B,US,,Early,0.0,11.0,1.0,Last mile logistics for delivery & service teams. We bring real-time…
Symplex,B2B,US,,Early,0.0,8.0,2.0,Applied Reinforcement Learning Research Laboratory
Synapsica Healthcare,Healthcare,IN,,Growth,0.0,30.0,4.0,AI-enabled automation of diagnostic radiology workflow and reporting.
Synapticure,Healthcare,US,,Early,0.0,35.0,3.0,We deliver personalized medicine for neurodegenerative  patients
sync.,B2B,US,,Early,0.0,13.0,4.0,AI lipsync tool for video content creators
Synch,B2B,US,,Early,0.0,4.0,1.0,Supercharging Sales
Syncly,B2B,US,,Early,0.0,9.0,3.0,AI to auto-analyze all your customer communications
Syncro,B2B,US,,Early,0.0,1.0,1.0,Zapier for scaling high-touch talent management
Synder,B2B,US,,Early,0.0,0.0,2.0,Easy accounting for e-commerce
Synkrino Biotherapeutics,Healthcare,US,,Early,0.0,2.0,2.0,"Synkrino's AI, SATIS is a powerful, unbiased discovery system for…"
Synnax,B2B,Unknown,,Early,0.0,3.0,3.0,Unified Hardware Control and Data Processing Software
SynsoryBio,Healthcare,US,,Early,0.0,2.0,2.0,"""If-then"" conditional logic for protein drugs"
Synth,B2B,US,,Early,0.0,2.0,1.0,We build Research Engineering Agents
SyntheticFi,Fintech,Unknown,,Early,0.0,10.0,1.0,Low cost securities-backed lending for financial advisors and HNWI
Warpdrive by Synthetic Minds,B2B,US,,Early,0.0,7.0,1.0,From screen recordings to desktop automations using program synthesis
Synthetic Society,B2B,US,,Early,0.0,2.0,2.0,Synthetic Users to Simulate Real Users
SynthioLabs,Healthcare,US,,Early,0.0,6.0,3.0,AI-Powered Customer Engagement for Life Sciences
Syntra,Healthcare,US,,Early,0.0,7.0,2.0,Real-time AI audits of medical charts and charges.
Synvivia,Healthcare,US,,Early,0.0,4.0,1.0,Synvivia applies chemical control over cell behavior
Syrona Health,Healthcare,GB,,Early,0.0,6.0,2.0,Women's Health insurance
Sytex,B2B,AR,,Early,0.0,22.0,4.0,Project management platform for Field Infrastructure.
T3 Chat,Consumer,US,,Early,0.0,2.0,2.0,The best AI chat you've ever used
Taali Inc,Consumer,US,,Early,0.0,0.0,2.0,Taali is creating popcorn 2.0 from popped water lily seeds
Tab,Consumer,GB,,Early,0.0,9.0,1.0,"Revolutionising the way travellers discover, plan and book a trip"
TableFlow,B2B,US,,Early,0.0,2.0,2.0,AI Document Processing
Tablevibe,B2B,SG,,Early,0.0,10.0,3.0,All-in-one digital ordering system for restaurants
Tabular,B2B,DE,,Early,0.0,5.0,3.0,AI Copilot for accounting firms in Europe
Tackle,B2B,US,,Early,0.0,3.0,1.0,Time tracking on autopilot
TAG,Fintech,PK,,Early,0.0,36.0,3.0,TAG is the First Digital Bank (Chime/Revolut/N26) for Pakistan
TagMango,Consumer,IN,,Early,0.0,30.0,2.0,Monetisation tool for the Indian creator economy
TAI,Fintech,US,,Early,0.0,3.0,2.0,Control All of Your Investments from a Single App
Tailor,B2B,JP,,Early,0.0,40.0,2.0,Headless ERP for retail operations
Tailor-ED,Education,IL,,Early,0.0,10.0,2.0,AI-powered corporate learning for accelerated employee growth & skill…
Tailornova/Couturme,B2B,US,,Early,0.0,9.0,2.0,AI for Instantly Manufacturable Fashion
Taiv,B2B,CA,,Early,0.0,40.0,3.0,Taiv uses AI to make businesses TVs more entertaining & valuable.
Tajir,B2B,PK,,Early,0.0,50.0,2.0,The one-stop shop for mom-and-pop stores in Pakistan to buy inventory.
Take App,B2B,SG,,Early,0.0,7.0,1.0,Shopify for WhatsApp commerce
Taktile,B2B,DE,,Early,0.0,150.0,2.0,Empowering decision makers to make smarter and safer decisions at…
Talc,B2B,US,,Early,0.0,3.0,2.0,Event extraction for Medical Researchers
Talentdrop,B2B,US,,Early,0.0,3.0,2.0,Your personal hiring page.
Talentropy.ai,B2B,CO,,Early,0.0,35.0,2.0,AI solution that streamlines candidate screening and recruitment
Talkable,B2B,US,,Growth,0.0,76.0,1.0,Online store referrals.
TalkBin,B2B,US,,Early,0.0,0.0,3.0,Consumer to business messaging. 
Talkito,Consumer,Unknown,,Early,0.0,0.0,1.0,
Talkray (TiKL),Consumer,US,,Growth,0.0,2.0,1.0,Instantly talk or text to one or a group of friends at once with the…
Tall Poppy,B2B,US,,Early,0.0,10.0,2.0,Protecting your employees against online harassment
Taloflow,B2B,US,,Early,0.0,4.0,2.0,"Better, faster tech vendor research"
Talus Bio,Healthcare,US,,Early,0.0,16.0,2.0,Discovering drugs that target the DNA regulome
Talyn Air,Industrials,US,,Early,0.0,18.0,2.0,"Long range, battery electric vertical take-off and landing aircraft."
Tamarind Bio,B2B,Unknown,,Early,0.0,8.0,2.0,Easy to use computational biology tools for drug discovery
Tambua Health,Healthcare,US,,Early,0.0,13.0,2.0,Juno is ManusAI for controlling medical imaging& diagnostic device GUI
TamLabs,B2B,US,,Early,0.0,2.0,2.0,Cursor for Microsoft Word
Tandem,B2B,US,,Early,0.0,10.0,3.0,Tandem is a virtual office for remote and distributed teams.
TANGObuilder,Real Estate and Construction,US,,Early,0.0,9.0,2.0,TANGObuilder automates structural engineers jobs. 
Tank Payments,Fintech,US,,Early,0.0,10.0,3.0,Modern financial infrastructure for the trucking industry.
Taobotics,Industrials,CN,,Early,0.0,11.0,4.0,Autonomous robots for retails. 
TapEngage,B2B,US,,Early,0.0,2.0,2.0,"Tablet ad network, acquired by Dropbox in July 2012"
Tappity,Consumer,US,,Early,0.0,4.0,2.0,World's largest library of interactive lessons for kids
Tap to Learn,Consumer,US,,Early,0.0,11.0,5.0,Games For Education
Tapzilla,B2B,Unknown,,Early,0.0,2.0,1.0,Woot for iOS apps.
Tara AI,B2B,US,,Growth,0.0,13.0,2.0,"Meet Tara AI, your new engineering efficiency co-pilot."
Tarjimly,Consumer,US,,Early,0.0,4.0,2.0,Translating for Humanity
Taro,Consumer,US,,Early,0.0,5.0,2.0,On-demand career courses for software engineers
Tarsal,B2B,US,,Early,0.0,10.0,1.0,Data pipeline for your security data lake.
Taskade,B2B,US,,Early,0.0,14.0,3.0,One prompt. One app. Real-time. Collaborative. Build without limits.
Tasker AI,B2B,US,,Early,0.0,7.0,2.0,Your AI co-worker
Taste,Consumer,US,,Early,0.0,2.0,2.0,Online marketplace for dinners shipped from great restaurants
Tastemaker,Consumer,US,,Early,0.0,11.0,4.0,Interior design marketplace and online retailer
Tavus,B2B,US,,Early,0.0,40.0,2.0,Building the human layer of AI
TAXA Biotechnologies,Healthcare,US,,Early,0.0,2.0,1.0,"We enable cheaper, faster, and better genetic engineering of plants.…"
TaxGPT,B2B,US,,Early,0.0,30.0,2.0,AI tax assistant for professionals and businesses
TaxProper,Real Estate and Construction,US,,Early,0.0,8.0,2.0,TaxProper helps large Real Estate owners manage their property taxes.
Taylor AI,B2B,US,,Early,0.0,2.0,2.0,Unified Platform for Text Enrichment
teaBOT,B2B,CA,,Early,0.0,2.0,1.0,A robot that makes tea!
Team Apart,B2B,Unknown,,Early,0.0,2.0,3.0,
TeamNote,B2B,HK,,Growth,0.0,11.0,3.0,Mobile Productivity(Slack for mobile workforces)
TeamOut,B2B,US,,Early,0.0,10.0,2.0,Online marketplace for team retreat venues
TechBiz,B2B,IN,,Early,0.0,3.0,2.0,MIS on mobile for SMB's in India
Tech in Asia,Consumer,SG,,Early,0.0,70.0,1.0,Tech in Asia (YC W15) is the largest English-language technology…
Techmate,Consumer,US,,Early,0.0,11.0,2.0,A technology concierge for your home. We provide on-demand support…
TectoAI,B2B,US,,Early,0.0,2.0,2.0,Recruit and Monitor AI Employees
Teespring,Consumer,US,,Growth,0.0,201.0,2.0,IMPORTANT: The original YC founders are no longer involved with this…
Teevox,Consumer,US,,Early,0.0,11.0,1.0,Teevox
Tejas AI,B2B,US,,Early,0.0,2.0,2.0,Risk Decisioning Platform for Banks
Teleborder,B2B,US,,Early,0.0,11.0,2.0,Dashboard for companies to manage immigration for their employees.
Teleo,Industrials,US,,Early,0.0,30.0,2.0,Supervised Autonomous Heavy Equipment
Teleport,B2B,US,,Early,0.0,200.0,3.0,"The easiest, most secure way to access all your infrastructure"
Telivy,B2B,US,,Early,0.0,6.0,1.0,Automate your cyber security risk assessments
Tella,B2B,NL,,Early,0.0,6.0,2.0,The screen recorder that edits videos for you.
TellFi,B2B,US,,Early,0.0,2.0,3.0,Google Voice for business.
telli,B2B,DE,,Early,0.0,6.0,3.0,AI phone agents that convert
Telmai,B2B,US,,Early,0.0,12.0,2.0,Automated data observability and quality for Data Lake
Telophase,B2B,US,,Early,0.0,2.0,2.0,Reach vulnerability inbox-zero
Templarbit,B2B,US,,Growth,0.0,11.0,1.0,Protecting applications from malicious activity
Tempo,Healthcare,US,,Growth,0.0,158.0,2.0,Live home fitness training powered by computer vision.
Tenant Turner,Real Estate and Construction,US,,Early,0.0,15.0,3.0,We help residential property managers eliminate vacancy.
Tenderd,B2B,AE,,Early,0.0,60.0,1.0,AI Platform for Efficient and Sustainable Operations
Tendo,Consumer,GH,,Early,0.0,15.0,4.0,Enabling Africans to sell online with zero capital
Tenjin,B2B,US,,Early,0.0,30.0,2.0,Mobile marketing analytics and infrastructure
Ten Lives,Consumer,Unknown,,Early,0.0,6.0,2.0,Decarbonizing food proteins with AI.
Tennr,B2B,US,,Early,0.0,85.0,3.0,"Fast, Transparent Patient Experiences"
Tensil,Industrials,US,,Early,0.0,2.0,1.0,We turn machine learning models into custom hardware.
Tensorfuse,B2B,Unknown,,Early,0.0,2.0,2.0,Run serverless GPUs on your own cloud
TensorPool,B2B,Unknown,,Early,0.0,3.0,3.0,Vercel For GPUs
Tenyks,B2B,GB,,Early,0.0,11.0,2.0,The World's Most Versatile Video Answering Engine 
tEQuitable,B2B,US,,Early,0.0,6.0,1.0,tEQuitable's mission is to create work culture that works for everyone
Terapify,Healthcare,MX,,Early,0.0,15.0,2.0,Online therapy platform for the Spanish-speaking market
Terark,B2B,CN,,Early,0.0,2.0,2.0,"Fastest Storage Engine with the Best Compression, we enables direct…"
Tergle,B2B,Unknown,,Early,0.0,2.0,1.0,AI agents for Audit
Termii,B2B,NG,,Early,0.0,46.0,2.0,Termii is helps businesses communicate with customers globally.
Terminal,B2B,CA,,Early,0.0,14.0,2.0,Plaid for Telematics Data in Commercial Trucking
Termius,B2B,Unknown,,Early,0.0,32.0,2.0,Termius is an SSH client with team collaboration features
Terra,B2B,US,,Early,0.0,6.0,2.0,Terra is like Faire for custom goods
Terra API,B2B,GB,,Early,0.0,25.0,1.0,API for developers to access health data 
Terracotta AI,B2B,Unknown,,Early,0.0,3.0,2.0,AI-powered Infrastructure as Code PR reviews
Terrakotta,B2B,US,,Early,0.0,5.0,3.0,AI platform for phone-first sellers
Terrasoft,Consumer,US,,Early,0.0,3.0,2.0,
Terusama,B2B,US,,Early,0.0,2.0,2.0,We help warehouses schedule trucks
Tesora,B2B,US,,Early,0.0,2.0,2.0,Digital employees for manufacturing operations
Tesorio,B2B,US,,Growth,0.0,53.0,2.0,Tesorio is the cash flow performance platform that helps finance…
Tesseract,Industrials,US,,Early,0.0,6.0,3.0,Tesseract builds better thrusters for modern satellites
Tesseral,B2B,US,,Early,0.0,5.0,2.0,The open source platform for managing identity in business software
Testmunk,B2B,US,,Early,0.0,2.0,2.0,Automating mobile app testing.
testRigor,B2B,US,,Early,0.0,25.0,2.0,Executable specifications in English for test automation
Tetra,B2B,US,,Early,0.0,2.0,2.0,AI notetaker for phone calls
TetraScience,Healthcare,US,,Growth,0.0,100.0,1.0,The only R&D data cloud for life sciences
Texel.ai,B2B,Unknown,,Early,0.0,2.0,2.0,Run AI pipelines 10x faster
Text.ai,Consumer,Unknown,,Early,0.0,4.0,3.0,AI in your group chats
Text Blaze,B2B,US,,Early,0.0,9.0,2.0,Slash commands anywhere
TextPayMe,Fintech,US,,Early,0.0,11.0,1.0,
The Ankler,Consumer,US,,Early,0.0,2.0,2.0,Subscription entertainment news
The Athletic,Consumer,US,,Growth,0.0,600.0,2.0,Subscription sports media.
The Breakaway,Consumer,US,,Early,0.0,6.0,2.0,The personal coach and companion for cyclists.
The Buttermilk Company,Consumer,US,,Early,0.0,3.0,1.0,"Instant, fresh ethnic food that actually taste homemade. We're…"
The Centre for Effective Altruism,Unspecified,GB,,Early,0.0,15.0,1.0,We're your non-profit portfolio managers. We make giving to…
The Essential,Consumer,US,,Early,0.0,11.0,1.0,E-commerce 2.0
The Flex Company,Consumer,US,,Growth,0.0,28.0,2.0,Sustainable period care.
The Forecasting Company,B2B,FR,,Early,0.0,5.0,2.0,Foundation models for time series
The Good Food Institute,Consumer,US,,Early,0.0,110.0,2.0,Building a world where alternative proteins are no longer alternative.
The Human Utility,Unspecified,US,,Early,0.0,2.0,1.0,The Human Utility seeks to eliminate water service disconnections for…
The Interface,Consumer,US,,Early,0.0,2.0,2.0,The foundations for AI-native media
The Juggernaut,Consumer,US,,Early,0.0,5.0,1.0,The global community for the South Asia-curious
The LLM Data Company,B2B,US,,Early,0.0,3.0,3.0,Post-training Data Research
Thematic,B2B,NZ,,Early,0.0,25.0,2.0,We analyze feedback to help companies improve customer experience
The Mercer Club,Consumer,US,,Early,0.0,2.0,3.0,The Mercer Club is a subscription service that allows men to rent…
The Muse,B2B,US,,Growth,0.0,60.0,3.0,The Muse is values-based job search & hiring for 7M+ monthly
Theneo,B2B,US,,Early,0.0,21.0,1.0,Stripe-like API Docs in just a few clicks
The New Money Company,Fintech,US,,Early,0.0,4.0,3.0,Invoicing that pays you even if your buyer doesn’t
Theorem,Fintech,US,,Early,0.0,34.0,2.0,The mission of Theorem is to make credit safe and available. We use…
The Prompting Company,B2B,US,,Early,0.0,3.0,3.0,We help products get mentioned in ChatGPT.
Thera,B2B,US,,Early,0.0,15.0,1.0,Financial OS for SMBs
ThereCraft,Industrials,US,,Early,0.0,1.0,1.0,
Therify,B2B,Unknown,,Early,0.0,3.0,2.0,Inclusive mental healthcare for companies
The Robot Learning Company,Industrials,US,,Early,0.0,1.0,1.0,Affordable robotic workers
Theseus,Industrials,Unknown,,Early,0.0,3.0,2.0,GPS Denied Navigation for Drones
Theta Software,B2B,US,,Early,0.0,3.0,3.0,Self-Learning for AI Agents
The Third Place,B2B,US,,Early,0.0,2.0,2.0,Subscriptions for neighborhood businesses 
The Ticket Fairy,Consumer,US,,Early,0.0,30.0,2.0,Revenue generation for live events
Theya,Fintech,US,,Early,0.0,3.0,3.0,The world's simplest Bitcoin self-custody solution
ThinAir,B2B,US,,Early,0.0,11.0,1.0,Intelligent data security for teams
Thinkature,B2B,Unknown,,Early,0.0,0.0,1.0,
Think Gaming,B2B,US,,Early,0.0,1.0,2.0,"We provide market data on the mobile games business to developers,…"
Third Chair,B2B,Unknown,,Early,0.0,2.0,2.0,Agents for in-house legal teams
ThirdLayer,B2B,US,,Early,0.0,2.0,2.0,"Building Dex, the AI Browser Copilot"
Thndr,Fintech,EG,,Early,0.0,235.0,2.0,Investment platform for MENA individuals
Thorntale,B2B,US,,Early,0.0,2.0,2.0,"The world's best presentation editor, powered by AI."
Thread,Consumer,GB,,Growth,0.0,92.0,2.0,"Thread makes it incredibly easy to dress well, using stylists and AI"
Thrive Agric,Industrials,NG,,Growth,0.0,227.0,2.0,"ThriveAgric help Farmers in Africa access finance, insight and Markets"
Thrive Agritech,Industrials,US,,Growth,0.0,8.0,1.0,We design and manufacture energy efficient LED lighting fixtures for…
throxy,B2B,Unknown,,Early,0.0,4.0,3.0,Vertical AI agents that run the sales funnel on autopilot
Thunder Compute,B2B,US,,Early,0.0,4.0,2.0,Launch GPU instances in one click for 80% less
Thunderpod,B2B,IN,,Early,0.0,12.0,2.0,Community Engagement Platform
Thunkable,B2B,US,,Early,0.0,40.0,2.0,Thunkable is the no-code platform to build powerful native mobile apps
Thyme,B2B,US,,Early,0.0,2.0,2.0,The OS for financial advisors
Ticket Stumbler,Consumer,US,,Early,0.0,2.0,2.0,
Ticket Wallet,B2B,Unknown,,Early,0.0,2.0,2.0,AI-optimized ticket resale
Tienda Crypto,Fintech,AR,,Early,0.0,20.0,4.0,Crypto Exchange and Payment API Gateway
TigerEye,B2B,Unknown,,Early,0.0,25.0,2.0,AI analytics for GTM
Tile,B2B,US,,Early,0.0,2.0,1.0,AI-first notebook for building operational data apps
Tilt,Fintech,US,,Early,0.0,51.0,2.0,"Mobile crowdfunding: The easiest way to collect, fundraise, and sell…"
Tinfoil,B2B,US,,Early,0.0,4.0,4.0,"Tinfoil makes your AI workflows secure, verifiable, and private."
Tingles,Consumer,US,,Early,0.0,6.0,2.0,Find content that helps you relax and fall asleep.
Tinker,Fintech,CA,,Early,0.0,0.0,3.0,Digital Currency Market Making
Tint,Fintech,US,,Early,0.0,40.0,2.0,Makes it easy for tech platforms to embed insurance into products
Tiny,B2B,SG,,Early,0.0,3.0,2.0,A new kind of ERP system for factories
Tipe,B2B,US,,Early,0.0,5.0,3.0,"Open-source, customizable, headless CMS"
Tipjoy,Fintech,Unknown,,Early,0.0,2.0,2.0,social micropayments
Tiptap,B2B,DE,,Early,0.0,15.0,6.0,Developer toolkit for building collaborative apps.
Tire Swing,B2B,US,,Early,0.0,2.0,2.0,AI for Healthcare Compliance
Titan,Fintech,US,,Early,0.0,30.0,2.0,We manage people's wealth
Titipku,Consumer,ID,,Early,0.0,19.0,2.0,Super Hyperlocal Marketplace for SMEs in Indonesia
Tivara,Healthcare,Unknown,,Early,0.0,2.0,2.0,The AI workforce for medical groups
Tizeti,Consumer,NG,,Growth,0.0,0.0,1.0,ISP for Africa
ToDesktop,B2B,IE,,Early,0.0,2.0,1.0,All-in-one platform for building & releasing desktop apps
Todos Comemos,Consumer,CO,,Early,0.0,62.0,2.0,Taking from 1 to 100 the premade food industry in LATAM
Together Software,B2B,CA,,Early,0.0,35.0,2.0,Learn from the experts at your company. 
Together Video Chat,Consumer,ES,,Early,0.0,1.0,1.0,Interactive video chat made for kids and families
TokenOwl,Fintech,US,,Early,0.0,2.0,2.0,AI portfolio tools for the next generation of finance
Token Transit,Government,US,,Early,0.0,12.0,3.0,Complete fare payment platform for public transportation
Toko,Education,US,,Early,0.0,6.0,2.0,Learn English by speaking with an AI
Toku,B2B,MX,,Early,0.0,150.0,3.0,Account Receivables Platform for Latin American Enterprises
Tola,Fintech,US,,Early,0.0,12.0,2.0,"The simple, fast and free tool for businesses to pay and get paid"
Tolemi,Real Estate and Construction,US,,Early,0.0,20.0,2.0,Data integration & insights for state and local governments
Toma,B2B,US,,Early,0.0,20.0,2.0,AI Workforce for Automotive
TomoGuides,Consumer,US,,Early,0.0,2.0,1.0,"Mobile travel guides done right.  Personalized, context-aware, and…"
Toolify,B2B,IN,,Early,0.0,2.0,2.0,Build internal tools with AI
Toothy AI,Healthcare,US,,Early,0.0,7.0,3.0,AI for insurance verification & billing at dental clinics
Topkey,B2B,US,,Early,0.0,5.0,2.0,
Topline Pro,B2B,US,,Early,0.0,28.0,2.0,Generative AI powered Shopify for home service professionals
Topo,B2B,FR,,Early,0.0,5.0,3.0,AI sales agent custom trained for each company to reach the best leads
Topological,B2B,Unknown,,Early,0.0,2.0,2.0,Physics-based foundation models for CAD optimization.
Top Road,Fintech,AU,,Early,0.0,2.0,2.0,Payments & analytics for apps in the OpenAI GPT Store
Topship,B2B,NG,,Early,0.0,20.0,2.0,Flexport for African Merchants - Building the OS for Global Logistics
Torch,B2B,US,,Early,0.0,130.0,1.0,
Torpedo Therapeutics,Healthcare,US,,Early,0.0,5.0,1.0,"High-precision, closed-loop neuromodulation devices"
Touch and Pay Technologies Limited,Fintech,NG,,Early,0.0,55.0,3.0,Digitizing and processing Microtransactions in Africa
Tough Commerce,Real Estate and Construction,CA,,Early,0.0,21.0,1.0,Shopify for construction.
Tovala,Consumer,US,,Early,0.0,375.0,2.0,A smart-oven-paired subscription meal service.
Tower,B2B,US,,Early,0.0,2.0,2.0,Legal due diligence platform powered by AI
Toymail,Consumer,US,,Early,0.0,2.0,1.0,Connected toys that enable two-way voice messaging between children…
tpaga,Fintech,CO,,Early,0.0,25.0,1.0,First financial Superapp of Latin America
TRAC,Healthcare,US,,Early,0.0,2.0,1.0,An end to end timing solution for any scale athletic event. 
Trace,B2B,US,,Early,0.0,3.0,2.0,Voice AI Customer Support for Financial Services
Tracecat,B2B,US,,Early,0.0,2.0,2.0,Open source Tines / Splunk SOAR alternative for security engineers.
Traceloop,B2B,IL,,Early,0.0,9.0,2.0,Know what your LLM is doing — and why it’s failing
TraceRoot.AI,B2B,US,,Early,0.0,2.0,2.0,Open source AI agents auto-fix your production bugs
Traces,B2B,US,,Early,0.0,10.0,2.0,Transform your video monitoring with AI
TrackChain,B2B,US,,Early,0.0,20.0,2.0,AI-native logistics OS for autonomous freight execution
Trackingplan,B2B,ES,,Early,0.0,8.0,5.0,Automated QA for your Digital Analytics
Trackstar,B2B,US,,Early,0.0,6.0,2.0,Plaid for supply chain logistics
Tractian,Industrials,US,,Early,0.0,530.0,2.0,Run Manufacturing Without Downtime.
Trade,Industrials,US,,Early,0.0,3.0,1.0,We're building Africa's Commodity Exchange. 
TradeFlow,Fintech,US,,Early,0.0,2.0,2.0,AI-powered settlement for financial securities
Tradewind BioScience,Healthcare,US,,Early,0.0,2.0,1.0,Tradewind translates scientific insight into innovative ways of…
TradeX,Consumer,IN,,Early,0.0,31.0,3.0,Exchange to trade on outcome of events.
TrainLoop,B2B,US,,Early,0.0,2.0,2.0,Reasoning Fine-Tuning
Trainy,B2B,US,,Early,0.0,2.0,2.0,Infrastructure for managing GPU clusters for training/serving.
Trainzen,B2B,US,,Early,0.0,2.0,3.0,Educational assessments made easy. Eliminating paper-based exams in…
Tranch,Fintech,GB,,Early,0.0,11.0,2.0,Tranch is the invoice to payments platform for enterprises.
Tranqui Finanzas,Fintech,CO,,Early,0.0,27.0,2.0,Debt Management for Latin America. 
TransAstra Corporation,Industrials,US,,Early,0.0,8.0,1.0,"Orbital logistics: Unleashing space industry, from Earth to asteroids"
Transcriptic,Healthcare,US,,Early,0.0,13.0,1.0,The robotic cloud laboratory for the life sciences.
Transfez,Fintech,ID,,Early,0.0,50.0,2.0,Brex for small businesses in Indonesia 
Transformity,B2B,Unknown,,Early,0.0,7.0,2.0,Point-of-sale & Vertical SaaS for the $75B Liquor Industry
Trapeze,Healthcare,US,,Early,0.0,2.0,2.0,AI-native Zocdoc
Trata,B2B,US,,Early,0.0,3.0,3.0,AI-powered research desk for hedge funds
Vora AI,B2B,US,,Early,0.0,1.0,1.0,AI recruiter for hiring managers
Traversal Networks,B2B,US,,Early,0.0,1.0,1.0,"Enterprise Threat Detection: Tuning, Triage, and Analysis by Experts."
Traverse Technologies,B2B,SG,,Early,0.0,6.0,2.0,AI driven professional engineering firm
Trayd,B2B,US,,Early,0.0,4.0,2.0,A construction payroll platform designed for same-day pay.
Treasury Prime,Fintech,US,,Early,0.0,100.0,1.0,Embedded banking software platform and marketplace
treble.ai,B2B,BR,,Early,0.0,38.0,3.0,We help companies scale marketing campaigns through WhatsApp
Trébol,B2B,CO,,Early,0.0,7.0,2.0,Business onboarding automation for banks and lenders in Latin America
trebu,B2B,MX,,Early,0.0,3.0,2.0,"Extract and organize order requests, supplier availabilities, and…"
Treehouse,Consumer,US,,Early,0.0,101.0,1.0,
Treinta,B2B,CO,,Early,0.0,70.0,2.0,Digital ledger App for Latam microbusinesses
Trela,Consumer,BR,,Early,0.0,120.0,2.0,Your one-stop shop to eat well in Brazil
Trella,B2B,EG,,Early,0.0,50.0,3.0,Trella is a platform that connects shippers to carriers. Trella…
Trellis AI,B2B,Unknown,,Early,0.0,25.0,2.0,AI for streamlining healthcare paperwork
Trellus,B2B,US,,Early,0.0,3.0,2.0,Real-time sales coach for SDRs 
Tremendous,Fintech,Unknown,,Early,0.0,100.0,2.0,"How businesses send money to people at scale. Fast, free, global."
Tremor,B2B,CH,,Early,0.0,2.0,2.0,The UI toolkit for Dashboards
Trendex - We Tokenize Talent,Consumer,US,,Early,0.0,9.0,2.0,Turning billions of fans into participants in the journey of…
Trendpop,B2B,US,,Early,0.0,10.0,1.0,Discover trends as they happen
Tress,Consumer,GH,,Early,0.0,2.0,3.0,Tress is a social community for black women's hairstyles. We are…
Trestle Biotherapeutics,Healthcare,US,,Early,0.0,2.0,2.0,Bioengineered kidneys for patients with kidney failure
Trexo Robotics,Healthcare,CA,,Early,0.0,30.0,2.0,"Exoskeletons to help people walk, starting with children"
Tributi,Consumer,CO,,Early,0.0,20.0,2.0,Tax filing automation for individuals in Latam.
Trident Bioscience,Healthcare,US,,Early,0.0,1.0,1.0,Accelerating protein engineering.
Trieve,B2B,US,,Early,0.0,7.0,2.0,"All-in-one API for search, RAG, & recommendations"
Trigger,B2B,US,,Early,0.0,11.0,3.0,Better PhoneGap.
Trigger.dev,B2B,GB,,Early,0.0,6.0,4.0,Build and deploy fully‑managed AI agents and workflows
Trigo,Fintech,US,,Early,0.0,4.0,2.0,Rent verification API for landlords and lenders
trii,Fintech,US,,Early,0.0,41.0,3.0,One stop investment solution for retail investors in Latam
Trim,B2B,US,,Early,0.0,3.0,1.0,A foundation model for physics.
Triomics,Healthcare,US,,Early,0.0,50.0,3.0,Generative AI for Oncology EHRs
Triplebyte,B2B,US,,Early,0.0,70.0,1.0,Intelligent technical hiring.
TripleZip,Real Estate and Construction,US,,Early,0.0,2.0,2.0,Automating CRE accounting with AI
Triplit,B2B,Unknown,,Early,0.0,3.0,2.0,The best database for app developers
Triply,B2B,KE,,Early,0.0,18.0,2.0,Operating system for travel businesses in Africa with embedded finance
TRM Labs,B2B,US,,Early,0.0,250.0,2.0,TRM is building a safer financial system for billions of people.
True3D,Consumer,US,,Early,0.0,4.0,1.0,3D videos for all
Truebill,Fintech,US,,Growth,0.0,225.0,3.0,Live your best financial life
TrueBiz,B2B,Unknown,,Early,0.0,6.0,1.0,Instant Background Checks for Businesses
TrueClaim,Healthcare,US,,Early,0.0,5.0,2.0,"Transparent, AI-powered healthcare TPA."
True Link,Fintech,US,,Early,0.0,100.0,2.0,Financial Services for Financial Caregivers. 
truemetrics,B2B,DE,,Early,0.0,5.0,3.0,We show couriers where to park and enter a building.
TrueNorth,B2B,US,,Early,0.0,60.0,2.0,TrueNorth gives truckers a single place to manage their business.
Truepill,Healthcare,US,,Early,0.0,1300.0,2.0,API-connected healthcare infrastructure.
Trueplace,B2B,Unknown,,Early,0.0,4.0,1.0,Supercharging professionals for interviews.
TrueVault,B2B,US,,Early,0.0,0.0,1.0,We make Privacy Software for SMBs.
Truewind,B2B,US,,Early,0.0,30.0,2.0,AI-Powered Accounting
Truffle AI,B2B,US,,Early,0.0,2.0,2.0,AWS for AI Agents
Truora,B2B,CO,,Early,0.0,80.0,4.0,Reliable background checks & fraud prevention tools for Latin America.
Truss,Fintech,CA,,Early,0.0,12.0,2.0,Banking for construction
TrustEgg,Fintech,US,,Early,0.0,2.0,2.0,Trust funds.
Trusty,Real Estate and Construction,US,,Early,0.0,6.0,2.0,Limitless Real Estate
TruthSuite,B2B,US,,Early,0.0,4.0,1.0,AI Fact Checking for Lawyers
truthsystems,B2B,US,,Early,0.0,3.0,2.0,Automatically blocking risky behavior with real-time governance agents
Truva,B2B,US,,Early,0.0,9.0,2.0,Sell more. Grind less with AI agents.
Janet AI,B2B,US,,Early,0.0,2.0,2.0,The AI-Native Jira
Tsumobi,Consumer,US,,Early,0.0,2.0,2.0,Messaging.
Tuesday Lab,Consumer,US,,Early,0.0,5.0,1.0,Delightful robots
Tule,Industrials,US,,Early,0.0,8.0,2.0,Help farmers make irrigation decisions with sensors / computer vision 
Tuli Health,Healthcare,GB,,Early,0.0,4.0,2.0,Transforming pharmacies in the UK into diagnostic centers
Tumult,B2B,US,,Early,0.0,1.0,1.0,Tumult is building the next generation of apps for web design. Our…
Tupelo,B2B,US,,Early,0.0,2.0,2.0,Marketplace for small business M&A
Turing College,Education,LT,,Early,0.0,50.0,3.0,AI-driven online tech school for busy professionals
Turing Labs Inc.,B2B,US,,Growth,0.0,18.0,1.0,AI for R&D of consumer brands like P&G to develop better products
Turion Space,Industrials,US,,Early,0.0,15.0,3.0,"Moving Things Around in Space, Imaging Space Objects When We're Not"
Turntable,B2B,US,,Early,0.0,3.0,2.0,AI-native operating system for analytics teams
Tusk,B2B,Unknown,,Early,0.0,4.0,2.0,AI agent that generates unit and integration tests
Tuva Health,Healthcare,US,,Early,0.0,3.0,2.0,Open source software that cleans and transforms messy healthcare data.
Tuxebo,Real Estate and Construction,Unknown,,Early,0.0,0.0,3.0,Tuxebo was a platform for renting things
Twenty,B2B,US,,Early,0.0,10.0,3.0,Open Source CRM
Twine,B2B,US,,Early,0.0,4.0,3.0,AI text message receptionist for SMBs
Twitch,Consumer,US,,Growth,0.0,2000.0,3.0,A global community creating the future of live entertainment.
Two Dots,B2B,US,,Early,0.0,18.0,2.0,AI fraud prevention and underwriting agent
TYBR Health,Healthcare,US,,Early,0.0,3.0,2.0,Natural hydrogel to keep internal organs scar-free after surgery
TyltGO,B2B,CA,,Early,0.0,15.0,1.0,TyltGO powers retailers with same-day delivery.
Typa,B2B,US,,Early,0.0,2.0,3.0,"AI-powered, professionally reviewed ghostwriting for busy founders"
Type,B2B,US,,Early,0.0,3.0,2.0,The AI-first document editor.
Typedream,Consumer,US,,Early,0.0,5.0,5.0,Build & launch your website in minutes with AI
TypeLess,B2B,US,,Early,0.0,2.0,2.0,"AI messaging API for smarter, faster communication."
VibeGrade,Education,Unknown,,Early,0.0,2.0,2.0,Cursor for Teachers
Typewise,B2B,CH,,Early,0.0,12.0,2.0,Boosting customer service and sales productivity by 2-3x.
Uberduck,B2B,US,,Early,0.0,2.0,1.0,"Fast, professional content creation with AI audio, image, and video."
Ubicloud,B2B,Unknown,,Early,0.0,15.0,3.0,Open source alternative to AWS
Ubiq,B2B,US,,Early,0.0,6.0,2.0,Screen-sharing for enterprise conference rooms
UBITS,B2B,CO,,Early,0.0,300.0,2.0,Learning Hub for companies in Latam
Udhaar App,Fintech,PK,,Early,0.0,32.0,3.0,We're Khatabook / OkCredit for Pakistan
Uiflow,B2B,US,,Early,0.0,21.0,1.0,No-code platform for enterprise software companies
Ukama,B2B,US,,Early,0.0,7.0,1.0,Empowering anyone to build  cellular network
Ultra,Industrials,US,,Early,0.0,4.0,4.0,"Practical, general-purpose robots for repetitive industrial tasks"
Ultralight,B2B,US,,Early,0.0,1.0,1.0,"Universal, Pure-GPU HTML Renderer"
Unbabel,B2B,US,,Early,0.0,350.0,4.0,AI-powered Language Operations platform
Unbound,B2B,US,,Early,0.0,7.0,2.0,Use AI tools without fear of data leakage
Uncommon Therapeutics,Healthcare,US,,Early,0.0,2.0,2.0,"A Disease Focused Biotech, Building Multiple Billion Dollar Drugs"
Underground Cellar,Consumer,US,,Growth,0.0,26.0,4.0,Upgrading Your Wine Experience
Undermind,B2B,US,,Early,0.0,0.0,2.0,An AI agent for scientific research
Understood Care,Healthcare,US,,Early,0.0,7.0,1.0,Healthcare personal assistants for Medicare patients.
Unfaze AI,B2B,US,,Early,0.0,7.0,2.0,Create stunning product images and short-form promotional videos 10x…
Unflow,B2B,US,,Early,0.0,5.0,3.0,The next generation CMS built for mobile apps
Unfurl,Consumer,US,,Early,0.0,20.0,4.0,A virtual food hall that delivers
Unhaze,B2B,DK,,Early,0.0,6.0,1.0,The right leads at the right time for B2B sales
Unify,B2B,GB,,Early,0.0,10.0,1.0,Hire AI — Not APIs ✨
Unima,Healthcare,MX,,Early,0.0,26.0,4.0,Fast and low-cost diagnostics for real time disease surveillance
Union54,Fintech,ZM,,Early,0.0,17.0,2.0,"Developers of ChitChat, an integrated messaging and payments wallet…"
Union Apartment,Real Estate and Construction,US,,Early,0.0,12.0,3.0,"Furnished Co-living Apartments for International Students, here in…"
UNISON,Consumer,US,,Early,0.0,15.0,1.0,"Live between worlds, in UNISON, using the headset we're building!"
Univerbal,Education,CH,,Early,0.0,3.0,3.0,Language learning with a conversational AI Tutor
Universe,Consumer,US,,Early,0.0,25.0,1.0,Design and build any kind of website. On your iPhone or iPad.
Unlayer,B2B,US,,Early,0.0,35.0,2.0,Unlayer makes embeddable email and web editing software.
Unnyhog,Consumer,US,,Early,0.0,1.0,1.0,Video game development company.We are creating unique and…
Unravel Carbon,B2B,SG,,Early,0.0,42.0,2.0,Enterprise software for companies to track & reduce their carbon…
Unsaddl,B2B,US,,Early,0.0,10.0,2.0,education benefits and leave of absence management
Unschool,Education,IN,,Early,0.0,35.0,2.0,"Learn, Intern and become Industry-Ready"
Unsloth AI,B2B,US,,Early,0.0,2.0,2.0,Open-Source Reinforcement Learning (RL) & Fine-tuning for LLMs.
Unstatiq,B2B,US,,Early,0.0,2.0,2.0,Single source of truth for your clinic's finances and supply chain.
unSurvey,B2B,US,,Early,0.0,8.0,1.0,"AI-led market research interviews, no scheduling, instant insights."
Untether Labs,Healthcare,Unknown,,Early,0.0,6.0,1.0,Scheduling software for digital health clinics to do more with less.
Unthread,B2B,US,,Early,0.0,7.0,2.0,Agentic service management in Slack
Unusual,B2B,US,,Early,0.0,2.0,2.0,Tailor your website for each visitor.
Unwind Me,Consumer,US,,Early,0.0,2.0,1.0,Homejoy for massage
UpBanx,Fintech,ID,,Early,0.0,13.0,3.0,Brex for D2C Brands and Content Creators in Indonesia
Upbeat,Consumer,US,,Early,0.0,2.0,3.0,Upbeat: Building the next generation of Public Relations (PR)
Upcall,B2B,US,,Early,0.0,6.0,1.0,Upcall provides outbound call professionals as a service. 
UPchieve,Education,US,,Early,0.0,15.0,1.0,"Connecting low-income HS students with free, 24/7 online tutoring"
UpCodes,Real Estate and Construction,US,,Early,0.0,23.0,2.0,UpCodes helps the AEC industry deliver code compliant buildings
UpEquity,Real Estate and Construction,US,,Early,0.0,90.0,1.0,UpEquity gives homebuyers more certainty and power. 
Upflow,Fintech,US,,Early,0.0,50.0,2.0,Cash collection tech for B2B businesses.
Upfort,B2B,US,,Early,0.0,38.0,2.0,Turnkey security & hassle-free cyber insurance from leading insurers
Upfront,Consumer,US,,Early,0.0,4.0,2.0,A personal assistant for every homeowner
Upgraded,Consumer,US,,Early,0.0,13.0,2.0,Upgraded helps retailers and carriers sell devices on subscription.
UpKeep,B2B,US,,Early,0.0,150.0,1.0,Mobile-first software for maintenance teams.
UpLabs,B2B,US,,Growth,0.0,1.0,2.0,UpLabs is the #1 marketplace for designers & developers to find…
Uplift AI,B2B,Unknown,,Early,0.0,5.0,3.0,Foundational Voice Models for regional languages
UpLink,B2B,US,,Early,0.0,4.0,4.0,"Document Collection Software for Accountants, Auditors, and Lawyers"
Upshift,B2B,Unknown,,Early,0.0,2.0,1.0,Cloud workspace for coding agents
Upsolve,Fintech,US,,Early,0.0,12.0,1.0,Helping low-income Americans overcome debt and rebuild credit at…
Upsolve AI,B2B,Unknown,,Early,0.0,5.0,2.0,Embed GenBI in Your SaaS App
Upstream,B2B,Unknown,,Early,0.0,2.0,2.0,An email client designed for team collaboration
Upverter,B2B,CA,,Early,0.0,11.0,1.0,The future of hardware design. A marketplace for hardware engineering…
Upwave,B2B,US,,Growth,0.0,50.0,1.0,Marketing analytics for the world's biggest brand marketers
UrbanKisaan,Industrials,IN,,Early,0.0,53.0,3.0,Reimagining Food through Farming
UroDev Medical,Healthcare,US,,Early,0.0,4.0,2.0,Devices to improve the quality of life for people with Spinal Cord…
URX,B2B,US,,Growth,0.0,11.0,1.0,Mobile ads that users like. Acquired by Pinterest in May 2016.
Userfox,B2B,US,,Early,0.0,2.0,2.0,User retention as a service.  Drip email
UserGems,B2B,AT,,Early,0.0,60.0,2.0,AI-powered sales solution based on your best customers
User Hero,B2B,US,,Early,0.0,3.0,2.0,A hub for all your user research.
Usul,Government,Unknown,,Early,0.0,5.0,3.0,Win defense contracts with AI
UtilityScore (formerly Pando),Consumer,US,,Early,0.0,6.0,1.0,API that estimates utility costs for 100M+ homes.
uwi,Real Estate and Construction,SG,,Early,0.0,14.0,2.0,Private credit solutions for Southeast Asia’s housing backlog 
VacationHomeRents,Consumer,US,,Early,0.0,4.0,2.0,Kayak.com for vacation rentals
Vaero,Consumer,US,,Early,0.0,1.0,1.0,AI for Human Writing
Vahan,B2B,IN,,Early,0.0,85.0,1.0,AI recruiter for India's massive blue-collar workforce
Valari,Fintech,MX,,Early,0.0,3.0,2.0,Embedded finance platform for LatAm.
Validere,Industrials,CA,,Early,0.0,110.0,2.0,A carbon MRV solution for energy and hard-to-abate sectors
Valienta,B2B,CO,,Early,0.0,20.0,3.0,Helping Dropshippers in Colombia run the business and increase sales
Valink Therapeutics,Healthcare,US,,Early,0.0,15.0,2.0,Discovering bispecific antibody drug-conjugates (BsADC) against cancer
Valiu,Fintech,CO,,Early,0.0,24.0,2.0,USD mobile banking for LatAm's businesses and people
Valo,Industrials,US,,Early,0.0,3.0,2.0,Cutting edge hydrofoil systems for boatbuilders
Valor Water Analytics,Industrials,US,,Early,0.0,2.0,1.0,Valor Water Analytics delivers a SaaS platform to utilities to detect…
ValueMate,B2B,Unknown,,Early,0.0,2.0,2.0,Valuemate automates real estate appraisals with AI 
Value Voting,Government,Unknown,,Early,0.0,2.0,2.0,Platform to defeat political extremism through strategic primary…
VanGo,Consumer,US,,Early,0.0,8.0,2.0,Uber for Kids
Vango AI,B2B,US,,Early,0.0,2.0,2.0,Development platform that makes it 10x easier to improve visual models
Vanhawks,Consumer,CA,,Early,0.0,11.0,3.0,We are making the smart carbon fibre commuting bike and platform for…
Vanta,B2B,US,,Early,0.0,700.0,1.0,Vanta—the proven leader in automated compliance helping startups…
VantedgeAI,Fintech,US,,Early,0.0,11.0,2.0,Scaling investing workflows with AI
Vantel,Fintech,SE,,Early,0.0,2.0,2.0,AI Software for Commercial Insurance Brokers
Vapi,B2B,US,,Early,0.0,10.0,2.0,Voice AI for developers.
Vapor,Consumer,US,,Early,0.0,2.0,4.0,In-video advertising.
Variance,B2B,US,,Early,0.0,8.0,2.0,World-Class Tooling for Trust & Safety teams
Variant,B2B,US,,Early,0.0,2.0,2.0,Creative intelligence
Varos,B2B,US,,Early,0.0,9.0,3.0,"AI-based market research, competitive intelligence and benchmarks."
Vassar Robotics,Consumer,US,,Early,0.0,3.0,1.0,Open-source semi-humanoid dev kit → home data → autonomy → 20h/wk
Vastrm,Consumer,US,,Early,0.0,2.0,1.0,Mass customized active apparel. We are building a full turn key…
Vathys,Industrials,US,,Early,0.0,6.0,1.0,Accelerating machine learning through software
VaultPay,Fintech,CD,,Early,0.0,2.0,2.0,Digital banking platform for the 30 million smartphone users in DRC.
Vayable,Consumer,US,,Early,0.0,2.0,1.0,We're building a marketplace for unique travel experiences (it's…
VaycayHero,Consumer,US,,Early,0.0,55.0,2.0,VaycayHero is a marketplace of professionally managed vacation…
Vecindario,Real Estate and Construction,CO,,Growth,0.0,87.0,2.0,We make it easier for real estate to sell properties and mortgages.
Vector,B2B,US,,Early,0.0,10.0,2.0,Find your prospects who are most likely to buy.
Vectordash,Consumer,US,,Early,0.0,3.0,1.0,Play high-end PC games on your laptop by streaming them.
VectorShift,B2B,Unknown,,Early,0.0,16.0,2.0,No-Code Generative AI Automations Platform
Vectrix,B2B,US,,Early,0.0,7.0,3.0,Scan your SaaS apps and instantly identify security issues
VedaBio,Healthcare,US,,Early,0.0,30.0,1.0,CRISPR powered Diagnostics with results in minutes.
Veera Health,Healthcare,IN,,Early,0.0,4.0,2.0,We treat women with Polycystic Ovary Syndrome in India
Veles,B2B,US,,Early,0.0,5.0,2.0,The Sales Calculator
Vellum,B2B,US,,Early,0.0,23.0,3.0,The AI Product Development Platform
Velontra,Industrials,US,,Early,0.0,5.0,1.0,Hypersonic space plane that can take-off from any location and weather
Velorum Therapeutics,Healthcare,US,,Early,0.0,3.0,2.0,Breakthrough medicines unlocking the biology of heme
Velos,B2B,US,,Early,0.0,3.0,1.0,Platform to automate manual back-office work
Velt,B2B,US,,Early,0.0,15.0,1.0,Add powerful collaboration features to your product ridiculously fast.
Vena Medical,Healthcare,CA,,Early,0.0,7.0,2.0,Vena Medical is providing physicians with the world's smallest camera…
Vena Vitals,Healthcare,US,,Early,0.0,9.0,3.0,A small sticker that monitors blood pressure continuously
Vendah,Consumer,BR,,Early,0.0,12.0,4.0,Vendah is building a Faire-style marketplace for LATAM’s +50M…
Vendease,B2B,NG,,Early,0.0,250.0,4.0,Where restaurants in Africa buy food supplies
Vendoo,Consumer,US,,Early,0.0,55.0,4.0,We help online sellers manage a sales business on multiple platforms. 
Vendora,B2B,US,,Early,0.0,4.0,1.0,All-in-One Software for the $1T Grocery Industry
Vendra,Industrials,Unknown,,Early,0.0,2.0,2.0,"Custom Parts, Manufactured in America 🇺🇸"
Vendr.com,B2B,US,,Early,0.0,338.0,1.0,Vendr is the place to buy and sell software. 
Vendy,Fintech,NG,,Early,0.0,20.0,2.0,Vendy is a marketplace on WhatsApp
VenoStent,Healthcare,US,,Early,0.0,17.0,2.0,Absorbable wrap for blood vessels
Venta AI,B2B,Unknown,,Early,0.0,2.0,2.0,"The EU-compliant AI SDR that sends letters, emails and LinkedIn"
Venu AI,B2B,US,,Early,0.0,5.0,5.0,Meet qualified leads in person by automating conference production
Venue.ink,Fintech,CA,,Early,0.0,9.0,2.0,Software for tattoo artists and studios
Venuetastic,B2B,US,,Early,0.0,2.0,2.0,Venue marketplace.
Vera Health,Healthcare,US,,Early,0.0,2.0,2.0,AI-powered clinical decision support for healthcare providers
Verak,Fintech,IN,,Early,0.0,45.0,1.0,Better Business Insurance for MSMEs in India
Verano Health,Healthcare,US,,Early,0.0,3.0,2.0,Nonprofit telehealth coaches for underserved Americans on Medicaid
Verata,B2B,US,,Early,0.0,2.0,2.0,The all-in-one private equity intelligence platform.
Verbiflow,B2B,US,,Early,0.0,2.0,2.0,People search that works
Verbling,Education,US,,Growth,0.0,2.0,1.0,Language learning through video chat.
Verde,Fintech,BR,,Early,0.0,13.0,2.0,Digital lending platform for Brazilian farmers
Verge Genomics,Healthcare,US,,Early,0.0,50.0,1.0,We use human data and AI to develop better drugs faster.
VergeSense,Real Estate and Construction,US,,Early,0.0,70.0,2.0,AI-Powered Building Management
Veriff,B2B,EE,,Growth,0.0,550.0,1.0,AI-powered identity verification solution for fraud prevention.
Verifiable,Healthcare,US,,Early,0.0,12.0,2.0,API for healthcare compliance 
Verihubs,B2B,ID,,Early,0.0,63.0,1.0,AI-powered Deepfake Detection
Veritus Agent,Fintech,US,,Early,0.0,7.0,3.0,AI agents for the consumer lending industry
Verne Robotics,Industrials,US,,Early,0.0,2.0,2.0,AI models that teach robots new skills in hours
Vernox,Real Estate and Construction,US,,Early,0.0,2.0,1.0,Production planning software for construction teams.  Like Asana or…
Versa,B2B,US,,Early,0.0,2.0,2.0,Smart receipts for your business spend
Versable,B2B,US,,Early,0.0,3.0,1.0,AI powered product description enhancement for the auto parts industry
Verse,Consumer,US,,Early,0.0,5.0,2.0,"Social network based on who you are, not what you look like"
Verse Therapy,Healthcare,US,,Early,0.0,3.0,3.0,Connecting All Ages with Speech Language Pathologists
Version Story,B2B,US,,Early,0.0,6.0,2.0,GitHub for lawyers
Versive,B2B,US,,Early,0.0,3.0,2.0,AI-first user research platform
Versori,B2B,GB,,Early,0.0,16.0,2.0,Agentic integrations & automations for enterprise
Verto,Fintech,GB,,Early,0.0,170.0,2.0,Cross-Border Payments and FX Simplified
"Veryfi, Inc.",B2B,US,,Early,0.0,70.0,2.0,APIs to Transform Documents into Structured Data
Vesence,B2B,Unknown,,Early,0.0,2.0,2.0,Cursor for Lawyers. Agentic AI in MS Office.
Vespper,Healthcare,Unknown,,Early,0.0,2.0,2.0,AI document authoring platform for regulatory professionals in life…
Vessel,B2B,US,,Early,0.0,5.0,2.0,"Developer-first, native integration platform for GTM tools"
Vest,Fintech,US,,Growth,0.0,43.0,2.0,Bringing wider access to financial derivatives. 
Vetcove,B2B,US,,Early,0.0,83.0,2.0,Powering the animal health supply chain.
Vetnio,B2B,Unknown,,Early,0.0,6.0,2.0,AI Copilot that automates admin work for veterinary professionals
VetPronto,Healthcare,US,,Early,0.0,51.0,3.0,On demand veterinary house calls. 
VetRec,B2B,US,,Early,0.0,25.0,2.0,AI Scribe for veterinarians. Saving time and improving patient care.
V-Flow Medical,Healthcare,US,,Early,0.0,4.0,4.0,Transforming the lives of millions of women suffering from chronic…
Viacycle,Consumer,US,,Early,0.0,2.0,4.0,"viaCycle makes simple, inexpensive bicycle sharing systems that allow…"
Viaopt,B2B,US,,Early,0.0,2.0,2.0,Uber pool for corporate trucking fleets
Vibe,B2B,US,,Early,0.0,2.0,2.0,Making everyone a software engineer
Vibe Code Go,B2B,Unknown,,Early,0.0,1.0,2.0,Code from your phone
VibeFlow,B2B,Unknown,,Early,0.0,0.0,2.0,Shopify for saas
VIDA & Co.,Consumer,US,,Early,0.0,11.0,1.0,Platform for unique products produced on-demand at mass-scale
Vidcode,Education,US,,Early,0.0,5.0,2.0,Coding for teens
Viddy,B2B,US,,Early,0.0,2.0,2.0,A new way to create landing pages that is video-native.
VideoGen,B2B,Unknown,,Early,0.0,5.0,2.0,AI that can create and edit professional videos
Videopixie,B2B,US,,Early,0.0,11.0,1.0,Marketplace for Video Production Services.  We help you hire the best…
Vidpresso,B2B,US,,Early,0.0,7.0,1.0,Help media companies make quality live video. [Acquired by Facebook]
Vidyard,B2B,CA,,Growth,0.0,201.0,2.0,Video for business.
View3,Industrials,Unknown,,Early,0.0,0.0,2.0,
Village Labs,B2B,US,,Early,0.0,2.0,2.0,Helping America's businesses become employee owned
Vimcal,B2B,US,,Early,0.0,9.0,2.0,"The world's fastest calendar, beautifully designed for remote teams."
Vimmerse,B2B,US,,Early,0.0,10.0,1.0,Bring your photos to life with Vimmerse
Vinci Games,Consumer,US,,Early,0.0,7.0,2.0,Take Two Interactive for VR games. 
Vinco,B2B,MX,,Early,0.0,35.0,3.0,Retaining employees in LatAm via education
VINEBOX (Usual Beverage Co.),Consumer,US,,Growth,0.0,11.0,1.0,"Wine by the glass, delivered"
ResistanceBio,Healthcare,US,,Early,0.0,15.0,2.0,We solve drug resistance for cancer
Virool,B2B,US,,Early,0.0,51.0,1.0,Virool provides native video advertising experience for the biggest…
Virtually,B2B,US,,Early,0.0,5.0,1.0,"The ""Shopify"" for Online Schools"
Virtualmin,B2B,US,,Early,0.0,2.0,2.0,
Visly,B2B,Unknown,,Early,0.0,6.0,2.0,Build React components visually
Vista Power,Industrials,US,,Early,0.0,3.0,2.0,Batteries and solar for $0 upfront to help businesses save money
Visual One,Consumer,US,,Early,0.0,2.0,2.0,AI for security cameras
Vitable Health,Healthcare,US,,Early,0.0,60.0,1.0,"Affordable care via ICHRA and primary care with visits, meds, labs…"
Vitalize,Healthcare,US,,Early,0.0,14.0,3.0,The OS for Hospital Operations
VitalStrata,Healthcare,US,,Early,0.0,2.0,2.0,AI coordinators for post-discharge follow-up calls
Vitau,Healthcare,MX,,Early,0.0,55.0,2.0,Subscription pharmacy for patients with chronic diseases in LatAm. 
Viva Labs,B2B,US,,Early,0.0,5.0,2.0,AI Automations for Healthcare
Vive,Consumer,US,,Early,0.0,11.0,1.0,
Viya,Real Estate and Construction,MX,,Early,0.0,22.0,2.0,Mobile first apartment rentals for LatAm
VizeraLabs,B2B,US,,Early,0.0,2.0,2.0,Augmented reality through projectors
Vizly,B2B,US,,Early,0.0,2.0,2.0,Data to insights in seconds
Vizy,Consumer,US,,Early,0.0,3.0,2.0,An all-in-one virtual office for remote teams
Vizzly,B2B,GB,,Early,0.0,4.0,2.0,Customer-Facing Analytics for Modern SaaS.
vly.ai,B2B,US,,Early,0.0,2.0,2.0,The world's best AI web app builder
Vobi,Real Estate and Construction,BR,,Early,0.0,45.0,4.0,All-in-one project management software for construction SMBs in Latam
Vocality Health,Healthcare,Unknown,,Early,0.0,2.0,2.0,Voice AI for medical language translation
Vocode,B2B,US,,Early,0.0,3.0,2.0,Open source Voice AI
Vogent,B2B,US,,Early,0.0,3.0,2.0,Build Voice AI Agents
VoiceGem,B2B,US,,Early,0.0,2.0,2.0,Voice messaging platform - Acquired by Palantir in 2013
Voiceops,B2B,US,,Early,0.0,10.0,1.0,We help B2C companies learn from every customer interaction
VoiceOS,B2B,US,,Early,0.0,4.0,3.0,Voice AI Interviews for Enterprise
Voicepanel,B2B,Unknown,,Early,0.0,3.0,2.0,AI agents for customer research
Voicery,B2B,US,,Early,0.0,2.0,1.0,Automated voice acting and emotive speech synthesis with deep neural…
Void,B2B,US,,Early,0.0,2.0,2.0,The open source Cursor alternative
VOIQ,B2B,US,,Early,0.0,8.0,1.0,Conversational AI VoiceBots for Business
voize,B2B,DE,,Early,0.0,75.0,3.0,App for healthcare workers to fill out forms using speech
Voker,B2B,US,,Early,0.0,5.0,2.0,No-Code AI Builder
Volansi,Industrials,US,,Growth,0.0,85.0,1.0,Autonomous VTOL delivery solutions.
Volantio,B2B,US,,Growth,0.0,19.0,2.0,Post-booking revenue and capacity optimization for airlines…
Volk Wireless,Consumer,Unknown,,Early,0.0,0.0,1.0,
Volley,Consumer,US,,Early,0.0,80.0,2.0,"Voice AI games on smart speakers, TVs, and mobile"
Volopay,Fintech,SG,,Early,0.0,11.0,2.0,Brex for South East Asia - Corporate cards & automated payments.
"Volta Labs, Inc.",Healthcare,US,,Early,0.0,50.0,1.0,Unlocking the utility of genomics for the world.
Volt Health,Healthcare,US,,Early,0.0,1.0,1.0,Volt Health is developing medical devices that deliver electrical…
Voltic,Industrials,Unknown,,Early,0.0,5.0,1.0,Electric cargo ships
Volumetric,Healthcare,US,,Early,0.0,5.0,2.0,Volumetric builds living multicellular tissues with a focus on the…
Voodoo Manufacturing,Industrials,US,,Early,0.0,19.0,4.0,AWS for manufacturing.
Vooma,B2B,US,,Early,0.0,3.0,2.0,Automation platform for logistics
Voosh,B2B,IN,,Early,0.0,15.0,2.0,Making Restaurants more data-driven!
Vori,B2B,US,,Early,0.0,29.0,3.0,Vori is a modern operating system for supermarkets
Vorticity,Industrials,US,,Early,0.0,5.0,1.0,The Fastest Scientific Computing Platform on the Planet
Vote.org,Consumer,US,,Early,0.0,0.0,1.0,
VotingWorks,Government,US,,Early,0.0,18.0,1.0,Non-profit building open-source voting machines for US elections.
Vouch,Fintech,US,,Early,0.0,190.0,1.0,Insurance and risk management tools for startups and growth-stage…
Voxli,Consumer,US,,Early,0.0,2.0,2.0,
VoxOps AI,B2B,GB,,Early,0.0,6.0,2.0,Voice AI for regulated industries
Voyage Biomedical,Healthcare,US,,Early,0.0,3.0,3.0,Using cooling to end brain damage during stroke.
Vulcan Technologies,B2B,Unknown,,Early,0.0,3.0,3.0,AI regulatory drafting and compliance
Vybe,B2B,Unknown,,Early,0.0,2.0,2.0,Lovable for internal apps
Wabi,B2B,US,,Early,0.0,3.0,2.0,We are Shopify for the $15B creator economy in LATAM
Waffle,Consumer,US,,Early,0.0,2.0,2.0,AI Game Builder
Wagetap,Fintech,AU,,Early,0.0,10.0,2.0,"Advance next payday, and BNPL for bills"
Wakemate,Consumer,US,,Early,0.0,2.0,2.0,
Wakie,Consumer,US,,Early,0.0,10.0,1.0,A social app for phone calls. Express yourself and make real friends.
Waldium,B2B,US,,Early,0.0,5.0,2.0,Build AI-optimized blogs that rank in AI search results 
Wallbit,Fintech,AR,,Early,0.0,17.0,4.0,Neobank for global remote workers
Wanderlog,Consumer,US,,Early,0.0,5.0,2.0,"Travel planner for researching, organizing, and mapping your trip"
Wand Solar,Industrials,IL,,Early,0.0,2.0,2.0,We enable landlords to generate income from solar panels.
WANTD,Consumer,US,,Early,0.0,4.0,2.0,A direct to consumer marketplace and influencer network for brands
WareIQ,B2B,IN,,Early,0.0,50.0,2.0,Amazon-prime like logistics for eCommerce companies in India
"Warmly,",B2B,US,,Early,0.0,75.0,3.0,Autonomous sales platform to auto-email your warmest leads
Warp,B2B,US,,Early,0.0,6.0,1.0,Payroll and Compliance for Startups
WarpBuild,B2B,US,,Early,0.0,5.0,1.0,Accelerate software development with WarpBuild's 10x faster CI infra.
Warpfy,Consumer,SG,,Early,0.0,3.0,2.0,"Building Shein of Home: tech-driven, design-mfr Home Lifestyle Brand"
Warrant,B2B,US,,Early,0.0,3.0,2.0,Authorization and access control as a service.
Wasmer,B2B,US,,Early,0.0,11.0,1.0,The Operating System for Edge Computing
Wasp,B2B,HR,,Early,0.0,2.0,2.0,Configuration language for building enterprise web apps 10x faster
Watchsend,B2B,US,,Early,0.0,2.0,1.0,Videos of your iOS apps
WATERFX,Industrials,US,,Early,0.0,1.0,1.0,The world's first 100% sustainable water provider (aka alternative…
Waterplan,B2B,US,,Early,0.0,30.0,2.0,Water risk mitigation for industrial sites
Watsi,Healthcare,US,,Early,0.0,11.0,2.0,Watsi is the first global crowdfunding platform for medical…
Watto AI,B2B,Unknown,,Early,0.0,3.0,3.0,AI-powered McKinsey-quality reports in seconds
Wattson Health,Healthcare,Unknown,,Early,0.0,3.0,2.0,AI Voice and SMS Agents for Healthcare
Wattvision,Real Estate and Construction,US,,Early,0.0,0.0,1.0,Sensors and software for energy tracking. Like 'fitbit' for your…
Watu,B2B,US,,Early,0.0,0.0,1.0,Checkout inside of email
Wave,Fintech,SN,,Early,0.0,1600.0,2.0,Mobile money app for Africa
Wavedash,Consumer,US,,Early,0.0,3.0,3.0,Play the latest games in your browser with no downloads
Wavy,Consumer,US,,Early,0.0,0.0,2.0,Experience music and art in augmented reality
Waydev,B2B,US,,Growth,0.0,15.0,2.0,"Software Engineering Intelligence (SEI) : DORA, SPACE, DX"
WAYLINE,Real Estate and Construction,US,,Early,0.0,2.0,2.0,AI voice for property managers
Waypoint,B2B,US,,Early,0.0,0.0,2.0,"Finally, an email API with a powerful template builder."
Waypoint Transit,Government,Unknown,,Early,0.0,2.0,2.0,We automate urban planning so cities can build cheaper and faster.
WaystoCap,B2B,MA,,Growth,0.0,38.0,3.0,We are Alibaba of Africa. We are building a marketplace for African…
WayUp,Consumer,US,,Growth,0.0,50.0,2.0,Marketplace for employers to recruit college students and recent grads
Waza,Fintech,NG,,Early,0.0,28.0,2.0,B2B payments platform for emerging markets.
WeatherCheck,Fintech,US,,Early,0.0,10.0,2.0,WeatherCheck monitors properties for hail damage so that insurance…
Weav,B2B,US,,Early,0.0,9.0,3.0,Weav is the universal API for commerce platforms
Weave,B2B,US,,Growth,0.0,600.0,3.0,Customer communication and payments platform.
Weave Robotics,Industrials,Unknown,,Early,0.0,10.0,2.0,Personal robots for the home--that ship in 2025
webapp.io,B2B,CA,,Early,0.0,4.0,2.0,Build webapps faster with 10x better CI/CD + preview envs
WebCake,B2B,Unknown,,Early,0.0,0.0,1.0,Marketing people modify site.
Webflow,B2B,US,,Growth,0.0,600.0,3.0,Professional website design and publishing platform. 
Webhound,Consumer,US,,Early,0.0,2.0,1.0,An AI agent that builds datasets from the web
Webiny,B2B,GB,,Early,0.0,6.0,2.0,Open-source framework for building serverless applications
Wedge,Healthcare,US,,Early,0.0,2.0,2.0,Palantir for Healthcare AI Agents
Weebly,B2B,US,,Growth,0.0,201.0,3.0,Build a free website that grows with your business.
Weekday,B2B,IN,,Early,0.0,38.0,3.0,AI recruiter that runs outbound sourcing campaigns to find top talent
Weel,Consumer,US,,Early,0.0,4.0,3.0,GPS & dashcam smartphone app
Wefunder,Fintech,US,,Growth,0.0,35.0,2.0,We're Robinhood for pre-IPO startups. Everyone can invest $100.
Weilos,Healthcare,US,,Early,0.0,11.0,1.0,Weight loss coaching.
Welcome,B2B,US,,Early,0.0,50.0,4.0,Create jaw dropping virtual events
Weltio,Fintech,MX,,Early,0.0,15.0,2.0,First LatAm W3 WealthTech for AutoInvesting in securities & crypto
WePay,Fintech,US,,Growth,0.0,400.0,2.0,Payments for platform businesses.
WeReno,Real Estate and Construction,CA,,Early,0.0,10.0,2.0,Owner's Rep as a Service for Construction
Wevorce,Consumer,US,,Growth,0.0,11.0,1.0,Changing divorce for good by making it a way less horrible experience…
weweb.io,B2B,FR,,Early,0.0,12.0,3.0,WeWeb is a no-code front-end builder that connects with any back-end.
Whalesync,B2B,US,,Early,0.0,7.0,1.0,Manage your website from your favorite tools like Airtable and Notion
Whaly,B2B,FR,,Early,0.0,3.0,3.0,Whaly is building a self-service analytics platform
Whatnot,Consumer,US,,Early,0.0,731.0,2.0,Whatnot is the largest livestream shopping platform in the U.S.
WheelStreet,Consumer,IN,,Early,0.0,10.0,2.0,WheelStreet is a Motorbike rental marketplace that connects…
Wheelys Café,Consumer,SE,,Early,0.0,11.0,2.0,"Worlds smallest and friendliest café franchise. ""The Bike-Powered…"
Whereoscope,Consumer,US,,Early,0.0,2.0,2.0,Location-aware smartphone application that enables parents to keep…
Whirl,B2B,US,,Early,0.0,2.0,1.0,Pay instantly with your fingerprint.
WhiteLab Genomics,Healthcare,FR,,Early,0.0,40.0,2.0,Unleashing the potential of DNA and RNA based therapies using AI
Whitenoise,Consumer,US,,Early,0.0,2.0,1.0,
Whiz,Fintech,ID,,Early,0.0,9.0,3.0,"Transforming Finances, Maximizing Your Money Potential."
Whyd,Consumer,FR,,Early,0.0,2.0,1.0,"We make a beautiful, great sounding, voice-controlled speaker. "
Wibond,Fintech,AR,,Early,0.0,30.0,2.0,Affirm for LATAM 
"Wifi Dabba, Inc.",Consumer,IN,,Early,0.0,21.0,2.0,Decentralised broadband connectivity.
Wildcard,B2B,Unknown,,Early,0.0,2.0,1.0,Coding Agents for Engineering Managers
Wildfire,Consumer,US,,Early,0.0,3.0,3.0,Social news app
Wild Moose,B2B,US,,Early,0.0,3.0,3.0,Automating root cause analysis with generative AI
Willing,Consumer,US,,Early,0.0,10.0,2.0,The best way to make your legal will.
Willow,Consumer,US,,Early,0.0,4.0,1.0,The voice interface replacing your keyboard
Windmill,B2B,FR,,Early,0.0,10.0,1.0,Open-source platform to turn scripts into internal apps & workflows
Windsor,B2B,US,,Early,0.0,5.0,2.0,AI Powered Personalized Videos
Windwalk,Consumer,US,,Early,0.0,25.0,3.0,"Windwalk is the industry leader in building, growing, and operating…"
Winford Wealth,Fintech,Unknown,,Early,0.0,3.0,2.0,Making Money Make Sense For Everyone
winfunc,B2B,Unknown,,Early,0.0,3.0,2.0,AI Hacker for Codebases
Wingback,B2B,US,,Early,0.0,12.0,2.0,Wingback provides tools and APIs for SaaS pricing and packaging.
Wingman,B2B,IN,,Early,0.0,10.0,3.0,Wingman helps inside sales reps with coaching while they're on a call.
Wink Health,Healthcare,US,,Early,0.0,2.0,2.0,The digital sleep clinic
Winter,B2B,US,,Early,0.0,3.0,2.0,Credit card checkout for NFTs
WireOver,B2B,US,,Early,0.0,2.0,2.0,Really secure file sending for big files.
Wit.ai,B2B,US,,Early,0.0,11.0,3.0,Natural Language for Developers --Wit is an API that makes it easy…
Charm,Consumer,US,,Early,0.0,1.0,2.0,Charm is the universal payments app — send money to anyone.
Withfriends,Consumer,US,,Early,0.0,3.0,2.0,Withfriends makes it easy to offer memberships for your small business
Wolfia,B2B,US,,Early,0.0,2.0,1.0,We help sales and security teams answer customer questions
Women.com,Consumer,US,,Early,0.0,11.0,1.0,Quora/Cosmo for women
Women Who Code,Unspecified,US,,Early,0.0,25.0,1.0,WWCode is a non profit that empowering diverse women to excel in tech.
Wondercraft,B2B,GB,,Early,0.0,15.0,2.0,Canva for Audio
Wordware,B2B,US,,Early,0.0,15.0,2.0,bringing structure and joy to human-AI collaboration
Workbase,B2B,US,,Early,0.0,0.0,2.0,Data & workflow platform for B2B account teams
WorkClout,B2B,US,,Early,0.0,6.0,3.0,Safety & quality software for industrial sectors. 
Workflow86,B2B,AU,,Early,0.0,6.0,1.0,AI Workflow Engineer for automating your business operations
WorkFlowy,B2B,US,,Early,0.0,4.0,1.0,WorkFlowy is a better way to manage information. It provides a simple…
WorkLife,B2B,US,,Early,0.0,2.0,3.0,WorkLife is a SaaS application that helps teams have more effective…
Worklytics,B2B,US,,Early,0.0,0.0,2.0,Analytics to improve how teams work and collaborate
Workpay,B2B,KE,,Early,0.0,90.0,2.0,"Payroll, Benefits and HR solutions for local and remote teams."
WorkRamp,B2B,US,,Growth,0.0,106.0,2.0,The All-in-One Learning Platform 
Worksphere,B2B,US,,Early,0.0,6.0,3.0,Manage your hybrid workplace
WorldCover,Fintech,US,,Growth,0.0,20.0,1.0,"Funding platform for global insurance, starting with crop insurance…"
WorldQL,Consumer,US,,Early,0.0,3.0,1.0,Building Dreamlab.gg – AI-Native Multiplayer Game Engine for the Web
Woz,B2B,US,,Early,0.0,6.0,2.0,AI platform enabling anyone to build and scale software businesses
Wren,Industrials,US,,Early,0.0,10.0,3.0,Wren is a monthly subscription to offset your carbon footprint.
Wright Electric,Industrials,US,,Early,0.0,4.0,2.0,Boeing for electric planes
Writesonic,B2B,US,,Early,0.0,35.0,1.0,Track & Boost Your Brand’s Visibility in AI Search
WriteWith,Consumer,US,,Early,0.0,2.0,1.0,
Wufoo,B2B,US,,Early,0.0,11.0,1.0,Online form builder.
Wundrbar,B2B,US,,Early,0.0,2.0,2.0,
Wuri,Consumer,Unknown,,Early,0.0,7.0,2.0,"App to read fiction stories as visual novels with images, videos,…"
Wyndly,Healthcare,US,,Early,0.0,10.0,2.0,Life's better without allergies
Wyvern,Industrials,CA,,Early,0.0,26.0,4.0,High-res hyperspectral pictures of Earth from space
Aecore,Real Estate and Construction,US,,Growth,0.0,6.0,2.0,Vertically integrated commercial construction
Xberts,Consumer,US,,Early,0.0,50.0,2.0,Xberts.com is a cross-border marketplace for Chinese hardware…
Xendit,Fintech,ID,,Early,0.0,700.0,3.0,Provides payment infrastructure for Southeast Asia
Xeol,B2B,US,,Early,0.0,3.0,1.0,Close your outdated dependency attack vector
Xfers,Fintech,SG,,Early,0.0,51.0,2.0,Xfers makes it possible for people to make and receive payments via…
XGenomes,Healthcare,US,,Early,0.0,6.0,1.0,XGenomes is building the sequencing technology of the future. 
Xkit,B2B,US,,Early,0.0,6.0,1.0,Universal CRM integration for B2B SaaS apps
Xobni,B2B,US,,Early,0.0,11.0,1.0,
xPay,Fintech,Unknown,,Early,0.0,3.0,2.0,"International Billing Ops, Sales Tax and Payments for SaaS businesses"
XTraffic,Government,Unknown,,Early,0.0,3.0,2.0,Technology for cities to automate and manage their traffic lights.
X-Zell,Healthcare,SG,,Early,0.0,19.0,2.0,"Early, pain-free cancer detection. "
Yardbook,B2B,US,,Early,0.0,0.0,1.0,Marketplace & Software Revolutionizing Yard Care
Yarn,B2B,US,,Early,0.0,3.0,2.0,Make sales and marketing videos with AI.
Yassir,Consumer,DZ,,Early,0.0,200.0,2.0,Yassir is the leading Super App for French Speaking Africa
yBANQ,Fintech,IN,,Early,0.0,9.0,3.0,yBANQ is building a Bill.com for India to simplify collections and…
yearend,Fintech,US,,Early,0.0,7.0,2.0,Optimize your equity and taxes in real-time.
Yemaachi Biotechnology,Healthcare,GH,,Early,0.0,16.0,4.0,Diversifying precision cancer diagnostics and treatments
Yenmo,Fintech,IN,,Early,0.0,5.0,2.0,Secured consumer lending in India
YesGraph,B2B,US,,Early,0.0,2.0,1.0,YesGraph recommends exactly who a user should invite to an app. Our…
Yezza,B2B,MY,,Early,0.0,0.0,2.0,Storefronts on WhatsApp in Southeast Asia
yhangry,Consumer,GB,,Early,0.0,12.0,2.0,Marketplace for private chefs
Yhat,B2B,US,,Early,0.0,17.0,2.0,End-to-end data science lifecycle management platform. 
Yondu,Industrials,US,,Early,0.0,3.0,2.0,Robots to Automate Fulfillment
Yoneda Labs,B2B,Unknown,,Early,0.0,3.0,3.0,Foundation Model for Chemical Manufacturing
Yoshi Mobility,Consumer,US,,Early,0.0,125.0,3.0,Making car ownership and management frictionless.
Yotta,Fintech,US,,Early,0.0,8.0,2.0,Save money and win prizes up to $10m through weekly number draws.
You Got Listings,Real Estate and Construction,Unknown,,Early,0.0,3.0,2.0,All-in-one apartment Marketing Platform for brokerages and landlords.
YouLearn,Education,Unknown,,Early,0.0,3.0,3.0,AI tutor for each student. 
Youlicit,Consumer,US,,Early,0.0,2.0,4.0,
YourChoice Therapeutics,Healthcare,US,,Early,0.0,3.0,2.0,YourChoice therapeutics is revolutionizing the contraceptive market…
YourMechanic,Consumer,US,,Growth,0.0,115.0,2.0,"Car Repairs, Reinvented:a. Mechanic comes to your home or work to fix…"
YourQuote,Consumer,IN,,Early,0.0,9.0,2.0,YourQuote is India's largest writing platform
YouShift,B2B,Unknown,,Early,0.0,3.0,3.0,"The OS for healthcare staffing, starting with scheduling AI agents."
YouTeam,B2B,US,,Early,0.0,34.0,1.0,We make it easy for startups to hire engineers.
Yuma AI,B2B,US,,Early,0.0,17.0,1.0,The AI Support Agent for Ecommerce
YumDots,Consumer,US,,Early,0.0,2.0,1.0,
Yummy Future,Industrials,US,,Early,0.0,7.0,2.0,We build robotic workforces for the food & beverage industry.
Yummy,Consumer,VE,,Early,0.0,260.0,1.0,The everything app for LATAM
Z1,Fintech,BR,,Early,0.0,80.0,4.0,Digital bank for teenagers in LatAm connected to prepaid card 
Zaam,B2B,US,,Early,0.0,2.0,2.0,Zaam is an end-to-end SaaS solution for business onboarding.
Zage,Fintech,US,,Early,0.0,10.0,3.0,Pay by bank and earn rewards
Zanbazaar,Consumer,US,,Early,0.0,4.0,4.0,Community-curated catalogs for product recommendations
Zapi,B2B,SG,,Early,0.0,2.0,2.0,AI Copilot for Product Teams
Zapier,B2B,US,,Growth,0.0,700.0,3.0,The easiest way to automate your work.
Zaraz,B2B,US,,Early,0.0,2.0,2.0,"A third-party manager, built for speed. "
Zaymo,B2B,US,,Early,0.0,6.0,2.0,Interactive email builder for ecommerce brands
Zazos,B2B,BR,,Early,0.0,15.0,1.0,No-code HR platform for startups.
ZBiotics,Healthcare,US,,Early,0.0,22.0,2.0,ZBiotics makes genetically engineered probiotics.
Zeal,Fintech,US,,Early,0.0,25.0,2.0,Modern payroll for modern work
Zealth,Healthcare,IN,,Early,0.0,2.0,2.0,Software for remote monitoring of cancer patients
Zeit AI,B2B,Unknown,,Early,0.0,6.0,2.0,From data to enterprise insights in just a few words.
Zeit Medical,Healthcare,US,,Early,0.0,2.0,2.0,Immediate stroke detection at home
Zeitview,Industrials,US,,Early,0.0,200.0,1.0,Inspection software for renewable energy & sustainable infrastructure
Eternal,Consumer,US,,Early,0.0,15.0,1.0,Own the best moments in streaming
Zelos Cloud,B2B,US,,Early,0.0,3.0,3.0,The Data Platform for Mission‑Critical Systems
Zenamins,Consumer,US,,Early,0.0,2.0,1.0,Personalized health company doing customized vitamin packs on…
Zenbase AI,B2B,Unknown,,Early,0.0,2.0,2.0,Continuous prompt optimization for LLMs from DSPy core contributors
Zenbox,B2B,US,,Early,0.0,2.0,2.0,"Brings dozens of SaaS's (Mailchimp, Stripe, Shopify, Salesforce,…"
Zendar,Industrials,US,,Early,0.0,45.0,2.0,We make high definition radar allowing self-driving cars to see in…
Zenedy,Consumer,US,,Early,0.0,2.0,2.0,
Zenefits,B2B,US,,Growth,0.0,500.0,1.0,"HR for small businesses: onboarding, payroll and benefits."
Zenflow,Healthcare,US,,Early,0.0,18.0,1.0,"Medical device that provides a more effective, less invasive…"
Zenobia Pay,Fintech,US,,Early,0.0,2.0,2.0,Bank transfers as payments for luxury retailers.
Zensors,B2B,US,,Early,0.0,12.0,1.0,AI to understand and automates the physical world
Zentail,B2B,US,,Growth,0.0,30.0,1.0,We're making ecommerce simple connecting brands with sales channels
Zenter,B2B,US,,Early,0.0,2.0,2.0,Zenter is the gmail of slides
Zenysis,Government,US,,Early,0.0,11.0,2.0,Building powerful data analysis software for developing countries.
Zeon Systems,Industrials,US,,Early,0.0,2.0,2.0,AI-powered robotics for scientific lab automation.
Zeo Route Planner,B2B,US,,Early,0.0,15.0,3.0,Route Optimisation platform for SMB in delivery & home services.
Zep AI,B2B,US,,Early,0.0,5.0,1.0,The Memory Foundation For Your AI Stack
Zeplin,B2B,US,,Growth,0.0,140.0,4.0,Deliver on the Promise of Design
Zepto,Consumer,IN,,Early,0.0,1300.0,2.0,10-Minute Grocery Delivery in India
Zergo,Healthcare,CA,,Early,0.0,9.0,2.0,We make a urine test that helps women get pregnant.
Zero,B2B,US,,Early,0.0,2.0,2.0,AI powered email client that manages your email so you don't have to.
Zerocater,B2B,US,,Growth,0.0,140.0,1.0,Zerocater is revolutionizing how companies feed their employees
ZeroDev,B2B,US,,Early,0.0,5.0,1.0,Account abstraction wallets as a service
ZeroDown,Real Estate and Construction,US,,Growth,0.0,13.0,2.0,Find beautiful homes
ZeroEntropy,B2B,Unknown,,Early,0.0,2.0,2.0,High accuracy search API over unstructured data.
ZeroEval,B2B,US,,Early,0.0,2.0,2.0,Auto-optimizer for AI agents
Zeroframe,B2B,US,,Early,0.0,2.0,2.0,Pushing the boundaries of AI
zeroheight,B2B,GB,,Growth,0.0,75.0,2.0,The DevOps platform for UX
ZeroMailer,B2B,Unknown,,Early,0.0,2.0,3.0,Easy mailing lists
ZeroPath,B2B,US,,Early,0.0,4.0,4.0,Automatically find and fix your software vulnerabilities
ZeroStorefront,B2B,US,,Early,0.0,7.0,2.0,#1 Data platform for restaurants. Acquired by Thanx
Rally Tennis,Consumer,US,,Early,0.0,3.0,1.0,Join tennis league and play competitively with people nearby
Zesty,B2B,US,,Growth,0.0,51.0,2.0,"Zesty serves delicious, healthy meals from the best local restaurants…"
ZETA SURGICAL,Healthcare,US,,Early,0.0,12.0,2.0,Next-Generation Surgical Navigation and Robotics
Zettascale,Industrials,US,,Early,0.0,3.0,2.0,Energy efficient chips for AI
Zeus,Real Estate and Construction,US,,Early,0.0,200.0,3.0,Tech-enabled property manager focused on corporate rentals; Acquired…
Zidisha,Fintech,US,,Early,0.0,1.0,1.0,Direct P2P lending across the international wealth divide.
ZiffyHomes,Real Estate and Construction,IN,,Early,0.0,57.0,2.0,ZiffyHomes is managed corporate housing for white collar employees in…
Zigfu,Consumer,US,,Early,0.0,2.0,4.0,Layer above Kinect.
Ziina,Fintech,AE,,Early,0.0,25.0,3.0,A digital wallet for the Middle East & North Africa
Zillabyte,B2B,US,,Early,0.0,2.0,3.0,Palantir for sales people
Zimi,B2B,US,,Early,0.0,2.0,2.0,AI automating post-purchase operations and support for e-commerce
Zinc,B2B,US,,Early,0.0,10.0,2.0,The secret backbone of e-commerce. 
Zinc Platform,Fintech,US,,Early,0.0,11.0,1.0,Insurance Distribution Infrastructure
zingbus,Consumer,IN,,Early,0.0,40.0,3.0,Platform for bus travel across Indian cities
Zip,B2B,US,,Early,0.0,500.0,2.0,The future of B2B spend
Zipio,Consumer,Unknown,,Early,0.0,0.0,2.0,Deal search service
Zip Phone,Consumer,Unknown,,Early,0.0,1.0,1.0,Whatsapp for voice
Zippi,Fintech,BR,,Early,0.0,60.0,3.0,Payment Platform for LatAm Micro and Small Businesses
ZipX,Consumer,HK,,Early,0.0,1.0,2.0,We allow anyone in South East Asia to instantly order any product…
"Zitara Technologies, Inc.",Industrials,US,,Early,0.0,33.0,2.0,Predictive battery management software for electrified fleets
Zoa Research,B2B,US,,Early,0.0,5.0,2.0,Powerful quantitative forecasting models
Zoios.,B2B,DK,,Early,0.0,8.0,2.0,"Help start- and scale-ups excel at People, Culture and Performance."
ZOKO,B2B,IN,,Early,0.0,18.0,2.0,Better Business on WhatsApp
Zoltar Labs,B2B,US,,Early,0.0,9.0,2.0,AI-assisted CX tool built with your knowledge.
Zoomer,Consumer,US,,Early,0.0,51.0,3.0,"Outsourced, high volume food delivery.

"
Zorba,Real Estate and Construction,US,,Early,0.0,0.0,2.0,"AI copilot for real-estate sales teams, powered by proprietary data"
zPREDICTA,Healthcare,US,,Early,0.0,2.0,1.0,Patient-derived 3D tissue reconstruction models for preclinical…
Zuddl,B2B,IN,,Early,0.0,120.0,2.0,Zuddl is a modular platform for events and webinars that helps event…
ZumoDrive,B2B,US,,Early,0.0,15.0,2.0,Media in the cloud
Zumo Labs,B2B,US,,Early,0.0,7.0,4.0,We generate synthetic data for computer vision models.
Zuni,B2B,Unknown,,Early,0.0,2.0,1.0,AI Assistant that works alongside you in your Chrome browser
Zynq,B2B,US,,Early,0.0,7.0,2.0,Office management platform that optimizes your hybrid workplace
Zyper,B2B,US,,Growth,0.0,35.0,1.0,Recreating social networks for brands. 
BYJU’S,E-Tech,India,Bengaluru,Seed,200000000.0,5.0,2.0,E-learning
Shuttl,Transportation,India,Gurgaon,Series C,8048394.0,5.0,2.0,App based shuttle service
Mamaearth,E-commerce,India,Bengaluru,Series B,18358860.0,5.0,2.0,Retailer of baby and toddler products
https://www.wealthbucket.in/,FinTech,India,New Delhi,Seed,3000000.0,5.0,2.0,Online Investment
Fashor,Fashion and Apparel,India,Mumbai,Seed,1800000.0,5.0,2.0,Embroiled Clothes For Women
Pando,Logistics,India,Chennai,Series A,9000000.0,5.0,2.0,"Open-market, freight management platform"
Zomato,Hospitality,India,Gurgaon,Seed,150000000.0,5.0,2.0,Online Food Delivery Platform
Ecozen,Technology,India,Pune,Series A,6000000.0,5.0,2.0,Agritech
CarDekho,E-Commerce,India,Gurgaon,Seed,70000000.0,5.0,2.0,Automobile
Dhruva Space,Aerospace,India,Bengaluru,Seed,50000000.0,5.0,2.0,Satellite Communication
Rivigo,Technology,India,Gurgaon,Seed,20000000.0,5.0,2.0,Logistics Services and Solutions
Healthians,B2B-focused foodtech startup,India,Bengaluru,Series C,12000000.0,5.0,2.0,Food Solutions For Corporate
Licious,E-Commerce,India,Bengaluru,Seed,30000000.0,5.0,2.0,Online Meat And Seafood Ordering Startup
InCred,Finance,India,Mumbai,Seed,5900000.0,5.0,2.0,Non-Banking Financial Company
Trell,Video,India,Bengaluru,Seed,2000000.0,5.0,2.0,Experience Discovery Platform
Rein Games,Gaming,India,Noida,Seed,50000000.0,5.0,2.0,Real money based gaming startup
Lenskart.com,E-Commerce,India,Faridabad,Seed,231000000.0,5.0,2.0,Online Eyewear Shopping Portal
Freshworks,Software,India,San Francisco,Seed,150000000.0,5.0,2.0,Business and customer engagement tools
Misters,Health and wellness,India,Gurgaon,Series B,486000.0,5.0,2.0,Men's Health and Wellness brand
Sunstone Eduversity Pvt. Ltd,Education,India,Gurgaon,Seed,1500000.0,5.0,2.0,Elearning
Burger Singh,Food and Beverage,India,Gurgaon,Growth,0.0,5.0,2.0,Indian Burger Brand
Ninjacart,B2B Marketing,India,Bengaluru,Seed,26000000.0,5.0,2.0,Agritech
Aye Finance,FinTech,India,Gurgaon,Seed,17411265.0,5.0,2.0,Financial Services To MSMEs
SuperGaming,Video Games,India,Pune,Seed,1300000.0,5.0,2.0,Social gaming platform
Clumio,SaaS,India,"San Jose,",Series C,135000000.0,5.0,2.0,Recovery software
eBikeGo,Last Mile Transportation,India,Amritsar,Seed,300000.0,5.0,2.0,Electric bike rental
Digital Mall Asia,E-Commerce,India,Delhi,Seed,220000000.0,5.0,2.0,Virtual e-commerce platform
Medikabazaar,Healthcare,India,Mumbai,Series B,15800000.0,5.0,2.0,B2B platform for medical supplies
Vogo Automotive,Last Mile Transportation,India,Kormangala,Series B,283000000.0,5.0,2.0,Scooter sharing app
Furtados School of Music,Education,India,Tulangan,Seed,200000000.0,5.0,2.0,Music Education
Paytm,FinTech,India,Noida,Seed,1000000000.0,5.0,2.0,Mobile Wallet
Dunzo,Customer Service,India,Bengaluru,Seed,45000000.0,5.0,2.0,Delivery Service
Udaan,B2B,India,Bengaluru,Seed,585000000.0,5.0,2.0,Business development
The Man Company,Consumer Goods,India,Gurgaon,Seed,0.0,5.0,2.0,Beauty and Grooming
FPL Technologies,FinTech,India,Pune,Seed,4500000.0,5.0,2.0,Financial Services
Cashflo,FinTech,India,Mumbai,Series A,3300000.0,5.0,2.0,Invoice discounting platform and SME lending marketplace
Digital F5,"Advertising, Marketing",India,Mumbai,Seed,6000000.0,5.0,2.0,Digital marketing firm
3rdFlix,SaaS,India,Hyderabad,Seed,5000000.0,5.0,2.0,Education Technology
75F,IoT,India,Burnsville,Series A,18000000.0,5.0,2.0,Building automation system
Myelin Foundry,Information Technology,India,Bengaluru,Seed,1000000.0,5.0,2.0,Deep-technology
Atomberg Technology,Consumer Technology,India,Mumbai,Series A,10000000.0,5.0,2.0,"Consumer Electronics, Home Appliances"
GOQii,Health and Wellness,India,Menlo Park,Series C,450000000.0,5.0,2.0,Wearable Fitness Bands
Vyapar App,Accounting,India,Bengaluru,Series A,5000000.0,5.0,2.0,Mobile-based Accounting Software
Progcap,Finance,India,New Delhi,Series A,5000000.0,5.0,2.0,Supply Chain Management
Alteria Capital,Finance,India,Mumbai,Seed,140000000.0,5.0,2.0,VC Funds
Pine Labs,Information Technology,India,Noida,Seed,38080000.0,5.0,2.0,Last-mile retail transaction technology
Cars24,E-Commerce,India,Gurugram,Seed,11000000.0,5.0,2.0,Car Retail
Uniphore,Customer Service Platform,India,Palo Alto,Series C,51000000.0,5.0,2.0,Conversational AI
Zendrive,Automotive,India,San Francisco,Series B,37000000.0,5.0,2.0,Road Safety Analytics
Lo! Foods,Consumer Goods,India,Bengaluru,Seed,500000.0,5.0,2.0,Low carb food for Diabetics
Tala,FinTech,India,Santa Monica,Seed,110000000.0,5.0,2.0,Digital Lending Platform
INDwealth,FinTech,India,Gurgaon,Seed,15000000.0,5.0,2.0,Wealth Management
HungerBox,Food and Beverage,India,Bengaluru,Series C,6590000.0,5.0,2.0,B2B Foodtech
AdmitKard,EdTech,India,Noida,Seed,1000000.0,5.0,2.0,University Admissions
Mishry Reviews,Services,India,Gurgaon,Series A,0.0,5.0,2.0,Product Review
Grofers,E-Commerce,India,Gurgaon,Seed,70000000.0,5.0,2.0,Grocery Delivery
Rapido Bike Taxi,Transportation,India,Bengaluru,Series B,3900000000.0,5.0,2.0,Bike Taxi
RenewBuy,Finance,India,Gurgaon,Series B,19000000.0,5.0,2.0,Auto Insurance
Atlan,Information Technology,India,Singapore,Seed,2500000.0,5.0,2.0,Big Data
WizCounsel,Compliance,India,New Delhi,Idea,145000.0,5.0,2.0,Consulting
Ola Cabs,Transport,India,Kormangala,Seed,1000000.0,5.0,2.0,Cabs
Daalchini Technologies,Food and Beverage,India,New Delhi,Seed,500000.0,5.0,2.0,Digital Vending Machine
"""BYJU\\'S""",EdTech,India,Bengaluru,Seed,150000000.0,5.0,2.0,Education
Moglix,E-Commerce,India,Singapore,Seed,60000000.0,5.0,2.0,Industrial Tools and Equipments
Ezyhaul,Tech,India,Singapore,Series B,16000000.0,5.0,2.0,Logistics
Indus OS,Tech,India,Andheri,Series B,5750000.0,5.0,2.0,Smartphone Operating System
HealthAssure,Health Care,India,Mumbai,Series A,2500000.0,5.0,2.0,Primary care medical network
House of Msasaba,Luxury Label,India,Mumbai,Series A,1000000.0,5.0,2.0,Clothes and Apparel
Board Infinity,EdTech,India,Chembur,Seed,319605.0,5.0,2.0,Full-stack career platform
NoBroker,E-Commerce,India,Bengaluru,Series C,51000000.0,5.0,2.0,Real Estate
Bira91,Food and Beverage,India,New Delhi,Seed,10000000.0,5.0,2.0,Brewery
FabHotels,E-Commerce,India,Gurgaon,Seed,4889975.54,5.0,2.0,Hospitality
Avail Finance,Finance,India,Bengaluru,Series A,9000000.0,5.0,2.0,FinTech
BharatPe,Finance,India,New Delhi,Series B,75000000.0,5.0,2.0,FinTech
Recykal,Waste Management Service,India,Hyderabad,Seed,26000000.0,5.0,2.0,Optimization
Agara Labs,Deep-Tech,India,Bengaluru,Seed,2500000.0,5.0,2.0,Artificial Intelligence
Sistema.bio,Agriculture,India,Nairobi,Seed,2739034.68,5.0,2.0,Hybrid Reactor Biodigestor
Chakr Innovation,Energy,India,New Delhi,Series A,26000000.0,5.0,2.0,Renewable Energy
Pratilipi,Digital Media,India,Bengaluru,Series B,15109500.0,5.0,2.0,E-Books
Bolo App,Digital Media,India,Bengaluru,Seed,430200.0,5.0,2.0,Video Platform
Biz2Credit,FinTech,India,New York,Series B,52000000.0,5.0,2.0,Online Lending Platform
Vogo Automotive Pvt. Ltd.,Transportation,India,Karnataka,Seed,3584000.0,5.0,2.0,Dockless Scooter Rental Company
Leegality,Services,India,Mumbai/Bengaluru,Series A,3400000.0,5.0,2.0,Digital Documentation
Ola Electric,Transport,India,Bengaluru,Series A,0.0,5.0,2.0,Cabs
Saahas Zero Waste,Waste Management Service,India,Bengaluru,Seed,868600.0,5.0,2.0,Optimization
StyleDotMe,E-commerce,India,Delhi,Seed,0.0,5.0,2.0,Fashion and Shopping
BlackBuck,Transport,India,Bengaluru,Seed,150000000.0,5.0,2.0,Logistics
Zenoti,Saas,India,Hyderabad,Series C,50000000.0,5.0,2.0,Beauty and Wellness Industry
Ather Energy,Automobile,India,Bengaluru,Series C,51000000.0,5.0,2.0,Electric Vehicle
FreshVnF,Agtech,India,Mumbai,Seed,140000000.0,5.0,2.0,Fresh Agriculture Produces
GlowRoad,E-commerce,India,Bengaluru,Series B,11500000.0,5.0,2.0,Retail
Kuvera,Finance,India,Bengaluru,Series A,45000000.0,5.0,2.0,Wealth Management
Medlife,E-commerce,India,Bengaluru,Growth,17000000.0,5.0,2.0,Online Medicine
Kabadiwala,E-commerce,India,Bhopal,Growth,430665.0,5.0,2.0,Waste Management
Tripoto,Social Media,India,New Delhi,Series B,3591375.0,5.0,2.0,Travel
Azah,Health and Wellness,India,Gurugram,Seed,200000.0,5.0,2.0,Organic wellness
Setu,Fintech,India,Bengaluru,Seed,3500000.0,5.0,2.0,Banking
Toppr,Edtech,India,Mumbai,Seed,6320820.0,5.0,2.0,E-learning
Craftsvilla,E-commerce,India,Mumbai,Seed,2443495.0,5.0,2.0,Fashion and Apparel
Unacademy,Edtech,India,Bengaluru,Seed,307000.0,5.0,2.0,E-learning
CleverTap,SaaS,India,Mumbai,Series B,26000000.0,5.0,2.0,Mobile analytics and marketing
My Healthcare,E-commerce,India,Bengaluru and Gurugram,Series A,3000000.0,5.0,2.0,Software Solutions
KrazyBee,E-commerce,India,Bengaluru,Growth,0.0,5.0,2.0,Lending Platform
Increff,Technology,India,Bengaluru,Series A,3000000.0,5.0,2.0,Supply-chain technology solutions
FleetX,AI,India,Gurgaon,Seed,0.0,5.0,2.0,Logistics
Zilingo,Ecommerce,India,India/Singapore,Seed,226000000.0,5.0,2.0,Fashion & Apparel
NanoClean Global,Nanotechnology,India,New Delhi,Series A,600000.0,5.0,2.0,Anti-Pollution
OyoRooms,Hospitality,India,Gurgaon,Seed,100000000.0,5.0,2.0,Budget Rooms
Vyome Therapeutics Inc.,Health and Wellness,India,India/US,Seed,22000000.0,5.0,2.0,Specialty pharmaceutical
Samunnati Financial Intermediation & Services Pvt. Ltd,Finance,India,Chennai,Seed,5000000.0,5.0,2.0,Non-banking financial company
Manch,Social Media,India,Delhi,Seed,700000.0,5.0,2.0,Hyperlocal Content
UrbanClap Technologies Pvt. Ltd,Services Platform,India,New Delhi,Seed,50000000.0,5.0,2.0,Home services marketplace
Guiddoo,Travel Tech,India,Mumbai,Seed,800000.0,5.0,2.0,Platform for travel agents
Career Anna,Online Education,India,Gurugram,Seed,572000.0,5.0,2.0,"Video-based certification, trainings"
Nagpur Wholesale,Online Marketplace,India,Nagpur,Seed,143000.0,5.0,2.0,eCommerce
ShopKirana,B2B,India,Indore,Seed,2000000.0,5.0,2.0,eCommerce
BuildSupply,"SaaS, Ecommerce",India,Gurugram,Series A,3500000.0,5.0,2.0,"Real Estate, ERP"
GoDesi,Food and Beverage,India,Bengaluru,Seed,138995.0,5.0,2.0,Regional Flavours
Veritas Finance Ltd.,NBFC,India,Chennai,Seed,27799000.0,5.0,2.0,MSME Finance
Mobile Premier League,Gaming,India,Bengaluru,Series A,500000.0,5.0,2.0,Mobile e-Sports
A&R Bon Vivants,Food,India,Jaipur,Seed,1000000.0,5.0,2.0,Meat Retail Chain
Blackbuck,Food Tech,India,"New York, Bengaluru",Series A,1000000.0,5.0,2.0,POS For Online Ordering
MilkBAsket,Food,India,New Delhi,Series B,1300000.0,5.0,2.0,Micro-delivery grocery service
DriveU,Transport,India,Bengaluru,Seed,1000000.0,5.0,2.0,On-Demand Drivers
CleanseCar,Services,India,Bengaluru,Seed,500000.0,5.0,2.0,Car Wash
Automation Anywhere,Automation,India,California,Series B,300000000.0,5.0,2.0,Robotics
HealthifyMe,Health and Wellness,India,Bengaluru,Seed,6000000.0,5.0,2.0,Wellness Coach
Genius Corner,Education,India,Noida,Seed,278000.0,5.0,2.0,Personalized Learning
Aavishkaar-Intellecap Group,Investment,India,Mumbai,Seed,31000000.0,5.0,2.0,SME Funding
Skillbox,Social Network,India,Gurugram,Seed,0.0,5.0,2.0,Art
Signzy,Financial Tech,India,Mumbai/Bengaluru,Series A,3400000.0,5.0,2.0,Digital Onboarding Solution
Engineer.ai,Software,India,India/US,Series A,29500000.0,5.0,2.0,AI Platform
InCred Finance,Finance,India,India,Growth,42000000.0,5.0,2.0,SME Lending
Roposo,Social Media,India,Delhi,Series B,1700000.0,5.0,2.0,Video Sharing
Northmist,Fashion,India,Delhi,Seed,0.0,5.0,2.0,Mens Wear
Origo Commodities India Pvt. Ltd,Logistics,India,Hyderabad,Seed,11000000.0,5.0,2.0,Supply Chain
Grover Zampa,Food,India,Mumbai,Growth,8200000.0,5.0,2.0,Wine
Droom,Automobile,India,Gurgaon,Seed,3000000.0,5.0,2.0,New and Used Cars Platform
LetsTransport,Logistics Tech,India,Bengaluru,Series C,12000000.0,5.0,2.0,Book Trucks Online
Netmeds,Consumer Internet,India,Chennai,Growth,35000000.0,5.0,2.0,Online Pharmacy Chain
Daily hunt,Consumer Internet,India,Bengaluru,Growth,6390000.0,5.0,2.0,News and ebooks Mobile App\\xc2\\xa0
3HCare,Healthcare,India,Delhi,Seed,1000000.0,5.0,2.0,Healthcare Service Provider
HappyGoEasy,Consumer Internet,India,Gurugram,Growth,0.0,5.0,2.0,Online Travel Agecy
Nykaa,Consumer Internet,India,Mumbai,Growth,157200000.0,5.0,2.0,Online Marketplace For Multi-brand Beauty Cosmetic and Wellness Products
Mad Street Den,Technology,India,Chennai,Growth,0.0,5.0,2.0,Computer Vision And Artificial Intelligence (Ai) Platform
Dream11,Consumer Internet,India,Mumbai,Growth,100000000.0,5.0,2.0,Online Gaming Platform
MamaEarth,Healthcare,India,Gurugram,Growth,4000000.0,5.0,2.0,Online Marketplace For Mother and Babycare Products
AutoGrid,Technology,India,Bengaluru,Growth,32000000.0,5.0,2.0,AI-Based Energy Optimisation and Control Provider
Pharmeasy,Consumer Internet,India,Mumbai,Seed,5500000.0,5.0,2.0,Online Marketplace For Pharmaceutical Products
Upwards,Fin-Tech,India,Mumbai,Growth,5000000.0,5.0,2.0,Online Micro Lending Marketplace
Kissht,Fin-Tech,India,Mumbai,Growth,30000000.0,5.0,2.0,Online lending Platform
dishq,Food-Tech,India,Bengaluru,Seed,400000.0,5.0,2.0,Personalisation Technology Firm Focusing On The Food And Beverage Industry
HealthFin,Finance,India,Pune,Seed,0.0,5.0,2.0,Patient Financing Platform
Samosa Labs,Consumer Internet,India,Hyderabad,Growth,7000000.0,5.0,2.0,Social Media and Chat Entertainment Platform
My OmNamo,Consumer Internet,India,Mumbai,Seed,1000000.0,5.0,2.0,Holy Platform Offering Customised Puja Packages To Individuals and Corporates
ShopX,Consumer Internet,India,Bengaluru,Growth,35000000.0,5.0,2.0,Assisted E-commerce Platform
MakeMyTrip,Consumer Internet,India,Gurugram,Growth,10000000.0,5.0,2.0,Online Travel Aggregator
Hansel io,Consumer Internet,India,Bengaluru,Seed,4000000.0,5.0,2.0,Real-time Mobile App Management
Metro Bikes,Consumer Internet,India,Bengaluru,Growth,12200000.0,5.0,2.0,Online Bike Rental Marketplace
Phone Pe,Consumer Internet,India,Bengaluru,Growth,66000000.0,5.0,2.0,UPI Payments App
quizizz,Ed-Tech,India,Bengaluru,Seed,3000000.0,5.0,2.0,e-learning Platform
Happy EMI,Fin-Tech,India,Bengaluru,Seed,1000000.0,5.0,2.0,Consumer Financing Platform
Inthree,Consumer Internet,India,Chennai,Seed,4000000.0,5.0,2.0,Rural E-commerce Platform
Observe AI,Technology,India,Bengaluru,Growth,8000000.0,5.0,2.0,AI Based Solutions Platform
Enakshi,Consumer Internet,India,Ahemadabad,Seed,114811.0,5.0,2.0,AI Based Solutions Platform
EazyDiner,Consumer Internet,India,Gurugram,Growth,5850000.0,5.0,2.0,Online Restaurant Table Reservation Platform
Finzy,Finance,India,Bengaluru,Seed,1000000.0,5.0,2.0,Online Loan Matchmaking Platform
RawPressery,Consumer Internet,India,Mumbai,Seed,4800000.0,5.0,2.0,Online Organic Juice Delivery Service
Pi Ventures,Technology,India,Bengaluru,Growth,6000000.0,5.0,2.0,Applied Artificial Intelligence and IoT focused\\xc2\\xa0Platform
Revv,Consumer Internet,India,Gurugram,Growth,14270000.0,5.0,2.0,Online Indian Car Rental Platform
ZestMoney,Consumer Internet,India,Bengaluru,Growth,13400000.0,5.0,2.0,Online Lending Platform
Shubh Loans,Fin-Tech,India,Bengaluru,Growth,4200000.0,5.0,2.0,\\xc2\\xa0Customer Sourcing Platform\\xc2\\xa0
MyUpchar,Healthcare,India,Delhi,Growth,5000000.0,5.0,2.0,Local Language Health Content App
Narvar,IT,India,Bengaluru,Growth,3000000.0,5.0,2.0,Post-Purchase Customer Engagement Platform\\xc2\\xa0
True North,Finance,India,Mumbai,Growth,600000000.0,5.0,2.0,Private Equity Firm
Biryani By Kilo,Consumer Internet,India,Gurugram,Seed,1000000.0,5.0,2.0,Online Food Delivery
Anchanto,IT,India,Pune,Growth,4000000.0,5.0,2.0,E-commerce Fulfilment Platform
Loan Tap,Consumer Internet,India,Mumbai,Growth,6250000.0,5.0,2.0,Online Lending Platform For Salaried Professionals
PolicyBazaar,Consumer Internet,India,Gurugram,Growth,27700000.0,5.0,2.0,Online Insurance Selling Platform
zippserv,Consumer Internet,India,Bengaluru,Seed,440000.0,5.0,2.0,Online Platform For Risk-Assessment Services For Real Estate Investments
Avenue Growth,Consumer Internet,India,Gurugram,Seed,437000.0,5.0,2.0,Online Platform That Connects Brands With Freelance Sales Professionals
iNICU,Healthcare,India,Delhi,Seed,0.0,5.0,2.0,Med-tech Platform Providing Care For Newborns
Kinara Capital,Finance,India,Bengaluru,Growth,5000000.0,5.0,2.0,Lending Platform For Micro and Small Enterprises
Shop 101,Consumer Internet,India,Mumbai,Growth,5000000.0,5.0,2.0,Mobile Storefront And Commerce Platform For Sellers
Sambandh,Consumer Internet,India,Rourkela,Growth,2500000.0,5.0,2.0,Online Micro Lending Platform
19th mile,IT,India,Gurugram,Seed,180000.0,5.0,2.0,Artificial intelligence-based sales acceleration software platform
5th Vital,Healthcare,India,Bengaluru,Seed,500000.0,5.0,2.0,Home diagnostics services provider
MEngage,Healthcare,India,Jaipur,Seed,175000.0,5.0,2.0,A Doctor-Patient Engagement Platform
Ofbusiness,Finance,India,Gurugram,Growth,29000000.0,5.0,2.0,Online Lending Platform For SME
The Ken,Consumer Internet,India,Bengaluru,Seed,1500000.0,5.0,2.0,Subscription-Only News Website
Book My Show,Consumer Internet,India,Mumbai,Growth,100000000.0,5.0,2.0,Online Ticketing Platform
HousingMan,Consumer Internet,India,Bengaluru,Seed,1500000.0,5.0,2.0,Property Discovery Platform
PaySense,Consumer Internet,India,Mumbai,Growth,18000000.0,5.0,2.0,Online Consumer Lending Platform
Yulu Bikes,Technology,India,Bengaluru,Seed,0.0,5.0,2.0,Bicycle-Sharing Platform
VTION,Technology,India,Gurugram,Seed,280000.0,5.0,2.0,Media Analytics
Log9 Materials,Technology,India,Bengaluru,Seed,436000.0,5.0,2.0,Nanotechnology Company Specializing In Graphene
kidovators,Ed-Tech,India,Bengaluru,Seed,180000.0,5.0,2.0,Skill Learning Platform
Digit,Consumer Internet,India,Pune,Growth,45000000.0,5.0,2.0,Online Insurance Startup
Black Soil,Finance,India,Mumbai,Growth,17000000.0,5.0,2.0,Non-Banking Financial Company
iqlect,Technology,India,Bengaluru,Seed,2500000.0,5.0,2.0,Data Analytics Firm
Entropik,IT,India,Bengaluru,Seed,1100000.0,5.0,2.0,Software-As-A-Service Platform
Bitla Software,Technology,India,Bengaluru,Growth,0.0,5.0,2.0,Travel-Focused Tech Startup
TheCapitalNet,Fin-Tech,India,Hyderabad,Growth,500000.0,5.0,2.0,Unified Global Investments Ecosystem
Cure Fit,Consumer Internet,India,Bengaluru,Growth,120000000.0,5.0,2.0,Health and fitness Platform
Five Star Group,Fin-Tech,India,Chennai,Growth,100000000.0,5.0,2.0,Non-Bank Lending Platform For SME
Healthsignz,Healthcare,India,Hyderabad,Seed,5000000.0,5.0,2.0,Health and Well being Platform
CoinTribe,Finance,India,Gurugram,Growth,10000000.0,5.0,2.0,Credit-Based Lending Marketplace For Small And Medium Enterprises
Digiconectt,Technology,India,Bengaluru,Seed,125000.0,5.0,2.0,Sales Analytics and Enablement Platform
Kashmir Box,E-Commerce,India,Srinagar,Seed,0.0,5.0,2.0,"Online Marketplace For Handicrafts, Handlooms And Local Produce"
Crowdera,Finance,India,Nagpur,Seed,0.0,5.0,2.0,Online Crowdfunding Platform
Zoctr,Healthcare,India,Mumbai,Seed,0.0,5.0,2.0,Online Healthcare Aggregator
Annapurna Finance,Finance,India,Bhubneswar,Growth,23000000.0,5.0,2.0,Non-Banking Financial Company
AyeFinance,Finance,India,Gurugram,Growth,21500000.0,5.0,2.0,Online Lending Platform
Theranosis,Healthcare,India,Hyderabad,Seed,0.0,5.0,2.0,Specialised diagnostics Platform
Alpha Capital,Finance,India,Mumbai,Growth,14800000.0,5.0,2.0,Supplychain Finance
eshakti,E-Commerce,India,Chennai,Growth,10100000.0,5.0,2.0,Fashion e-tailer
Daily Ninja,Consumer Internet,India,Bengaluru,Seed,3000000.0,5.0,2.0,Hyperlocal Delivery Platform
NirogStreet,Healthcare,India,Gurugram,Seed,300000.0,5.0,2.0,An Online Platform That Connects Ayurveda Doctors With Patients
Nivesh,Finance,India,Noida,Seed,450000.0,5.0,2.0,Mass Market Mutual Fund Investment Platform
What\\xe2\\x80\\x99s Up Life,Consumer Internet,India,Gurugram,Seed,0.0,5.0,2.0,"A Local Discovery App For Dining-Out, Party, Leisure and Events"
HomeLane,Consumer Internet,India,Bengaluru,Seed,3450000.0,5.0,2.0,Online Home Furnishing Solutions
Network Intelligence,Technology,India,Mumbai,Growth,4800000.0,5.0,2.0,Cybersecurity Specialist
Tynor Othontics,Healthcare,India,Chandigarh,Growth,21000000.0,5.0,2.0,Prosthetics Manufacturers
Elucidata,IT,India,Delhi & Cambridge,Seed,1700000.0,5.0,2.0,Data Analytics (SaaS)
Chrysalis,Ed-Tech,India,Pune,Seed,0.0,5.0,2.0,Education Services Provider
RentSher,Consumer Internet,India,Bengaluru,Seed,1100000.0,5.0,2.0,Online Rental Marketplace
Drip capital,Finance,India,Mumbai,Growth,15000000.0,5.0,2.0,Trade Finance Firm
WickedRide,Consumer Internet,India,Bengaluru,Growth,9100000.0,5.0,2.0,Online Motorbike And Scooter Rental Platforms
HipBar,Consumer Internet,India,Bengaluru,Growth,4000000.0,5.0,2.0,Digital Payment Platform For Beverage Delivery
Sqqrl,Finance,India,Gurugram,Seed,1000000.0,5.0,2.0,App-based investment platform
Sigtuple,Healthcare,India,Bengaluru,Growth,19000000.0,5.0,2.0,Data Driven Intelligence Solutions Platform
Wow Express,Technology,India,Mumbai,Growth,4500000.0,5.0,2.0,E-commerce Logistics Platform
Front Desk AI,Technology,India,Bengaluru,Seed,1100000.0,5.0,2.0,An AI Platform Offering Automated Customer Service Software
Edureka,Ed-Tech,India,Bengaluru,Seed,2000000.0,5.0,2.0,Online Education Platform
Numeroseven,Technology,India,Kolkatta,Seed,0.0,5.0,2.0,An Artificial Intelligence-Based Recruitment Platform
OpenTap,Finance,India,Chennai,Seed,450000.0,5.0,2.0,Online Lending Platform
Bizongo,Consumer Internet,India,Mumbai,Growth,22000000.0,5.0,2.0,Aggregator For Packaging Material
Disprz,IT,India,Chennai,Seed,2500000.0,5.0,2.0,SaaS
PaisaDukan,Consumer Internet,India,Mumbai,Seed,225000.0,5.0,2.0,P2P Lending Platform
i3sysytems,Technology,India,Mumbai,Seed,1000000.0,5.0,2.0,AI product company For Health and Life Insurane Companies
Earth Food,Consumer Internet,India,Pune,Seed,949000.0,5.0,2.0,Agri-tech
mfine,Healthcare,India,Bengaluru,Growth,4200000.0,5.0,2.0,Doctor-Consultation App
Rocketium,Technology,India,Bengaluru,Seed,300000.0,5.0,2.0,Online Video Creation Platform
MilkBasket,Technology,India,Gurugram,Growth,7000000.0,5.0,2.0,Micro-Delivery Grocery Startup
Vola,Finance,India,Bengaluru,Seed,500000.0,5.0,2.0,Micro Lending Platform
Cashkumar,Consumer Internet,India,Bengaluru,Seed,735000.0,5.0,2.0,P2P Lending Platform
Edyoo,E-Commerce,India,Bengaluru,Seed,735000.0,5.0,2.0,Products For Shoolgoing Children
Aashiyaan,Finance,India,Kolkata,Seed,2000000.0,5.0,2.0,Housing Finance For Low-Income Families
Smartivity,Ed-tech,India,Delhi,Seed,2000000.0,5.0,2.0,Designer Of Toys and Learning Projects For Kids
Bonphulapl,Clean-tech,India,Delhi,Seed,293000.0,5.0,2.0,Oxygen Optimiser Manufacturer
Acko,Consumer Internet,India,Mumbai,Seed,12000000.0,5.0,2.0,Online Insurance Platform
HWell24,Healthcare,India,Mumbai,Seed,200000.0,5.0,2.0,Home Healthcare Aggregator
Toffee,Consumer Internet,India,Gurugram,Seed,1500000.0,5.0,2.0,Online Insurance Platform
Tonetag,Technology,India,Bengaluru,Growth,8000000.0,5.0,2.0,Mobile Payments Technology Platform
Events High,Consumer Internet,India,Bengaluru,Growth,0.0,5.0,2.0,Events and Activities Discovery Platform
Stellaps,Technology,India,Bengaluru,Growth,14000000.0,5.0,2.0,Iot Application Platform In Agriculture
Credright,Consumer Internet,India,Hyderabad,Seed,1300000.0,5.0,2.0,Lending Platform For SMEs
Fitternity,Consumer Internet,India,Mumbai,Growth,2000000.0,5.0,2.0,Online Fitness Discovey Platform
Synctag,Technology,India,Coimbatore,Seed,307600.0,5.0,2.0,Social Media Anlaytics Platform
Benepik,Technology,India,Gurugram,Seed,0.0,5.0,2.0,Enhanced Employee Engagement Platform
Varthana,Finance,India,Bengaluru,Growth,55000000.0,5.0,2.0,Loans and Services To Affordable Private Schools in India
IndigoLearn,Ed-Tech,India,Hyderabad,Seed,150000.0,5.0,2.0,Online Education Platform
Vedantu,Ed-Tech,India,Bangalore,Growth,10000000.0,5.0,2.0,Interactive Online Tutoring Platform
Kaleidofin,Fiinance,India,Chennai,Seed,2800000.0,5.0,2.0,Digital Financial Services Platform
Pipabella,Consumer Internet,India,Mumbai,Seed,1000000.0,5.0,2.0,Fashion Accessories Etailer
Elemential,Technology,India,Mumbai,Seed,0.0,5.0,2.0,Blockchain Platform
Kriger Campus,Ed-Tech,India,Delhi,Seed,46140.0,5.0,2.0,Mobile-Based Education Network
Loanzen,Finance,India,Bengaluru,Seed,0.0,5.0,2.0,Digital Lending Platform In Logistics
TravelTriangle,Consumer Internet,India,Gurugram,Growth,12000000.0,5.0,2.0,Online Travel Marketplace
Letsmd,Healthcare,India,Delhi,Seed,1000000.0,5.0,2.0,Platform To Discover Healthcare Financing Options
mintifi,Finance,India,Mumbai,Seed,2000000.0,5.0,2.0,Online Lending Platform
icanstay,Consumer Internet,India,Delhi,Seed,500000.0,5.0,2.0,Online Platform For Luxury Hotel Stay For Business Travelers
Pregbuddy,Healthcare,India,Bengaluru,Seed,0.0,5.0,2.0,Connected Care App For Pregnant Women
Coverfox,Consumer Internet,India,Mumbai,Growth,22000000.0,5.0,2.0,Online Insurance Aggregator
Lenskart,Consumer Internet,India,Faridabad,Growth,0.0,5.0,2.0,Online Eyewear Retailer
mamaearth,Healthcare,India,Gurugram,Growth,0.0,5.0,2.0,Online Baby care Products
Fyle Technologies,Technology,India,Bengaluru,Seed,1100000.0,5.0,2.0,AI Based Expense Management Platform
True Balance,Technology,India,Gurugram,Growth,23000000.0,5.0,2.0,Mobile Balance Checking App
Visit,Healthcare,India,Delhi,Growth,0.0,5.0,2.0,AI Driven Health tech Platform
Doxper,Healthcare,India,Mumbai,Seed,1900000.0,5.0,2.0,Digitized Health-Tech Solutions For Practitioners
Mihuru,Finance,India,Mumbai,Seed,150000.0,5.0,2.0,Online Platform Providing Micro Loans For Air Travel
Capital Float,Finance,India,Bengaluru,Growth,22000000.0,5.0,2.0,Online Lending Platform
Trip shelf,Consumer Internet,India,Delhi,Seed,246000.0,5.0,2.0,Online Travel Marketplace
POPxo,Technology,India,Delhi,Growth,5500000.0,5.0,2.0,Women Focussed Digital Media Platform
RailYatri,Consumer Internet,India,Noida,Growth,0.0,5.0,2.0,Online Travel Ticketing Platform
1mg,Consumer Internet,India,Gurugram,Growth,10000000.0,5.0,2.0,Online Pharmacy Store
Rubique,Consumer Internet,India,Mumbai,Growth,0.0,5.0,2.0,Online Lending MarketPlace
Samco,Consumer Internet,India,Mumbai,Growth,7500000.0,5.0,2.0,Online Stock Broker
MyLoanCare,Finance,India,Gurgaon,Seed,978000.0,5.0,2.0,B2C Online Loans Marketplace
PharmEasy,Consumer Internet,India,Mumbai,Growth,0.0,5.0,2.0,Online Pharmacy Store
Buddy4studdy,Consumer Internet,India,Noida,Growth,3000000.0,5.0,2.0,Online Scholarship Portal
Urban Ladder,E-Commerce,India,Bengaluru,Growth,12000000.0,5.0,2.0,Online Furniture Store
Gramophone,Technology,India,Indore,Seed,1000000.0,5.0,2.0,Agri-tech
Wellthy,Healthcare,India,Mumbai,Growth,2100000.0,5.0,2.0,Therapeutics
MedGenome,Healthcare,India,Bengaluru,Growth,10000000.0,5.0,2.0,"Genetic Screening, DNA Diagnostics Labs & Research Centers"
Finova Capital,Consumer Internet,India,Jaipur,Growth,6000000.0,5.0,2.0,Online Lending
Hotelogix,Technology,India,Noida,Growth,5000000.0,5.0,2.0,Cloud based Online Hotel Management Software
Livehealth,Consumer Internet,India,Pune,Seed,1100000.0,5.0,2.0,Health Service Aggregator Platform
Ad2pro,Technology,India,Chennai,Seed,9700000.0,5.0,2.0,"Creative Design, Brand, Media and Technology Platform Solutions"
Pepperfry,Consumer Internet,India,Mumbai,Growth,38400000.0,5.0,2.0,Online Furniture Shopping Store
Magicpin,Consumer Internet,India,Gurugram,Seed,1000000.0,5.0,2.0,Hyperlocal Discovery
HealthCare,Consumer Internet,India,Mumbai,Seed,1000000.0,5.0,2.0,Healthcare Aggregator
PineLabs,Technology,India,Mumbai,Growth,82000000.0,5.0,2.0,Digital Payment Platform
Stumagz,Consumer Internet,India,Hyderabad,Seed,0.0,5.0,2.0,Online Communication and Collaboration Platform For Educational Institutions
AvailFinance,Consumer Internet,India,Bengaluru,Growth,17200000.0,5.0,2.0,Online Lending Platform
Fingerlix,Consumer Internet,India,Mumbai,Seed,1310000.0,5.0,2.0,Ready To cook Food Solution
Karma Healthcare,Healthcare,India,Udaipur,Seed,500000.0,5.0,2.0,Technology enabled equitable healthcare for India
Zappfresh,Food & Beverages,India,Gurugram,Seed,3000000.0,5.0,2.0,Online Raw Meat E-tailer
CustomerSucessBox,Technology,India,Gurugram,Seed,1000000.0,5.0,2.0,Customer Success Software for B2B SaaS
One Labs,Consumer Internet,India,Unknown,Growth,0.0,5.0,2.0,Consumer Technology and Artificial Intelligence Based Aggregator App
GigIndia,Consumer Internet,India,Pune,Seed,0.0,5.0,2.0,Micro Jobs Provider For Students
Chargebee,Technology,India,Chennai,Growth,18000000.0,5.0,2.0,Subscription Billing & Recurring Payments Software
i2i Funding,Consumer Internet,India,Noida,Seed,768000.0,5.0,2.0,Online loan platform
Slang Labs,Technology,India,Bengaluru,Seed,1240000.0,5.0,2.0,Voice-based assistant platform
UrbanPiper,Technology,India,Bengaluru,Seed,0.0,5.0,2.0,Online ordering solution for restaurants and food chains
Cash Suvidha,Consumer Internet,India,Delhi,Seed,1000000.0,5.0,2.0,Online loan platform
Roadcast,Technology,India,Delhi,Growth,250000.0,5.0,2.0,Fleet management and asset monitoring platform
Smartcoin,Finance,India,Bengaluru,Seed,2000000.0,5.0,2.0,Micro lending company
The Print,Media,India,Delhi,Seed,535000.0,5.0,2.0,News portal
Fynd,Consumer Internet,India,Mumbai,Seed,0.0,5.0,2.0,O2O fashion ecommerce platform
BigBasket,Consumer Internet,India,Bengaluru,Growth,300000000.0,5.0,2.0,Online Grocery & Food Store
Asia Institute Of Medical Science,Healthcare,India,Faridabad,Growth,21000000.0,5.0,2.0,Super-specialty Hospital
CollegeDekho,Consumer Internet,India,Gurugram,Growth,2000000.0,5.0,2.0,Online platform for Higher Education Services
Foodmemories,Consumer Internet,India,Ahemdabad,Seed,0.0,5.0,2.0,Online Food Marketplace
Healthi,Healthcare,India,Bengaluru,Growth,3100000.0,5.0,2.0,Preventive Health Checkup
Swiggy,Food and Beverages,India,Bengaluru,Growth,100000000.0,5.0,2.0,Online Food Delivery
Icertis,Consumer Internet,India,Pune,Growth,50000000.0,5.0,2.0,Enterprise Contract Management Platform
healthifyme,Healthcare,India,Bengaluru,Growth,12000000.0,5.0,2.0,Mobile Weight Loss Coach
MedTel,Healthcare,India,Bhubaneswar,Growth,0.0,5.0,2.0,Virtual health clinics
Rupeek,Consumer Internet,India,Bengaluru,Growth,6830000.0,5.0,2.0,Online Gold Loan
WebEngage,Technology,India,Mumbai,Growth,0.0,5.0,2.0,Marketing Cloud for consumer businesses
Lendingkart,Finance,India,Bengaluru,Growth,87000000.0,5.0,2.0,Online Lending Platform
Wydr,Consumer Internet,India,Gurugram,Growth,0.0,5.0,2.0,B2B Marketplace
Cashify,E-Commerce,India,Gurugram,Seed,935089.0,5.0,2.0,Online Selling
holachef,Food and Beverages,India,Mumbai,Seed,311200.0,5.0,2.0,Online Food Delivery
Awaaz De,Technology,India,Ahmedabad,Seed,0.0,5.0,2.0,Mobile Solutions for Social Impact
IMAX Program,Ed-Tech,India,Bengaluru,Growth,13500000.0,5.0,2.0,Individualised Progressive Learning Program
Littlemore,Ed-Tech,India,Chennai,Growth,3000000.0,5.0,2.0,Online Education Platform
Shirsa Labs,Ed-Tech,India,Mumbai,Growth,500000.0,5.0,2.0,Integrated Kids Engagement Company
MoneyOnMobile,Technology,India,Mumbai,Growth,5000000.0,5.0,2.0,mobile payment platform
PetSutra,Consumer Internet,India,Gurugram,Seed,148434.0,5.0,2.0,Online Pet Care Products
Infibeam,E-Commerce,India,Ahemadabad,Growth,6230000.0,5.0,2.0,Online Retailing
happay,Finance,India,Bengaluru,Seed,250000.0,5.0,2.0,Expense Management
Fincash,Finance,India,Mumbai,Seed,150000.0,5.0,2.0,Fin-Tech
Agricxlab,Agriculture,India,Mumbai,Seed,500000.0,5.0,2.0,Agri-tech
Capillary,IT,India,Bengaluru,Growth,20000000.0,5.0,2.0,SaaS
The Healthy Billions,Healthcare,India,Gurugram,Growth,2100000.0,5.0,2.0,Analytics
HighRadius,Technology,India,Hyderabad,Growth,0.0,5.0,2.0,Cloud-based Software
Avishkaar Box,Ed-Tech,India,Delhi,Growth,772500.0,5.0,2.0,Education
Planys Technologies,Technology,India,Chennai,Growth,1040000.0,5.0,2.0,Robotic InspectionStartup
Lollypop,Technology,India,Bengaluru,Seed,0.0,5.0,2.0,Digital Design
Trilyo,Technology,India,Mumbai,Seed,250000.0,5.0,2.0,AI platform for hospitality industry
Gaana,Technology,India,Gurugram,Growth,115000000.0,5.0,2.0,Online Music Streaming
Credy,IT,India,Bengaluru,Seed,1400000.0,5.0,2.0,SaaS
Predible Health,Healthcare,India,Bengaluru,Seed,0.0,5.0,2.0,Cancer radiology
EarlySalary,Finance,India,Pune,Seed,15700000.0,5.0,2.0,Online Lending
WOTU,E-commerce,India,Bengaluru,Seed,0.0,5.0,2.0,Food and Beverages
DAAKI,E-commerce,India,Bengaluru,Seed,0.0,5.0,2.0,Sports Nutrition Supplement etailer
Kinsane Entertainment Inc,Entertainment,India,Mumbai,Seed,2500000.0,5.0,2.0,Digital Entertainment for Children
Tapzo,Technology,India,Bengaluru,Growth,1930000.0,5.0,2.0,Personal Assistant
Appario Retail Pvt Ltd.,E-commerce,India,Delhi,Growth,18840000.0,5.0,2.0,Retail
Samunnati,Finance,India,Chennai,Growth,23500000.0,5.0,2.0,Agricultural Loan
Sahajanand Medical Technologies,Technology,India,Surat,Growth,36230000.0,5.0,2.0,Medical Devices
Kuants,Technology,India,Gurgaon,Seed,80000.0,5.0,2.0,Algorithmic Trading
pi Ventures,Finance,India,Bengaluru,Growth,25000000.0,5.0,2.0,Venture Capital
Newgen Software,Technology,India,New Delhi,Growth,20000000.0,5.0,2.0,IT
Rubix,Technology,India,Pune,Growth,1000000.0,5.0,2.0,Education
ShareChat,Technology,India,Bengaluru,Growth,18200000.0,5.0,2.0,Social
Paperflite,Technology,India,Chennai,Seed,400000.0,5.0,2.0,IT
Skillate,Technology,India,Bengaluru,Growth,0.0,5.0,2.0,Artificial Intellegence
OptaCredit,Finance,India,Chennai,Growth,4000000.0,5.0,2.0,Alternative Lending
AEON Learning,Technology,India,Bengaluru,Growth,3200000.0,5.0,2.0,Education
Milkbasket,E-commerce,India,Gurugram,Growth,3000000.0,5.0,2.0,Online Grocery
NeoGrowth Credit,Finance,India,Mumbai,Growth,47000000.0,5.0,2.0,Digital Lending
Rao IIT Academy,Education,India,Mumbai,Seed,8600000.0,5.0,2.0,Coaching Services
Glassic,Ecommerce,India,Bengaluru,Seed,0.0,5.0,2.0,Eyewear
GreyAtom,Technology,India,Mumbai,Growth,1000000.0,5.0,2.0,Education
Axio,Healthcare,India,Bengaluru,Growth,7400000.0,5.0,2.0,Hemostatic Dressing Solutions
eKincare,Healthcare,India,Hyderabad,Growth,1500000.0,5.0,2.0,Technology
The Wedding Brigade,Consumer internet,India,Mumbai,Growth,1000000.0,5.0,2.0,Online Services
PeeSafe,Healthcare,India,Gurugram,Growth,1000000.0,5.0,2.0,Hygiene
BrowserStack,Technology,India,Mumbai,Growth,50000000.0,5.0,2.0,Browser Testing
Scapic,Technology,India,Bengaluru,Seed,500000.0,5.0,2.0,Virtual Reality
CureFit,Healthcare,India,Bengaluru,Seed,10000000.0,5.0,2.0,Fitness
iNurture,Technology,India,Bengaluru,Growth,4400000.0,5.0,2.0,Education Solutions
Strata Enviro,Technology,India,Mumbai,Growth,0.0,5.0,2.0,IoT based air pollution controller
Tata Housing,Real Estate,India,Mumbai,Growth,23000000.0,5.0,2.0,Residential Project
HandyTrain,Technology,India,Goa,Growth,1000000.0,5.0,2.0,Mobile Learning Management Platform
Mobycy,Technology,India,Gurgaon,Seed,500000.0,5.0,2.0,Bicycle sharing Platform
Greenlight Planet,Technology,India,Mumbai,Growth,60000000.0,5.0,2.0,Off-grid solar products platform
Fintobox,Technology,India,Chennai,Growth,7000000.0,5.0,2.0,Child Learning & Development Platform
Mswipe,Technology,India,Mumbai,Growth,10000000.0,5.0,2.0,Mobile point of sale services provider
The Label Life,E-Commerce,India,Mumbai,Growth,3100000.0,5.0,2.0,Home Decor and Online Fashion Portal
Cygnus Hospitals,Healthcare,India,Gurgaon,Seed,750000.0,5.0,2.0,Super speciality Hospitals
eShakti,Ecommerce,India,Chennai,Seed,2300000.0,5.0,2.0,"""Women\\'s Fashion Clothing Online Platform"""
Inshorts,Technology,India,Noida,Growth,5000000.0,5.0,2.0,Mobile News Curation App
Vahdam Tea,E-Commerce,India,Delhi,Growth,1500000.0,5.0,2.0,Online Platform Selling Indian Tea Globally
Logic Roots,Technology,India,Mumbai,Seed,50000.0,5.0,2.0,Educational Platform to Learn Mathematics
Project Mudra,Technology,India,Bengaluru,Seed,50000.0,5.0,2.0,Assisting Visually Impaired to learn through Braille
Furlenco,Technology,India,Bengaluru,Seed,1200000.0,5.0,2.0,Furniture Rental Platform
I Can Stay,Technology,India,Delhi,Growth,1800000.0,5.0,2.0,Hotel Aggregator Platform
Fracktal Works,Technology,India,Bengaluru,Seed,0.0,5.0,2.0,Platform based on 3D printing and Digital Manufacturing
Simility,Technology,India,Hyderabad,Growth,17500000.0,5.0,2.0,Adaptive Fraud Intelligence Platform
Shopholix,E-Commerce,India,Gurgaon,Seed,233000.0,5.0,2.0,Fashion and Lifestyle Coupon Platform
MindTickle,Technology,India,Pune,Growth,27000000.0,5.0,2.0,Gamification Platform to train Sales People
Nazara Technologies,Technology,India,Mumbai,Growth,27000000.0,5.0,2.0,Mobile Games Development Firm
DocsApp,Technology,India,Bengaluru,Growth,7200000.0,5.0,2.0,Mobile Application for Doctor Consultation
Capita World,Technology,India,Mumbai,Growth,0.0,5.0,2.0,Artificial Intelligence Platform to Raise Funds
Tea Box,E-Commerce,India,Bengaluru,Growth,7000000.0,5.0,2.0,Fresh Indian Tea Selling Platform across 112 countries
Transversal Technologies,Technology,India,Bengaluru,Growth,6000000.0,5.0,2.0,Hyperlocal Video Information Sharing Platform
Curofy,Technology,India,Gurgaon,Seed,250000.0,5.0,2.0,Mobile App for Network of Doctors
WeDoSky,Technology,India,Delhi,Growth,0.0,5.0,2.0,Provides Business Insights using Drone Imaginary
Purplle,E-Commerce,India,Mumbai,Seed,537000.0,5.0,2.0,Beauty Products Online Marketplace
Sky Met Weather,Technology,India,Noida,Growth,0.0,5.0,2.0,Weather Forecast Platform
Springboard,Technology,India,Bengaluru,Growth,9500000.0,5.0,2.0,Online Courses and Mentoring from Experts
Peel Works,Technology,India,Mumbai,Growth,0.0,5.0,2.0,SaaS based Big Data Analytics Platform
9Stacks,Technology,India,Delhi,Growth,1500000.0,5.0,2.0,Online Poker Platform
Your Quote,Technology,India,Bengaluru,Growth,1000000.0,5.0,2.0,Vernacular and Video Content Platform
Spandana Sphoorty,Finance,India,Hyderabad,Growth,19500000.0,5.0,2.0,Micro finance institution providing small ticket unsecured loans to women
EasyEcom,E-Commerce,India,Bengaluru,Seed,150000.0,5.0,2.0,Ecommerce enabler platform
IGP.com,E-Commerce,India,Uttar Pradesh,Growth,0.0,5.0,2.0,Online Gifting Platform
Specsmakers,E-Commerce,India,Chennai,Growth,10000000.0,5.0,2.0,Online Spects Platform for Men and Women
Garage On Road,E-Commerce,India,Noida,Growth,0.0,5.0,2.0,Online vehicle service booking platform
Foyr.com,Technology,India,Hyderabad,Growth,3800000.0,5.0,2.0,Realty Tech Startup solving real life Interior Designing problems
Prest Loans,Finance,India,New Delhi,Seed,570000.0,5.0,2.0,Business & SME Loans provider
AadharAPI.com,Technology,India,Pune,Seed,0.0,5.0,2.0,Aadhaar-based API provider
FreshBoxx,ECommerce,India,Bangalore,Seed,0.0,5.0,2.0,Online Grocery Store
Vagupu,Technology,India,Bangalore,Seed,1000000.0,5.0,2.0,Online Tutorial Marketplace
HalaPlay,Consumer Internet,India,Mumbai,Seed,0.0,5.0,2.0,Online Fantasy Games
Kalpnik Technologies,Technology,India,Bangalore,Seed,500000.0,5.0,2.0,VR based Spiritual platform
Hevo Data,Technology,India,Bangalore,Growth,1000000.0,5.0,2.0,Real time data analytics & reporting
Smart Karma,Technology,India,Bangalore,Growth,0.0,5.0,2.0,Financial Technology Research Platform
Leverage Edu,ECommerce,India,New Delhi,Seed,0.0,5.0,2.0,Online platform for Higher Education Services
Crayon Data,Technology,India,New Delhi,Seed,0.0,5.0,2.0,Customer Engagement Platform
DocTalk,Technology,India,Mumbai,Growth,5000000.0,5.0,2.0,Doctor Patient Communication platform
CoveIoT,Technology,India,Bangalore,Growth,5000000.0,5.0,2.0,Wearable tech and Internet of Things platform
TalentEdge,Technology,India,Bangalore,Growth,7600000.0,5.0,2.0,Distance Education Learning Platform
Fisdom,Finance,India,Bangalore,Growth,3000000.0,5.0,2.0,Mutual Fund Investment App
FarmLink,eCommerce,India,Mumbai,Growth,3000000.0,5.0,2.0,Online platform for Agricultural products
OpenApp,Technology,India,Bangalore,Growth,3600000.0,5.0,2.0,IoT based Tech Startup
NoPaperForms,Technology,India,Delhi,Seed,872000.0,5.0,2.0,Enrolment Management Platform
Tilite Technologies Pvt. Ltd,Technology,India,Bangalore,Seed,0.0,5.0,2.0,Saas based Corporate Travel Management Solution
Mobiliz AR,Technology,India,Bangalore,Growth,0.0,5.0,2.0,Augmented Reality based Tech platform
Qubole,Technology,India,Bangalore,Growth,25000000.0,5.0,2.0,Big Data based analytics platform
Happily Unmarried,ECommerce,India,Nw Delhi,Growth,0.0,5.0,2.0,Online Gifting platform
Universal Sportsbiz Pvt. Ltd,ECommerce,India,Mumbai,Seed,15000000.0,5.0,2.0,Celebrity fashion accessories and merchandise
Hungry Foal,Ecommerce,India,Gurgaon,Seed,0.0,5.0,2.0,Healthy & Nutrition based snacks online platform
Active AI,Technology,India,Bangalore,Growth,8250000.0,5.0,2.0,AI based FinTech platform
Sumeru,Technology,India,Bangalore,Seed,900000.0,5.0,2.0,Banking Software License Platform
ElderAid Wellness,Health Care,India,Bangalore,Seed,0.0,5.0,2.0,Social Healthcare Enterprise
Omnia Information,Technology,India,Delhi,Growth,3000000.0,5.0,2.0,WiFi Analytics Platform
Josh Talks,Inspiration,India,Gurgaon,Growth,0.0,5.0,2.0,Storytelling platform
Reniso,Technology,India,New Delhi,Seed,0.0,5.0,2.0,End-to-End property management for landlords living away
Kanhaiya,Inspiration,India,Hyderabad,Seed,200000.0,5.0,2.0,Storytelling platform
Perspectico,Technology,India,Delhi,Seed,0.0,5.0,2.0,Placement preparation and career growth training platform
ONN Bikes,Technology,India,Mumbai,Seed,692000.0,5.0,2.0,Self riding bike rental program
Rapido,Technology,India,Hyderabad,Seed,329230.0,5.0,2.0,Bike and Taxi pooling online platform
Heckyl,Technology,India,Mumbai,Growth,2700000.0,5.0,2.0,Big Data Analytics Platform
Nuvepro,Technology,India,Mumbai,Seed,400000.0,5.0,2.0,Managed Cloud Environment Solutions
RedBook,Technology,India,Mumbai,Seed,250000.0,5.0,2.0,AI based pharmacy drugs insights platform
Portea,Healthcare,India,Bangalore,Growth,26000000.0,5.0,2.0,Healthcare facilities at doorstep
Credit Mate,Technology,India,Mumbai,Growth,0.0,5.0,2.0,Vehicle loan approval platform
Epiq Capital,Finance,India,Mumbai,Growth,200000000.0,5.0,2.0,Tech based investor firm
MiStay,Technology,India,Bangalore,Seed,0.0,5.0,2.0,Online Hotel Reservation Platform
WittyFeed,Storytelling,India,Indore,Seed,0.0,5.0,2.0,Viral Content and storytelling platform
IDG Ventures,Finance,India,Bangalore,Growth,10000000.0,5.0,2.0,Venture Capitalist
TempGo,Technology,India,Goa,Seed,250000.0,5.0,2.0,IoT and SaaS based transportation platform
Edelweiss,Finance,India,Mumbai,Growth,270000000.0,5.0,2.0,Diversified Financial
ERA,Technology,India,Mumbai,Seed,39000.0,5.0,2.0,Identity management platform
Smaaash,Technology,India,Mumbai,Growth,3800000.0,5.0,2.0,Virtual Reality based gaming platform
Chumbak,Lifestyle,India,Bangalore,Growth,13000000.0,5.0,2.0,Designer-led consumer products
FR8,Technology,India,Chennai,Seed,1500000.0,5.0,2.0,Online Truck aggregator platform
MobieFit,Healthcare,India,Goa,Seed,1350000.0,5.0,2.0,Health and fitness based mobile App
Stanza Living,Technology,India,Delhi,Growth,2000000.0,5.0,2.0,Student accommodation platform
ChqBook,Consumer Internet,India,Gurgaon,Seed,0.0,5.0,2.0,Home Loans Aggregation platform
HomeCapital,Consumer Internet,India,Mumbai,Seed,0.0,5.0,2.0,Home Loan Down payment assistance program
Elanic,Consumer Internet,India,Bangalore,Seed,0.0,5.0,2.0,P2P platform for Fashion sales
CollPoll,Consumer Internet,India,Bangalore,Seed,306000.0,5.0,2.0,Education collaboration platform
PhonePe,Consumer Internet,India,Bangalore,Growth,38700000.0,5.0,2.0,Digital Wallet
Little Black Book,Consumer Internet,India,New Delhi,Growth,1000000.0,5.0,2.0,Local Recommendations and Discoveries Platform
Oorjan,Technology,India,Mumbai,Seed,450000.0,5.0,2.0,rooftop solar platform
Zefo,ECommerce,India,Bangalore,Growth,9200000.0,5.0,2.0,Ecommerce Portal for Used Goods
Yaantra,ECommerce,India,New Delhi,Growth,3100000.0,5.0,2.0,Mobile repair and Refurbishment platform
Farm Taaza,Technology,India,Bangalore,Growth,8000000.0,5.0,2.0,Fresh Produce SCM company
Slice Pay,Consumer Internet,India,Bangalore,Growth,2000000.0,5.0,2.0,Student Micro-financing platform
Agrowave,Technology,India,Gurgaon,Seed,0.0,5.0,2.0,Agriculture Supply Chain management solutions
MyGubbi,eCommerce,India,Bangalore,Growth,2700000.0,5.0,2.0,Home Interior Designing Seller
IBSFintech,Technology,India,Bangalore,Seed,0.0,5.0,2.0,Treasury Risk Management Solution
Letsservice,Consumer Internet,India,Bangalore,Growth,0.0,5.0,2.0,Auto Service Logistics & SAAS platform
OneStepUp,Technology,India,New Delhi,Seed,336000.0,5.0,2.0,Education Technology platform
ThirdWatch,Technology,India,Gurgaon,Seed,0.0,5.0,2.0,AI-powered anti-fraud solutions
Parallel Dots,Technology,India,Gurgaon,Growth,1400000.0,5.0,2.0,AI-powered deep learning solutions
Easy Diner,Consumer Internet,India,Gurgaon,Growth,4500000.0,5.0,2.0,online restaurant reservation platform
StanPlus,Logistics,India,Hyderabad,Growth,1100000.0,5.0,2.0,Medical Transportation Services
UCLID,Technology,India,Hyderabad,Seed,235000.0,5.0,2.0,"Education Network for Institutions, teachers & Students"
Policy Bazaar,Consumer Internet,India,Gurgaon,Growth,77000000.0,5.0,2.0,Online insurance policy aggregator
Gapoon,Consumer Internet,India,Bangalore,Seed,250000.0,5.0,2.0,home maintenance services platform
Chaayos,eCommerce,India,Gurgaon,Growth,2000000.0,5.0,2.0,Online Chai ordering platform
Renew Buy,Consumer Internet,India,New Delhi,Growth,9200000.0,5.0,2.0,Online Insurance Aggregator
Bank Bazaar,Consumer Internet,India,Chennai,Growth,7000000.0,5.0,2.0,Online Financial Marketplace
Hasura,Technology,India,Chennai,Growth,0.0,5.0,2.0,App building platform
LenDen Club,Consumer Internet,India,Mumbai,Seed,500000.0,5.0,2.0,Online peer-to-peer lending platform
RAW Pressery,Food & Beverage,India,Mumbai,Growth,6000000.0,5.0,2.0,Cold pressed Juice maker
Cashe,Consumer Internet,India,Mumbai,Seed,3100000.0,5.0,2.0,app-only lending platform
Park Easy,Consumer Internet,India,Kolkata,Seed,118000.0,5.0,2.0,Machine learning based parking discovery
TagBox,Technology,India,Bangalore,Seed,0.0,5.0,2.0,Cold Chain monitoring solution
FYRE,Food & Beverage,India,Mumbai,Seed,500000.0,5.0,2.0,Herbal energy shot maker
ZipLoan,Consumer Internet,India,New Delhi,Growth,3000000.0,5.0,2.0,SME lending platform
Skillenza,Consumer Internet,India,Bangalore,Seed,722000.0,5.0,2.0,Online Learning Platform
Chevon,Food & Beverage,India,Mumbai,Growth,0.0,5.0,2.0,Frozen Meat provider
PropStory,Consumer Internet,India,Gurgaon,Seed,0.0,5.0,2.0,Real Estate content portal
SpotDraft,Consumer Internet,India,Gurgaon,Seed,550000.0,5.0,2.0,Contract Automation
Big Basket,eCommerce,India,Bangalore,Growth,5000000.0,5.0,2.0,Online Grocery portal
OfBusiness,Technology,India,Gurgaon,Seed,3800000.0,5.0,2.0,B2B Finance & Fulfilment Network
Olly Credit,Technology,India,New Delhi,Seed,0.0,5.0,2.0,Credit + payment mobile app
CashFree,Technology,India,New Delhi,Seed,120000.0,5.0,2.0,Payments Platform for Marketplaces and Fintechs
GoldFarm,Food & Beverage,India,Coimbatore,Growth,2000000.0,5.0,2.0,Agriculture Technology
NetMeds,ECommerce,India,Chennai,Growth,14000000.0,5.0,2.0,Online Pharmacy
MSE,Finance,India,Mumbai,Growth,32000000.0,5.0,2.0,Equity Stock Exchange
Aahaa Stores,eCommece,India,Chennai,Growth,1000000.0,5.0,2.0,Online B2B store for office supplies
MFine,Consumer Internet,India,Bangalore,Growth,1500000.0,5.0,2.0,Online Doctor Discovery platform
Canvera,Consumer Internet,India,Mumbai,Growth,1300000.0,5.0,2.0,Online Photography platform
PrimaryIO,Technology,India,Pune,Growth,5600000.0,5.0,2.0,Application Performance Acceleration
Nest Education,Technology,India,Gurgaon,Seed,600000.0,5.0,2.0,EduTech Platform
Lending Kart,Consumer Internet,India,Ahmedabad,Growth,10750000.0,5.0,2.0,Online Lending Platform
GoFro,Consumer Internet,India,New Delhi,Growth,10000000.0,5.0,2.0,Online travel booking platform
OncoStem,Healthcare,India,Bangalore,Growth,6000000.0,5.0,2.0,Medical Diagnostic Solutions
Power2SME,eCommerce,India,Gurgaon,Growth,26000000.0,5.0,2.0,Buying Club for Small Businesses
Credit Vidya,Consumer Internet,India,Mumbai,Growth,5000000.0,5.0,2.0,Online Credit scoring platform
Tails Life,Consumer Internet,India,Bangalore,Growth,0.0,5.0,2.0,Pet care portal & mobile app
OYO Rooms,Consumer Internet,India,Gurgaon,Growth,250000000.0,5.0,2.0,Branded budget hotels marketplace
Early Salary,Consumer Internet,India,Pune,Seed,780000.0,5.0,2.0,Online Unsecured Lending platform
Seniority,eCommerce,India,Pune,Growth,1000000.0,5.0,2.0,Ecommerce portal for senior citizens
AYE Finance,Consumer Internet,India,New Delhi,Seed,6900000.0,5.0,2.0,Micro Lending Platform
Farmizen,Technology,India,Bangalore,Seed,0.0,5.0,2.0,Agre-Tech Mobile app
Ecom Express,Logistics,India,New Delhi,Growth,30000000.0,5.0,2.0,Logistics Solutions provider
Call Health,Consumer Internet,India,Hyderabad,Growth,6200000.0,5.0,2.0,Healthcare Services Aggregator
Sattviko,eCommerce,India,New Delhi,Seed,0.0,5.0,2.0,Health Food etailer
Tonbo Imaging,Technology,India,Bangalore,Growth,17000000.0,5.0,2.0,Imaging Technology for Armed Forces
Get My Parking,Consumer Internet,India,New Delhi,Growth,3000000.0,5.0,2.0,Smart Parking Enabler
Glowroad,Consumer Internet,India,Bangalore,Growth,2000000.0,5.0,2.0,women focussed customer-to-customer reseller network
Heterogenous,Technology,India,Chennai,Seed,780000.0,5.0,2.0,Telecom & IoT platform
Gurukul,Consumer Internet,India,New Delhi,Seed,0.0,5.0,2.0,co-working space provider
Xprep,Consumer Internet,India,New Delhi,Growth,0.0,5.0,2.0,Online Tutoring Platform
The Moms Co,eCommerce,India,Gurgaon,Growth,1000000.0,5.0,2.0,Pregnancy & Baby Care product etailer
Noticeboard,Technology,India,Bangalore,Seed,0.0,5.0,2.0,"mobile-first communication platform for on-field staff,"
High Radius,Technology,India,Hyderabad,Growth,50000000.0,5.0,2.0,Integrated receivables software solutions
HWell24 Plus,Healthcare,India,Mumbai,Seed,0.0,5.0,2.0,Technology-Empowered Healthcare Solutions
SaveBC,Finance,India,Gaya,Growth,6000000.0,5.0,2.0,financial services firm
Gaming Monk,Consumer Internet,India,New Delhi,Growth,0.0,5.0,2.0,E-sports platform
91SpringBoard,Consumer Internet,India,New Delhi,Growth,0.0,5.0,2.0,Co-working spaces
Homergize,eCommerce,India,Bangalore,Growth,1000000.0,5.0,2.0,Home Furnishing & Building material marketplace
Yatra.com,eCommerce,India,Gurgaon,Seed,15400000.0,5.0,2.0,Online Travel Agency
Ace Turtle,Technology,India,Bangalore,Growth,0.0,5.0,2.0,Omni-channel web commerce solutions provider
Vogo,Consumer Internet,India,Bangalore,Seed,0.0,5.0,2.0,Scooter Rental Platform
Synup,Technology,India,Bangalore,Growth,6000000.0,5.0,2.0,SME Marketing Management Solution
Tinmen,Consumer Internet,India,Hyderabad,Growth,0.0,5.0,2.0,Food Delivery platform
Cropin,Technology,India,Bangalore,Growth,0.0,5.0,2.0,Crop Technology Solutions
Sportobuddy,Consumer Internet,India,Mumbai,Seed,150000.0,5.0,2.0,Sports & Sport related equipment portal
Credifiable,Consumer Internet,India,Bangalore,Growth,0.0,5.0,2.0,Online consumer lending platform
Inclov,Consumer Internet,India,Gurgaon,Seed,0.0,5.0,2.0,Matchmaking app for the differently abled
Multibhashi,Consumer Internet,India,Bangalore,Seed,0.0,5.0,2.0,Language learning Mobile App
Transerve,Technology,India,Mumbai,Growth,1600000.0,5.0,2.0,Geospatial Technology-based SaaS solutions
Fashalot,Consumer Internet,India,Gurgaon,Growth,0.0,5.0,2.0,O2O fashion discovery platform
Pitstop,Consumer Internet,India,Bangalore,Growth,1000000.0,5.0,2.0,Car repair and Servicing Platform
GoChoppers,Consumer Internet,India,Gurgaon,Seed,0.0,5.0,2.0,Luxury Helicopter Tourism Services portal
Aadyah,Technology,India,Bangalore,Growth,1000000.0,5.0,2.0,Defense Tech & Aerospace startup
TouchKin,Technology,India,Bangalore,Growth,1300000.0,5.0,2.0,Predictive Care Platform
Ethinos,Technology,India,Mumbai,Growth,0.0,5.0,2.0,Digital Marketing Agency
Zepo,Consumer Internet,India,Mumbai,Seed,500000.0,5.0,2.0,DIY Ecommerce platform
Click2Clinic,Consumer Internet,India,Hyderabad,Seed,850000.0,5.0,2.0,healthcare service aggregator
SpeedBox,Logistics,India,Mumbai,Seed,300000.0,5.0,2.0,On-Demand Logistics Service provider
Skill Connect,Consumer Internet,India,Jaipur,Seed,0.0,5.0,2.0,Recruitment Portal
Chai Point,Consumer Internet,India,Bangalore,Growth,0.0,5.0,2.0,Tea Delivery Portal & offline stores
Lime Tray,Technology,India,New Delhi,Growth,0.0,5.0,2.0,Restaurant Management Solutions
CoutLoot,eCommerce,India,Mumbai,Seed,0.0,5.0,2.0,Fashion Resale Marketplace
Box My Space,Logistics,India,Mumbai,Seed,0.0,5.0,2.0,Warehouse Aggregator
Curatio,Healthcare,India,Chennai,Growth,0.0,5.0,2.0,Skincare Speciality services
New Castle Technologies,Technology,India,Chennai,Seed,243000.0,5.0,2.0,Hospital Management Software
My Forex Eye,Consumer Internet,India,New Delhi,Seed,220000.0,5.0,2.0,foreign exchange services
TruxApp,Logistics,India,New Delhi,Seed,3100000.0,5.0,2.0,Mobile based Logistics Service
CroFarm,Technology,India,Gurgaon,Seed,783000.0,5.0,2.0,Agriculture Supply Chain solutions
DoodhWala,Consumer Internet,India,Bangalore,Seed,0.0,5.0,2.0,Online milk delivery
Stayabode,Consumer Internet,India,Bangalore,Growth,0.0,5.0,2.0,Co-Living space aggregator
Flipkart,eCommerce,India,Bangalore,Growth,2500000000.0,5.0,2.0,Online Marketplace
Moong Labs,Technology,India,New Delhi,Growth,0.0,5.0,2.0,Mobile games developer
Sports Flashes,Consumer Internet,India,New Delhi,Growth,0.0,5.0,2.0,Sports Content Mobile App
Digilend,Technology,India,Mumbai,Seed,312000.0,5.0,2.0,Personal Loans & EMI solutions platform
KNAB Finance,Consumer Internet,India,Bangalore,Seed,385000.0,5.0,2.0,Unsecured Small Business Loans
Get Simpl,Consumer Internet,India,Mumbai,Seed,0.0,5.0,2.0,Payment Solution Mobile app
Rootefy,eCommerce,India,New Delhi,Seed,187000.0,5.0,2.0,Building material online store
Cerebroz,Consumer Internet,India,Vadodara,Seed,734000.0,5.0,2.0,E-Tech platform
Flochat,Consumer Internet,India,Mumbai,Seed,0.0,5.0,2.0,instant messaging platform
EasyGov,Consumer Internet,India,Noida,Seed,0.0,5.0,2.0,Govt service application portal
Milk Basket,Consumer Internet,India,Gurgaon,Seed,0.0,5.0,2.0,Online Grocery platform
Dhruva,Technology,India,Pune,Growth,80000000.0,5.0,2.0,Cloud data protection and management solutions
Bombay Shaving Company,eCommerce,India,New Delhi,Growth,2300000.0,5.0,2.0,Men Grooming product etailer
Awign,Technology,India,Bangalore,Seed,0.0,5.0,2.0,Operations and manpower outsourcing
Indiez,Technology,India,Bangalore,Seed,500000.0,5.0,2.0,Software & Mobile app development platform
Ezetap,Technology,India,Bangalore,Growth,16000000.0,5.0,2.0,mPOS solutions provider
Ink Monk,Consumer Internet,India,Chennai,Seed,750000.0,5.0,2.0,Online printing marketplace
Medinfi,Consumer Internet,India,Bangalore,Seed,125000.0,5.0,2.0,Online Doctor Discovery Platform
Mobikon,Technology,India,Pune,Growth,7000000.0,5.0,2.0,Restaurant & Hotel CRM platform
Fieldassist,Technology,India,Gurgaon,Seed,0.0,5.0,2.0,SAAS based sales force automation services
Treebo,Consumer Internet,India,Bangalore,Growth,34000000.0,5.0,2.0,Budget Hotel Aggregator platform
Billion Loans,Consumer Internet,India,Bangalore,Seed,1000000.0,5.0,2.0,Peer to Peer Lending platform
Ecolibriumenergy,Technology,India,Ahmedabad,Growth,2600000.0,5.0,2.0,Energy management solutions provider
Jumbotail,eCommerce,India,Bangalore,Growth,8500000.0,5.0,2.0,online marketplace for food and grocery
Timesaverz,Consumer Internet,India,Mumbai,Growth,1000000.0,5.0,2.0,Hyperlocal home services provider
Minjar,Technology,India,Bangalore,Seed,0.0,5.0,2.0,Cloud Solutions provider
MyCity4kids,Consumer Internet,India,Gurgaon,Seed,0.0,5.0,2.0,parenting blog and kids\\xe2\\x80\\x99 events discovery platform
Clip App,Consumer Internet,India,Bangalore,Seed,1000000.0,5.0,2.0,Digital Media Video platform
Upwardly.in,Consumer Internet,India,Bangalore,Seed,0.0,5.0,2.0,MF investment platform
Autorox.co,Technology,India,Hyderabad,Growth,3000000.0,5.0,2.0,Workshop Management Software Platform
Fabogo,Consumer Internet,India,Pune,Growth,2250000.0,5.0,2.0,Salon & Spa Aggregation & Discovery platform
Flickstree,Consumer Internet,India,Mumbai,Seed,464000.0,5.0,2.0,Video Content Discovery Platform
Design Cafe,Consumer Internet,India,Bangalore,Seed,0.0,5.0,2.0,Online Interior Design platform
Innoviti,Technology,India,Bangalore,Growth,18500000.0,5.0,2.0,Digital payments solutions
VDeliver,Logistics,India,Hyderabad,Growth,0.0,5.0,2.0,Door Step Delivery platform
Bottr.me,Technology,India,Bangalore,Seed,0.0,5.0,2.0,Chatbot creation tool
Arcatron,Technology,India,Pune,Seed,0.0,5.0,2.0,Next Gen Mobility device manufacturer
QwikSpec,Technology,India,Bangalore,Seed,540000.0,5.0,2.0,Construction site operations and analytics platform
Vayana,Technology,India,Pune,Growth,4000000.0,5.0,2.0,Enterprise Banking Solutions
MObiquest,Technology,India,Noida,Growth,0.0,5.0,2.0,Mobile Services & Solutions
Ambee,Consumer Internet,India,Hyderabad,Seed,0.0,5.0,2.0,Ambulance Aggregation Services
Ideal Insurance,Consumer Internet,India,Kolkata,Seed,0.0,5.0,2.0,Online Insurance platform
Hypernova Interactive,Technology,India,Bangalore,Seed,0.0,5.0,2.0,Mobile games creator
Rentomojo,Consumer Internet,India,Bangalore,Growth,10000000.0,5.0,2.0,Consumer Leasing Platform
AirCTO,Consumer Internet,India,Bangalore,Seed,0.0,5.0,2.0,AI powered recruitment platform
Playablo,Technology,India,Bangalore,Seed,600000.0,5.0,2.0,Gamified Learning App
Trupay,Technology,India,Gurgaon,Seed,700000.0,5.0,2.0,Online payments platform
Brick2Wall,eCommerce,India,Gurgaon,Seed,200000.0,5.0,2.0,Online Marketplace for Construction Material
FableStreet,eCommerce,India,New Delhi,Seed,0.0,5.0,2.0,Women Work wear etailer
Monsoon Fintech,Technology,India,New Delhi,Seed,0.0,5.0,2.0,Machine Learning Access platform
MonkeyBox,Consumer Internet,India,Bangalore,Seed,0.0,5.0,2.0,Healthy Food Delivery Platform
Byju\\xe2\\x80\\x99s,Consumer Internet,India,Bangalore,Growth,35000000.0,5.0,2.0,Mobile Learning App
Creator\\xe2\\x80\\x99s Gurukul,Others,India,New Delhi,Seed,0.0,5.0,2.0,Co-Working Space Provider
Fab Hotels,Consumer Internet,India,New Delhi,Growth,25000000.0,5.0,2.0,Budget hotels brand & Aggregator Platform
ThinkerBell,Consumer Internet,India,Bangalore,Seed,200000.0,5.0,2.0,Assisted Learning Startup
Jhakaas,Consumer Internet,India,Mumbai,Seed,0.0,5.0,2.0,App-based Aggregator of Offline Businesses
BigStylist,Consumer Internet,India,Mumbai,Growth,1250000.0,5.0,2.0,Beauty Services Marketplace
Gympik.com,Consumer Internet,India,Bangalore,Seed,0.0,5.0,2.0,online marketplace for discovering fitness centres
Tripeur,Technology,India,Bangalore,Seed,0.0,5.0,2.0,Mobile based travel ERP platform
RentOnGo,eCommerce,India,Bangalore,Seed,234000.0,5.0,2.0,"Online Marketplace for Renting Bikes, Electronics & Appliances"
Goomo,Consumer Internet,India,Mumbai,Growth,50000000.0,5.0,2.0,Online Travel & Holiday Booking platform
MaxMyWealth,Consumer Internet,India,Mumbai,Growth,0.0,5.0,2.0,Online Wealth Management & Savings platform
Spinny,eCommerce,India,Gurgaon,Growth,1000000.0,5.0,2.0,Online Used Car marketplace
Healthbuds,Consumer Internet,India,Kolkata,Seed,0.0,5.0,2.0,Healthcare Discovery & booking platform
Ftcash,Consumer Internet,India,Mumbai,Growth,0.0,5.0,2.0,Mobile Payments platform
BHIVE Workspace,Consumer Internet,India,Bangalore,Growth,1200000.0,5.0,2.0,co-working spaces
wayForward,Consumer Internet,India,New Delhi,Seed,1000000.0,5.0,2.0,Mobile app for Mental Health
GyanDhan,Consumer Internet,India,New Delhi,Growth,0.0,5.0,2.0,Education Marketplace
GrowFitter,Consumer Internet,India,Mumbai,Seed,600000.0,5.0,2.0,health and fitness discovery platform
Stratfit,Consumer Internet,India,Hyderabad,Seed,232000.0,5.0,2.0,Health coaching programs
Multiplier Solutions,Technology,India,Hyderabad,Growth,1500000.0,5.0,2.0,CRM Software for Healthcare space
ABI Health,Technology,India,Bangalore,Growth,1500000.0,5.0,2.0,Unified Digital Health Platform
Stockal,Consumer Internet,India,Bangalore,Seed,350000.0,5.0,2.0,App-based Investment advisory Services
Guidoo,Consumer Internet,India,Mumbai,Seed,300000.0,5.0,2.0,Travel & adventure planning platform
eSahai.in,Consumer Internet,India,Hyderabad,Seed,250000.0,5.0,2.0,ambulance aggregator and medical taxi provider
Loanmeet,Consumer Internet,India,Bangalore,Seed,0.0,5.0,2.0,Online peer-to-peer lending platform
LendingKart,Consumer Internet,India,Ahmedabad,Seed,7800000.0,5.0,2.0,Online Lending platform
Boxx.ai,Technology,India,Bangalore,Growth,500000.0,5.0,2.0,Artificial Intelligence
PeeSafe.in,Healthcare,India,New Delhi,Growth,1000000.0,5.0,2.0,Hygiene care product manufacturer
Vista Rooms,Consumer Internet,India,Mumbai,Seed,776000.0,5.0,2.0,Online rooms aggregation platform
CoverFox,Consumer Internet,India,Mumbai,Growth,15000000.0,5.0,2.0,Online insurance brokerage platform
HyperTrack,Technology,India,New Delhi,Growth,0.0,5.0,2.0,Location tracking solutions
Goodera,Technology,India,Bangalore,Growth,5500000.0,5.0,2.0,CSR and sustainability management platform
Ola,Consumer Internet,India,Bangalore,Growth,50000000.0,5.0,2.0,Cab Aggregation App
Vanitycask,Consumer Internet,India,Mumbai,Seed,0.0,5.0,2.0,Beauty products discovery platform
MrNeeds,Consumer Internet,India,Noida,Seed,500000.0,5.0,2.0,Micro Food Delivery platform
MoneyTap,Consumer Internet,India,Bangalore,Growth,12300000.0,5.0,2.0,Money Lending platform
Goodbox,eCommerce,India,Bangalore,Growth,1000000.0,5.0,2.0,Mobile SAAS\\xc2\\xa0 ECommerce platform for SMEs
PortDesk,Technology,India,Noida,Seed,2000000.0,5.0,2.0,Maritime Solutions
EdgeFx,eCommerce,India,Hyderabad,Seed,0.0,5.0,2.0,DIY project Kits seller
HealthIntel,Healthcare,India,New Delhi,Seed,0.0,5.0,2.0,Online Pharmacy
Unbxd,Technology,India,Bangalore,Growth,12500000.0,5.0,2.0,Cloud-based product discovery platform
DarwinBox,Technology,India,Hyderabad,Growth,4000000.0,5.0,2.0,Enterprise human resources management platform
ForeverShop,Consumer Internet,India,Bangalore,Seed,300000.0,5.0,2.0,Mobile based ecommerce platform
Insider.in,Consumer Internet,India,Mumbai,Growth,5200000.0,5.0,2.0,Events Ticketing platform
Grow Fit,Consumer Internet,India,Bangalore,Growth,4500000.0,5.0,2.0,Health-Tech platform
Fabulyst,Technology,India,Hyderabad,Seed,215000.0,5.0,2.0,Artificial Intelligence based platform
mSwipe,Technology,India,Mumbai,Growth,31000000.0,5.0,2.0,Point-of-Sale services
OneAssist,Consumer Internet,India,Mumbai,Growth,0.0,5.0,2.0,Credit card fraud protection
Julia Computing,Technology,India,Bangalore,Growth,4600000.0,5.0,2.0,Open Source Language for Data Science and Machine Learning
Explore Life traveling,Consumer Internet,India,Bangalore,Seed,500000.0,5.0,2.0,Local homes booking platform
Loantap,Consumer Internet,India,Mumbai,Growth,4000000.0,5.0,2.0,Lending platform for salaried professionals
Voxweb,Consumer Internet,India,Mumbai,Seed,1000000.0,5.0,2.0,Mobile based social networking platform
HUG Innovations,Technology,India,Hyderabad,Growth,5000000.0,5.0,2.0,Gesture based\\xc2\\xa0 Smartwatch manufacturer
V Resorts,Consumer Internet,India,Noida,Growth,4000000.0,5.0,2.0,Holiday & Vacation resort aggregator
Stashfin,Consumer Internet,India,New Delhi,Growth,5000000.0,5.0,2.0,Personal Finance App
Formcept,Consumer Internet,India,Bangalore,Growth,0.0,5.0,2.0,Unified Data Analysis platform
Spares Hub,eCommerce,India,Pune,Seed,311000.0,5.0,2.0,Automobile parts marketplace
FiTraQ,Consumer Internet,India,New Delhi,Seed,0.0,5.0,2.0,Fitness Centre Discovery Platform
Niki.ai,Consumer Internet,India,Bangalore,Growth,2000000.0,5.0,2.0,AI Based Personal Assistant
Fitpass,Consumer Internet,India,New Delhi,Growth,1000000.0,5.0,2.0,Online Fitness Marketplace
ZingHR,Technology,India,Mumbai,Growth,0.0,5.0,2.0,"digital employee solutions,"
Tagos Design,Technology,India,Bangalore,Growth,5000000.0,5.0,2.0,in-video discovery platform
UrbanClap,Consumer Internet,India,Gurgaon,Growth,21000000.0,5.0,2.0,Mobile Services Marketplace
Ace2three,Consumer Internet,India,Hyderabad,Growth,73700000.0,5.0,2.0,Online Rummy playing Website
Innovapptive,Technology,India,Hyderabad,Seed,1500000.0,5.0,2.0,Enterprise Mobility Solutions
4tigo,Logistics,India,Bangalore,Growth,10000000.0,5.0,2.0,Truck Network company
SMECorner,Consumer Internet,India,Mumbai,Growth,0.0,5.0,2.0,Online Platform for small business loans
ZippServe,Consumer Internet,India,Bangalore,Seed,390000.0,5.0,2.0,Real estate risk assessment platform
HealthMir,Consumer Internet,India,New Delhi,Seed,0.0,5.0,2.0,AI-based health content platform
Uactive,Consumer Internet,India,Mumbai,Seed,0.0,5.0,2.0,Health-based social networking & discovery App
i-lend,Consumer Internet,India,Hyderabad,Seed,0.0,5.0,2.0,Peer-to-peer lending platform
Good Methods Global,Technology,India,Trivandrum,Growth,0.0,5.0,2.0,Cloud Based Practice Management Software
Balance App,Consumer Internet,India,Bangalore,Seed,233000.0,5.0,2.0,Money Savings & Management App
YepMe,eCommerce,India,Gurgaon,Growth,700000.0,5.0,2.0,Private Label Fashion etailer
Nightstay,Consumer Internet,India,New Delhi,Seed,0.0,5.0,2.0,Last minute hotel booking mobile app
Devourin,Technology,India,Pune,Seed,0.0,5.0,2.0,Restaurant Automation Solution
MyGreens,Food & Beverage,India,New Delhi,Seed,1000000.0,5.0,2.0,Cold-press Juices manufacturer
Curie Labs,Technology,India,New Delhi,Seed,50000.0,5.0,2.0,Energy Analytics startup
Uncanny Vision,Technology,India,Bangalore,Seed,0.0,5.0,2.0,Computer Vision on Embedded Systems
Sequretek,Technology,India,Mumbai,Growth,0.0,5.0,2.0,IT Security & Data Management Services
Lucideus,Technology,India,New Delhi,Seed,0.0,5.0,2.0,Cyber Security Startup
Vidooly,Consumer Internet,India,Noida,Growth,1400000.0,5.0,2.0,Video Intelligence platform
Shopclues,eCommerce,India,Gurgaon,Growth,7700000.0,5.0,2.0,Online marketplace
Fourth Ambit,Consumer Internet,India,Bangalore,Seed,600000.0,5.0,2.0,Community Building platform
Chymera VR,Technology,India,Bangalore,Seed,0.0,5.0,2.0,Advertising Platform for Virtual Reality
Book My Diamond,eCommerce,India,Mumbai,Seed,0.0,5.0,2.0,Diamond B2B eTailer
ION Energy,Technology,India,Mumbai,Seed,0.0,5.0,2.0,Clean Tech Startup
Legal Raasta,Consumer Internet,India,New Delhi,Growth,5000000.0,5.0,2.0,Legal Services to SMEs & Individuals
Log 9 Materials,Technology,India,Bangalore,Seed,0.0,5.0,2.0,NanoTech product developer
Remit Guru,Consumer Internet,India,Mumbai,Growth,466000.0,5.0,2.0,Digital money transfer platform
Aequm,eCommerce,India,Bangalore,Seed,1000000.0,5.0,2.0,Cloud ECommerce platform
Zapty,Technology,India,Bangalore,Seed,500000.0,5.0,2.0,Project Management tool
Vernacular.ai,Technology,India,Bangalore,Seed,0.0,5.0,2.0,Multi-lingual AI Platform for Businesses
Telr,Technology,India,Mumbai,Growth,3000000.0,5.0,2.0,Online Payment Gateway
Genie,Consumer Internet,India,Chennai,Seed,250000.0,5.0,2.0,hyperlocal delivery and logistics mobile app
Paysense,Consumer Internet,India,Mumbai,Growth,5300000.0,5.0,2.0,Online Lending platform
The Good Life,ECommerce,India,Mumbai,Seed,1000000.0,5.0,2.0,Online Luxury Tea etailer
PumpKart,eCommerce,India,Chandigarh,Seed,0.0,5.0,2.0,Online Water Pumps etailer
EzCred,Consumer Internet,India,Bangalore,Seed,1000000.0,5.0,2.0,Consumer Lending Platform
HealthSutra,Food & Beverage,India,Hyderabad,Seed,0.0,5.0,2.0,Health Food Maker
Delhivery,Logistics,India,New Delhi,Growth,30000000.0,5.0,2.0,ECommerce Logistics provider
ZipGrid,Consumer Internet,India,Mumbai,Seed,500000.0,5.0,2.0,"Cashless, paperless solutions for Housing societies"
TravelSpice,ECommerce,India,Hyderabad,Seed,0.0,5.0,2.0,Travel ECommerce portal
Box8,Consumer Internet,India,Mumbai,Growth,1000000.0,5.0,2.0,Food Delivery Platform
GenNext Students,Consumer Internet,India,Mumbai,Seed,580000.0,5.0,2.0,Online Tutoring Services
WhatsLoan,Consumer Internet,India,Bangalore,Seed,0.0,5.0,2.0,Online Lending mobile app
Cube Consumer Services,Consumer Internet,India,Mumbai,Seed,0.0,5.0,2.0,Finance management Mobile app
Wowflux,Technology,India,New Delhi,Seed,0.0,5.0,2.0,image Processing solution
Collateral Medical,eCommerce,India,Mumbai,Growth,3500000.0,5.0,2.0,Online Medical equipment supplier
Loadshare,Logistics,India,Bangalore,Seed,0.0,5.0,2.0,Express Logistics Network
SimpliLend,Consumer Internet,India,New Delhi,Seed,0.0,5.0,2.0,Online lending platform
SastaSundar,eCommerce,India,Kolkata,Growth,5000000.0,5.0,2.0,Online Pharmacy
Eruditus,Education,India,Mumbai,Growth,8200000.0,5.0,2.0,Executive Education Provider
TestBook,Consumer Internet,India,Mumbai,Growth,0.0,5.0,2.0,Online Test Preparation Platform
Healthcare at Home,Healthcare,India,Noida,Growth,40000000.0,5.0,2.0,Home Healthcare Provider
Tyre Express,Technology,India,Mumbai,Seed,0.0,5.0,2.0,Enterprise IoT solutions For Tyre Performance
SmartCoin,Consumer Internet,India,Bangalore,Growth,0.0,5.0,2.0,Micro Lending platform
WayCool,Food & Beverage,India,Chennai,Growth,2700000.0,5.0,2.0,Fresh-Produce Distribution Platform
Perfios,Technology,India,Bangalore,Growth,6100000.0,5.0,2.0,Fin-Tech Solutions
Whatfix,Technology,India,Bangalore,Growth,3690000.0,5.0,2.0,Interactive Tech-Support Guides
ElastiRun,Technology,India,Pune,Growth,7000000.0,5.0,2.0,App based Logistics & Distribution platform
Trukky,Consumer Internet,India,Ahmedabad,Seed,500000.0,5.0,2.0,Online Truck Aggregator & Booking platform
Konsult App,Consumer Internet,India,New Delhi,Seed,500000.0,5.0,2.0,App based Doctor Consulting platform
Credit Sudhaar,Consumer Internet,India,Mumbai,Seed,0.0,5.0,2.0,Credit Score Improvement platform
DataWeave,Technology,India,Bangalore,Growth,0.0,5.0,2.0,Business Intelligence Solutions
Medwell Ventures,Healthcare,India,Bangalore,Growth,21000000.0,5.0,2.0,Home-Based Healthcare provider
Mech Mocha,Consumer Internet,India,Bangalore,Growth,5000000.0,5.0,2.0,Mobile gaming startup
Startup Buddy,Consumer Internet,India,Gurgaon,Seed,0.0,5.0,2.0,Startup Support Platform
QorQI,Healthcare,India,Noida,Seed,0.0,5.0,2.0,Online Healthcare provider
Twenty Two Motors,Technology,India,Gurgaon,Seed,0.0,5.0,2.0,Smart Scooter manufacturer
WonderChef,eCommerce,India,Mumbai,Growth,0.0,5.0,2.0,Online marketplace for kitchen products
FastFox,Consumer Internet,India,Gurgaon,Growth,4600000.0,5.0,2.0,Online rental discovery platform
Omnify,Technology,India,Bangalore,Seed,150000.0,5.0,2.0,SaaS platform for SMEs
MergerWare,Technology,India,Bangalore,Seed,100000.0,5.0,2.0,Software solutions for M&As
Clovia,eCommerce,India,New Delhi,Growth,4000000.0,5.0,2.0,Online lingerie & Sleepwear etailer
Emiza,Logistics,India,Mumbai,Growth,4500000.0,5.0,2.0,Third Party Logistics provider
HackerEarth,Consumer Internet,India,Bangalore,Growth,4500000.0,5.0,2.0,Online Skill Assessment Platform
Squadrun,Technology,India,Noida,Growth,2100000.0,5.0,2.0,Software-As-a-Service Platform
ScoutMyTrip,Consumer Internet,India,Mumbai,Seed,0.0,5.0,2.0,Online Travel planner
SafetyKart,eCommerce,India,Gurgaon,Growth,0.0,5.0,2.0,Safety & Hygiene Products etailer
WeAreHolidays,Consumer Internet,India,Gurgaon,Growth,7700000.0,5.0,2.0,Travel Packages & Planner marketplace
Myly,Consumer Internet,India,Jaipur,Seed,310000.0,5.0,2.0,Mobile App for Schools
CrediHealth,Consumer Internet,India,Gurgaon,Growth,1500000.0,5.0,2.0,Online Medical Assistance platform
Navia Life Care,Technology,India,New Delhi,Seed,0.0,5.0,2.0,Health Technology platform
Raw Pressery,Food & Beverages,India,Mumbai,Seed,0.0,5.0,2.0,Raw Pressed Juices manufacturer
Snackible,Food & Beverages,India,Mumbai,Seed,175000.0,5.0,2.0,Healthy Snacks manufacturer
Be U Salons,Consumer Internet,India,New Delhi,Seed,620000.0,5.0,2.0,Online Salon discovery & Booking Services
Simulanis,Consumer Internet,India,New Delhi,Seed,0.0,5.0,2.0,eLearning & Skills Development plat
Innefu Security Consulting,Technology,India,New Delhi,Growth,2000000.0,5.0,2.0,Cyber Security solutions using AI
Whodat,Technology,India,Bangalore,Growth,600000.0,5.0,2.0,Markerless AR platform
Absentia VR,Technology,India,Bangalore,Growth,1250000.0,5.0,2.0,Virtual Reality Startup
IOTrek,Technology,India,New Delhi,Seed,155000.0,5.0,2.0,IoT Platform for Bus
HolaChef,Consumer Internet,India,Mumbai,Growth,3000000.0,5.0,2.0,Online Food Delivery
Wooplr,eCommerce,India,Bangalore,Growth,0.0,5.0,2.0,Social Commerce\\xc2\\xa0 Fashion platform
Video Ken,Consumer Internet,India,Bangalore,Seed,1000000.0,5.0,2.0,Video Based Collaborative Learning
Faasos,Food & Beverage,India,Pune,Growth,6300000.0,5.0,2.0,QSR chain and online food delivery
Oyo Rooms,Consumer Internet,India,Gurgaon,Growth,250000000.0,5.0,2.0,Branded Budget Hotels Aggregator
Niramai,Healthcare,India,Bangalore,Seed,0.0,5.0,2.0,Breast Cancer Screening Solutions
The Office Pass,Consumer Internet,India,Gurgaon,Seed,245000.0,5.0,2.0,CoWorking Spaces booking platform
Awfis,Consumer Internet,India,Mumbai,Growth,20000000.0,5.0,2.0,Collaborative co-Working Spaces
Myra,Consumer Internet,India,Bangalore,Growth,0.0,5.0,2.0,Online Pharmacy
Flytxt,Technology,India,Mumbai,Growth,11000000.0,5.0,2.0,Customer data analytics software
Howdy Ventures,Consumer Internet,India,Chennai,Seed,1500000.0,5.0,2.0,Public and Private Events creation app
StalkBuyLove,eCommerce,India,New Delhi,Growth,1000000.0,5.0,2.0,Online fashion marketplace
ZipGo,Consumer Internet,India,Bangalore,Growth,0.0,5.0,2.0,Bus Pooling services platform
Scootsy,Consumer Internet,India,Mumbai,Growth,3600000.0,5.0,2.0,On-Demand Food Delivery
Autobix,Technology,India,Pune,Seed,0.0,5.0,2.0,Software Solutions for Auto Dealership
eShiksha,Technology,India,Jaipur,Seed,0.0,5.0,2.0,Education Institution Management Solutions
Sepalika,Consumer Internet,India,New Delhi,Seed,750000.0,5.0,2.0,Healthcare related content platform
Mintwalk,Consumer Internet,India,Mumbai,Seed,0.0,5.0,2.0,Financial advisory mobile app
Qriyo,Consumer Internet,India,Jaipur,Growth,0.0,5.0,2.0,Tutor Discovery & Booking platform
Belong,Consumer Internet,India,Bangalore,Growth,10000000.0,5.0,2.0,Online Jon Portal
Seenit,Consumer Internet,India,Kolkata,Seed,0.0,5.0,2.0,AI based Fashion Search Portal
Paalak,ECommerce,India,New Delhi,Seed,0.0,5.0,2.0,Fresh Produce Selling portal
Celes Care,Consumer Internet,India,Hyderabad,Growth,1500000.0,5.0,2.0,Women Healthcare & Information portal
Karomi,Technology,India,Chennai,Seed,500000.0,5.0,2.0,Packaging Artwork Management software
Red Carpet,Consumer Internet,India,Gurgaon,Growth,2500000.0,5.0,2.0,Micro Lending platform
Kreate Konnect,Technology,India,Vadodara,Seed,0.0,5.0,2.0,End-to-End Seller e-commerce solutions Provider
CreditMantri,Consumer Internet,India,Chennai,Growth,7600000.0,5.0,2.0,Online Credit score & lending platform
Lets Endorse,Consumer Internet,India,Bangalore,Seed,0.0,5.0,2.0,Online Ecosystem of social innovators
Tydy,Technology,India,Bangalore,Seed,275000.0,5.0,2.0,Employee Onboarding and Engagement platform
Nactus,Consumer Internet,India,Jaipur,Seed,0.0,5.0,2.0,Professional Tutors discovery & booking mobile app
Oho Shop,Technology,India,Ahmedabad,Growth,6700000.0,5.0,2.0,eCommerce Mobile App Builder
Emojifi,Consumer Internet,India,Hyderabad,Seed,0.0,5.0,2.0,Mobile App for live emoji
Paytm Marketplace,ECommerce,India,Bangalore,Growth,200000000.0,5.0,2.0,ECommerce Marketplace
iGenetics,Healthcare,India,Mumbai,Growth,19500000.0,5.0,2.0,Health Diagnostic Solutions
Juno Clinic,Consumer Internet,India,Mumbai,Seed,1200000.0,5.0,2.0,Online Counseling Platform
Summerlabel,Consumer Internet,India,Gurgaon,Seed,150000.0,5.0,2.0,Fashion and Lifestyle discovery platform
PickMe,Consumer Internet,India,Mumbai,Growth,1790000.0,5.0,2.0,Gadget Insurance & Repair Services platform
Agrostar,Technology,India,Pune,Growth,10000000.0,5.0,2.0,Direct-to-Farmer Mobile-Based Retail platform
Zapr,Technology,India,Bangalore,Growth,10000000.0,5.0,2.0,"DSP, TV Analytics & Cross-Platform advertising"
Data Resolve,Technology,India,Noida,Growth,1000000.0,5.0,2.0,Cyber Security Solutions
Book Servicing,Consumer Internet,India,New Delhi,Seed,30000.0,5.0,2.0,Online Vehicle Services Booking platform
Blowhorn,Consumer Internet,India,Bangalore,Growth,3650000.0,5.0,2.0,Intra-City Logistics provider
PipeCandy,Technology,India,Chennai,Seed,1100000.0,5.0,2.0,Intelligent Sales Prospecting Platform
Parentune,Consumer Internet,India,Gurgaon,Growth,0.0,5.0,2.0,Online Community for Parents
AppBrowzer,Consumer Internet,India,Bangalore,Seed,500000.0,5.0,2.0,Instant Mobile Apps Store
MagicBricks,Consumer Internet,India,Mumbai,Growth,4500000.0,5.0,2.0,Online Real Estate Portal
PeeBuddy,Healthcare,India,New Delhi,Seed,443000.0,5.0,2.0,Female Hygiene product manufacturer
iOrderFresh,ECommerce,India,New Delhi,Seed,0.0,5.0,2.0,Online fresh fruits and grocery store
Lavelle Networks,Technology,India,Bangalore,Seed,600000.0,5.0,2.0,SDN Solutions
PropertyShare,Consumer Internet,India,Bangalore,Seed,0.0,5.0,2.0,Fractional Proerty Ownership & Rental platform
MyDermacy,Consumer Internet,India,New Delhi,Growth,0.0,5.0,2.0,Online Dermatology consultation platform
LatestOne,eCommerce,India,Hyderabad,Growth,3350000.0,5.0,2.0,Tech Accessories e-tailer
Frapperz,Consumer Internet,India,Kolkata,Seed,100000.0,5.0,2.0,On-demand home services provider
mPaani,Consumer Internet,India,Mumbai,Growth,1350000.0,5.0,2.0,Loyalty rewards app
ShilpMIS,Technology,India,Surat,Seed,0.0,5.0,2.0,Virtual Reality platform
Fitso,Consumer Internet,India,Gurgaon,Seed,200000.0,5.0,2.0,Fitness Mobile App
FarMart,Technology,India,Gurgaon,Seed,0.0,5.0,2.0,Farming rental equipment provider
Airpay,Technology,India,Mumbai,Growth,3670000.0,5.0,2.0,Online payment Gateway
MyGlamm,Consumer Internet,India,Mumbai,Growth,5300000.0,5.0,2.0,On-Demand Beauty Services
The Mons Co.,eCommerce,India,New Delhi,Seed,0.0,5.0,2.0,Pregnancy & Baby Care etailer
Haqdarshak,Consumer Internet,India,Bangalore,Seed,191000.0,5.0,2.0,Tech-Enabled Social Enterprise
Ixigo,Consumer Internet,India,Gurgaon,Growth,15000000.0,5.0,2.0,Online Travel Search Engine
Markets and Markets,Technology,India,Pune,Growth,56000000.0,5.0,2.0,Marketing Research Company
Bizom,Technology,India,Bangalore,Seed,382000.0,5.0,2.0,supply chain automation platform
BabyonBoard,Consumer Internet,India,Bangalore,Seed,0.0,5.0,2.0,Parenting Mobile App
Sport Flashes,Consumer Internet,India,New Delhi,Seed,0.0,5.0,2.0,Sports Based Online Media portal
Wigzo,Technology,India,New Delhi,Growth,0.0,5.0,2.0,Enterprise Automation suite
DoneThing,Consumer Internet,India,Gurgaon,Growth,300000.0,5.0,2.0,On-demand Personal Assistant service
Zapyle,ECommerce,India,Bangalore,Seed,0.0,5.0,2.0,Luxury Fashion Marketplace
Ithaka,Consumer Internet,India,Mumbai,Seed,325000.0,5.0,2.0,Vacation Trip Planning platform
perpule,eCommerce,India,Bangalore,Seed,650000.0,5.0,2.0,Self-Checkout ECommerce App
Emflux Motors,Technology,India,Bangalore,Seed,0.0,5.0,2.0,Electric Motorcycle manufacturer
Klinic App,Consumer Internet,India,Gurgaon,Seed,0.0,5.0,2.0,Pathology & Diagnostic Tests Portal
Oriano Solar,Technology,India,Mumbai,Growth,3000000.0,5.0,2.0,Turnkey Solar Solutions
Rooter,Consumer Internet,India,New Delhi,Growth,0.0,5.0,2.0,Sports engagement platform
FalconBrick,Technology,India,Bangalore,Seed,0.0,5.0,2.0,Real-Estate Workflow mobile app
Clodura,Technology,India,Pune,Seed,0.0,5.0,2.0,Intelligent Sales Assistant
Stockroom.io,Consumer Internet,India,Hyderabad,Seed,0.0,5.0,2.0,Curated Platform for Developers
iManageMyHotel,Technology,India,Kolkata,Seed,0.0,5.0,2.0,Hotel Management Solution
Inner Hour,Consumer Internet,India,Mumbai,Seed,450000.0,5.0,2.0,Online Counselling Platform
Travel Triangle,Consumer Internet,India,Noida,Growth,10000000.0,5.0,2.0,Online travel agent marketplace
Wandertrails,Consumer Internet,India,Bangalore,Seed,1000000.0,5.0,2.0,"Online Travel, Adventure & Activities Portal"
Zenatix,Technology,India,Gurgaon,Growth,1200000.0,5.0,2.0,IoT Based Energy Monitoring & Control
Cartrade,Consumer Internet,India,Mumbai,Growth,55000000.0,5.0,2.0,Automobile Classifieds Portal
MindYourFleet,Technology,India,Noida,Seed,0.0,5.0,2.0,Car Rental Software Solutions
Edurev,Consumer Internet,India,Gurgaon,Seed,40000.0,5.0,2.0,Online Education Portal
Voonik,ECommerce,India,Bangalore,Growth,6000000.0,5.0,2.0,Women Apparel & Lifestyle etailer
1Crowd,Finance,India,Mumbai,Seed,0.0,5.0,2.0,Startup Crowd-funding platform
48East,ECommerce,India,Bangalore,Growth,500000.0,5.0,2.0,Online Food Delivery Platform
Redesyn,Consumer Internet,India,Mumbai,Seed,0.0,5.0,2.0,Tech Enabler for Artists
Flutura,Technology,India,Bangalore,Growth,7500000.0,5.0,2.0,Decision Sciences Analytics Solutions
Wassup,Consumer Internet,India,Chennai,Growth,3200000.0,5.0,2.0,On Demand Laundry & Dry Cleaning Services
Better Mortgage,Consumer Internet,India,Gurgaon,Growth,15000000.0,5.0,2.0,Mortgage Offering Platform
Nurturey,Consumer Internet,India,New Delhi,Seed,330000.0,5.0,2.0,Parenting Mobile App
Fyle,Technology,India,Bangalore,Seed,400000.0,5.0,2.0,Expense Management Solution
GoBumpr,Consumer Internet,India,Chennai,Seed,300000.0,5.0,2.0,Online Bike & Car Services provider
CCAvenue,Consumer Internet,India,Mumbai,Growth,22400000.0,5.0,2.0,Online Payment Gateway
Connaizen,Technology,India,New Delhi,Seed,0.0,5.0,2.0,Data Analytics platform
AirZaar,Technology,India,Missourie,Seed,350000.0,5.0,2.0,Drone operations management platform
Truebil,Consumer Internet,India,Mumbai,Growth,3000000.0,5.0,2.0,Online Marketplace for Used Cars
YourStory,Consumer Internet,India,Bangalore,Growth,3000000.0,5.0,2.0,Online Media
Imaginate,Technology,India,Hyderabad,Seed,500000.0,5.0,2.0,AR & VR platform
Aisle,Consumer Internet,India,Bangalore,Seed,0.0,5.0,2.0,Online match-making app
TownScript,Consumer Internet,India,Pune,Growth,0.0,5.0,2.0,DIY event registration and ticketing portal
Leopetra,eCommerce,India,Mumbai,Seed,40000.0,5.0,2.0,Solution provider for pet needs
Blood n Care,Consumer Internet,India,Gurgaon,Seed,40000.0,5.0,2.0,First Aid care app
Vebbler,Consumer Internet,India,Bangalore,Seed,40000.0,5.0,2.0,Photo Sharing for Groups
Lets Reap,Consumer Internet,India,Mumbai,Seed,0.0,5.0,2.0,B2B Mobile App for Pharmacies
Oglas,Consumer Internet,India,Noida,Seed,0.0,5.0,2.0,Mobile Advertising App
Staydobe,Consumer Internet,India,Bangalore,Seed,0.0,5.0,2.0,Co-Living Spaces Aggregator
Johari Shop,ECommerce,India,Bangalore,Seed,94000.0,5.0,2.0,Online Jewellery etailer
NeoStencil,Consumer Internet,India,New Delhi,Growth,1000000.0,5.0,2.0,Live Online Coaching Classes
TaxSutra,Consumer Internet,India,Pune,Seed,366000.0,5.0,2.0,Online Tax Filing platform
TempoGo,Technology,India,Panaji,Seed,825000.0,5.0,2.0,IoT & SAAS Solutions for Transportation Industry
GoFynd,ecommerce,India,Mumbai,Seed,0.0,5.0,2.0,Fashion ecommerce portal
Vow Car Clinic,Consumer Internet,India,Gurgaon,Seed,0.0,5.0,2.0,Online/App Based Car cleaning service provider
LearnTron,Technology,India,Chennai,Seed,0.0,5.0,2.0,Blended Learning Delivery App for Schools & Corporates
MobiDent,Consumer Internet,India,Bangalore,Growth,0.0,5.0,2.0,Dentist Appointments booking platform
Yostra,Technology,India,Bangalore,Growth,0.0,5.0,2.0,Healthcare Technology Solutions
Leap India,Logistics,India,Mumbai,Growth,13000000.0,5.0,2.0,Supply Chain Solutions Provider
FreeCharge,Consumer Internet,India,Mumbai,Growth,57000000.0,5.0,2.0,Mobile Wallet
TicketNew,Consumer Internet,India,Chennai,Growth,35000000.0,5.0,2.0,Movie Ticket Booking platform
Intelligence Node,Technology,India,Mumbai,Growth,800000.0,5.0,2.0,SAAS Based Retail Analytics Solutions
Securens,Technology,India,Mumbai,Growth,5000000.0,5.0,2.0,e-surveillance services provider
Loan Frame,Consumer Internet,India,Gurgaon,Growth,2250000.0,5.0,2.0,Small Business Loans Marketplace platform
DriveSkool,Consumer Internet,India,Bangalore,Seed,0.0,5.0,2.0,online marketplace for driving schools
LensKart,eCommerce,India,Bangalore,Growth,3500000.0,5.0,2.0,Online eyewear retailer
InstaOffice,Consumer Internet,India,Gurgaon,Seed,0.0,5.0,2.0,CoWorking Spaces booking platform
Hansel.io,Consumer Internet,India,Bangalore,Growth,1350000.0,5.0,2.0,Real-time Mobile App Management Platform
Square Yards,Consumer Internet,India,Gurgaon,Growth,10000000.0,5.0,2.0,Property Search Aggregator platform
Roambee,Technology,India,Mumbai,Growth,4100000.0,5.0,2.0,IoT smart Logistics and Asset Management Company
PaisaWapas,Consumer Internet,India,Bangalore,Seed,0.0,5.0,2.0,Cashback & Coupons platform
iService,Consumer Internet,India,Bangalore,Seed,440000.0,5.0,2.0,Gadgets Repair & Service Booking platform
SecururAX,Technology,India,Bangalore,Growth,0.0,5.0,2.0,Cloud-based solutions provider
Leadburg,Consumer Internet,India,Bangalore,Seed,0.0,5.0,2.0,Personality Development Mobile App
ZoloStays,Consumer Internet,India,Bangalore,Growth,5000000.0,5.0,2.0,Branded PG Accomodation booking platform
Oi Media,Technology,India,New Delhi,Seed,0.0,5.0,2.0,SAAS Based Media Marketing platform
HipCouch,Consumer Internet,India,Mumbai,Seed,700000.0,5.0,2.0,Custom & Modular Furniture platform
Curiositi,Consumer Internet,India,Bangalore,Growth,800000.0,5.0,2.0,Online Learning Platform
TinyStep,Consumer Internet,India,Bangalore,Growth,2000000.0,5.0,2.0,Parenting Info & Social Network
Practo,Consumer Internet,India,Bangalore,Growth,55000000.0,5.0,2.0,Online Healthcare platform
Ketchupp,Consumer Internet,India,New Delhi,Seed,441000.0,5.0,2.0,Food Discovery Platform
Hoopy,Consumer Internet,India,Gwalior,Seed,500000.0,5.0,2.0,Online Car Service Platform
Ezytruk,Consumer Internet,India,Bangalore,Seed,147000.0,5.0,2.0,Logistics and truck aggregator platform
Kratikal,Technology,India,New Delhi,Seed,0.0,5.0,2.0,Cyber Security Solution provider
Direct Create,eCommerce,India,Gurgaon,Seed,0.0,5.0,2.0,B2B Marketplace for Handicrafts
Vahdam Teas,eCommerce,India,New Delhi,Seed,650000.0,5.0,2.0,Online Tea etailer
Qwikspec,Technology,India,Bangalore,Seed,300000.0,5.0,2.0,Cloud-based construction
PParke,Consumer Internet,India,Bangalore,Seed,0.0,5.0,2.0,Parking Solutions mobile app
Weddingz.in,Consumer Internet,India,Mumbai,Growth,1000000.0,5.0,2.0,Online Marketplace for Wedding Venues and vendors
Native Special,eCommerce,India,Karur,Seed,0.0,5.0,2.0,Indian Sweets & Snacks etailer
Fitnapp,Consumer Internet,India,Noida,Growth,0.0,5.0,2.0,Fitness Mobile App
Ethosh,Technology,India,Pune,Seed,0.0,5.0,2.0,Visual and Interactive communications Solutions
MessaGif,Consumer Internet,India,New Delhi,Seed,50000.0,5.0,2.0,social messaging platform
SmartHi,Technology,India,Pune,Seed,0.0,5.0,2.0,Audit automation Solutions
CRON Systems,Technology,India,New Delhi,Seed,0.0,5.0,2.0,Border Intrusion Alert Solutions
CueMath,Technology,India,New Delhi,Growth,15000000.0,5.0,2.0,Maths Learning program
ChipperSage,Technology,India,Bangalore,Seed,0.0,5.0,2.0,Online learning platform
SelectJobs,Consumer Internet,India,Mumbai,Seed,0.0,5.0,2.0,Online Job portal
Khel Now,Consumer Internet,India,Bangalore,Growth,500000.0,5.0,2.0,Mobile-based Social Platform for Sports
NowFloats,Consumer Internet,India,Hyderabad,Growth,10000000.0,5.0,2.0,Platform to take businesses online
Lets Transport,Consumer Internet,India,Bangalore,Growth,4000000.0,5.0,2.0,Online transport vehicle booking platform
BetaOut,Technology,India,Noida,Growth,0.0,5.0,2.0,ECommerce Marketing Software
Wishberry,Consumer Internet,India,Mumbai,Seed,0.0,5.0,2.0,Crowdfunding Platform
RML Agtech,Technology,India,Pune,Growth,4000000.0,5.0,2.0,Agri Decision Support Solution for farmers
LoyaltyPrime,Technology,India,New Delhi,Growth,0.0,5.0,2.0,Loyalty program management solutions
InstaSafe,Technology,India,Bangalore,Growth,2200000.0,5.0,2.0,Security-as-a-Service solution provider
99Games,Technology,India,Udupi,Seed,0.0,5.0,2.0,Mobile Game Developer Studio
AirMed Labs,Consumer Internet,India,Ahmedabad,Growth,1400000.0,5.0,2.0,Health Tests Booking platform & ePharmacy
99PerHour,Consumer Internet,India,Chennai,Seed,300000.0,5.0,2.0,Hyper-local Handyman Service provider
Kochi Post,Consumer Internet,India,Kochi,Seed,0.0,5.0,2.0,English Online News portal
Intuit Things,Technology,India,Mumbai,Seed,106000.0,5.0,2.0,IoT solutions for home automation applications
Cloudrino,Technology,India,New Delhi,Seed,22500.0,5.0,2.0,Cloud based Virtual Servers
FabX,eCommerce,India,Mumbai,Seed,68000.0,5.0,2.0,Used Furniture Marketplace
Maptags,Consumer Internet,India,Bangalore,Seed,18000.0,5.0,2.0,Smart Online address tags
YOLO Health,Consumer Internet,India,Mumbai,Seed,0.0,5.0,2.0,Online Healthcare platform
Heads Up For Tails,eCommerce,India,New Delhi,Growth,2000000.0,5.0,2.0,Online Pet Products Store
Register My Marriage,Consumer Internet,India,New Delhi,Seed,0.0,5.0,2.0,Online Marriage Registration services
SidQam,Technology,India,Noida,Growth,1200000.0,5.0,2.0,Healthcare Software System
India Lends,Consumer Internet,India,New Delhi,Growth,4000000.0,5.0,2.0,Online Instant personal Loan provider
Slide App,Consumer Internet,India,New Delhi,Growth,3600000.0,5.0,2.0,Lock screen Rewards mobile app
Badiyajobs,Consumer Internet,India,New Delhi,Seed,100000.0,5.0,2.0,Entry-Level job Seekers platform
Streo,Consumer Internet,India,Bangalore,Seed,0.0,5.0,2.0,Live Music Streaming App
TYGR,Technology,India,Mumbai,Growth,3000000.0,5.0,2.0,Transport and logistics mobile App
Mr Hot Foods,Consumer Internet,India,Indore,Seed,0.0,5.0,2.0,Online Food Ordering & Delivery Portal
UrDoorStep,eCommerce,India,Bangalore,Growth,1400000.0,5.0,2.0,Online Grocery Store
Diro Labs,Consumer Internet,India,New Delhi,Seed,147000.0,5.0,2.0,Mobile Contacts Management app
THB,Technology,India,Gurgaon,Seed,0.0,5.0,2.0,Clinical research and data analytics
LookAtMe,Consumer Internet,India,Singapore,Seed,0.0,5.0,2.0,Mobile App based Fashion Network
Netree,eCommerce,India,New Delhi,Seed,0.0,5.0,2.0,Mobile-only Retailers Engagement Solution
BookEventz,Consumer Internet,India,Mumbai,Seed,0.0,5.0,2.0,"Venue, Events Booking platform"
Tailslife,Consumer Internet,India,Bangalore,Seed,0.0,5.0,2.0,Pet Parenting mobile app
WealthApp,Consumer Internet,India,Bangalore,Seed,440000.0,5.0,2.0,Online Investment Advisory platform
Vehico,Technology,India,Bangalore,Seed,0.0,5.0,2.0,Connected Transportation solutions
Zest Money,Consumer Internet,India,Mumbai,Growth,6500000.0,5.0,2.0,Online Consumer Lending platform
GoMechanic,Consumer Internet,India,Gurgaon,Seed,250000.0,5.0,2.0,Online Car servicing Booking platform
Stalk Buy Love,eCommerce,India,New Delhi,Growth,6000000.0,5.0,2.0,Fashion Apparel eTailer
Wittyparot,Technology,India,Bangalore,Seed,450000.0,5.0,2.0,Content Management & Productivity platform
NeuroEquilibrium,Technology,India,Jaipur,Seed,250000.0,5.0,2.0,Health-Tech platform
Xseed Education,Technology,India,Bangalore,Growth,10000000.0,5.0,2.0,Education & learning Tech platform
Rupaiya Exchange,Consumer Internet,India,New Delhi,Seed,200000.0,5.0,2.0,P2P Lending platform
Doctor Insta,Consumer Internet,India,Gurgaon,Growth,2000000.0,5.0,2.0,Online Doctor Consulting platform
Fresh Food Concepts,Food & Beverage,India,New Delhi,Seed,2000000.0,5.0,2.0,Cold Press Juice manufacturer & seller
Indifi,Consumer Internet,India,Gurgaon,Growth,10000000.0,5.0,2.0,Online lending platform
GoComet,Logistics,India,Mumbai,Seed,0.0,5.0,2.0,Marketplace for International Freight
Fitmein,Consumer Internet,India,New Delhi,Seed,0.0,5.0,2.0,Fitness Discovery & Booking platform
Qacco,Consumer Internet,India,Gurgaon,Seed,150000.0,5.0,2.0,Hotel Booking platform
MoEngage,Technology,India,Bangalore,Seed,0.0,5.0,2.0,User analytics and engagement platform
Ten3t Health,Technology,India,Bangalore,Seed,0.0,5.0,2.0,medical grade wearable patch maker
Trading Bells,Consumer Internet,India,Indore,Seed,297000.0,5.0,2.0,Online Share & Commodity Broking platform
SERV\\xe2\\x80\\x99D,Consumer Internet,India,Pune,Seed,100000.0,5.0,2.0,Financial Services For Unorganized Workforce
IdeaForge,Technology,India,Mumbai,Growth,10000000.0,5.0,2.0,Drone Manufacturing
Amagi Media Labs,Technology,India,Mumbai,Growth,35000000.0,5.0,2.0,Media Technology Solutions
Pocket Aces,Technology,India,Mumbai,Growth,3000000.0,5.0,2.0,Digital Entertainment Company
Pi Data Centers,Technology,India,Hyderabad,Growth,23000000.0,5.0,2.0,Cloud Data Center Solutions provider
TripShelf,Consumer Internet,India,New Delhi,Seed,123000.0,5.0,2.0,Holiday Packages provider
VivoCarat,eCommerce,India,Mumbai,Seed,50000.0,5.0,2.0,Online jewellery marketplace
Tiyo,Consumer Internet,India,Kolkata,Seed,0.0,5.0,2.0,Doctor Search Mobile App
Zoomcar,Consumer Internet,India,Bangalore,Growth,0.0,5.0,2.0,Self-Driven Cab booking platform
BYJU\\xe2\\x80\\x99s,Consumer Internet,India,Bangalore,Growth,15000000.0,5.0,2.0,Online Learning platform
The BlueBook,Consumer Internet,India,Bangalore,Seed,500000.0,5.0,2.0,online to offline marketing platform
Vegetall,eCommerce,India,Chennai,Seed,162000.0,5.0,2.0,Online Vegetable eTailer
Innoplexus,Technology,India,Pune,Growth,0.0,5.0,2.0,Data as a Service Provider
Mindler,Consumer Internet,India,New Delhi,Seed,324000.0,5.0,2.0,Career Planning & Assessment platform
MCaffeine,eCommerce,India,Bangalore,Seed,300000.0,5.0,2.0,Personal care product etailer
enKast,Technology,India,Bangalore,Growth,2000000.0,5.0,2.0,Cloud based CRM for Agencies
MyAdvo,Consumer Internet,India,New Delhi,Seed,0.0,5.0,2.0,Legal Advice Platform
Asocon,Technology,India,Noida,Seed,0.0,5.0,2.0,Process management startup
LexComply,Consumer Internet,India,New Delhi,Seed,0.0,5.0,2.0,Compliance Management Software
The Postbox,eCommerce,India,Chennai,Seed,0.0,5.0,2.0,Art & Lifestyle ECommerce Store
Pandorum Technologies,Technology,India,Bangalore,Seed,0.0,5.0,2.0,3D printed experimental Human Liver tissue creator
Dekkho,Consumer Internet,India,Mumbai,Seed,1200000.0,5.0,2.0,Video Streaming platform
Shadowfox,Logistics,India,Gurgaon,Growth,10000000.0,5.0,2.0,On-Demand Delivery Service
Healthifyme,Consumer Internet,India,Bangalore,Growth,1000000.0,5.0,2.0,Fitness Mobile App
LetsMD,Consumer Internet,India,New Delhi,Seed,0.0,5.0,2.0,Healthcare plan comparison platform
Justbooks,Consumer Internet,India,Bangalore,Seed,0.0,5.0,2.0,Library Chain Aggregator
InstantPay,Consumer Internet,India,New Delhi,Growth,0.0,5.0,2.0,Digital payments & recharge platform
PickMyLaundry,Consumer Internet,India,New Delhi,Seed,200000.0,5.0,2.0,On-Demand Washing & Dry Cleaning Services
FreshDesk,Consumer Internet,India,Chennai,Growth,55000000.0,5.0,2.0,SAAS Based HelpDesk Services
LaundryAnna,Consumer Internet,India,Bangalore,Seed,150000.0,5.0,2.0,On-Demand Washing & Dry Cleaning Services
Zarget,Technology,India,Chennai,Growth,6000000.0,5.0,2.0,SaaS-based web optimisation and marketing platform
DoSelect,Consumer Internet,India,Bangalore,Seed,0.0,5.0,2.0,Skill Showcasing platform
EasyPolicy,Consumer Internet,India,Noida,Growth,10000000.0,5.0,2.0,Online insurance Portal
Browntape,Technology,India,Goa,Growth,0.0,5.0,2.0,cloud-based software solutions company
Connect India,Logistics,India,Bangalore,Growth,1000000.0,5.0,2.0,Last mile Delivery Network
Corseco,Technology,India,New Delhi,Seed,150000.0,5.0,2.0,AI-based Software as a Service Solution provider
vImmune,Consumer Internet,India,Bangalore,Seed,0.0,5.0,2.0,Immunisation Management Platform
The Gourmet Jar,eCommerce,India,Noida,Seed,0.0,5.0,2.0,Gourmet Food etailer
Medzin,eCommerce,India,New Delhi,Seed,45000.0,5.0,2.0,Online ordering & Delivery of medicines
JustRide,Consumer Internet,India,Mumbai,Growth,3000000.0,5.0,2.0,Online Car Sharing platform
IIM Jobs,Consumer Internet,India,New Delhi,Growth,2000000.0,5.0,2.0,Online Job Portal
GolfLAN,Consumer Internet,India,New Delhi,Growth,1000000.0,5.0,2.0,Golf Session Online Bookings platform
Yottaasys,Technology,India,Bangalore,Growth,0.0,5.0,2.0,Data Sciences platform
Tone Tag,Technology,India,Bangalore,Growth,0.0,5.0,2.0,Contactless Payment Solution
Life in Control,Consumer Internet,India,Gurgaon,Growth,0.0,5.0,2.0,Online Diabetes Management platform
Active.ai,Technology,India,Singapore,Growth,3000000.0,5.0,2.0,Banking & Fintech Platform
ElasticRun,Technology,India,Pune,Growth,2000000.0,5.0,2.0,Tech driven Logistic & distribution platform
PlaySimple,Technology,India,Bangalore,Growth,4000000.0,5.0,2.0,Mobile Gaming portal
Stasis Labs,Technology,India,Bangalore,Growth,5000000.0,5.0,2.0,Cloud based\\xc2\\xa0 health monitoring platform
Scienaptic,Technology,India,Bangalore,Seed,0.0,5.0,2.0,Data Analytics platform
Koovs,eCommerce,India,New Delhi,Growth,13500000.0,5.0,2.0,Fashion eTailer
Lawrato,Consumer Internet,India,New Delhi,Seed,0.0,5.0,2.0,Free Legal Advice
Trip Tap Toe,Consumer Internet,India,Gurgaon,Seed,0.0,5.0,2.0,Online Travel Portal
Pictor Imaging,Consumer Internet,India,Mumbai,Seed,147000.0,5.0,2.0,Product Photography Mobile App
GramCover,Finance,India,New Delhi,Seed,1000000.0,5.0,2.0,Insurance Marketplace for the Rural Sector
AerMed,eCommerce,India,Mumbai,Seed,0.0,5.0,2.0,Online Pharmacy
WorkIndia,Consumer Internet,India,Mumbai,Seed,0.0,5.0,2.0,Job Board for Clue Collar Jobs
Bats on delivery,Consumer Internet,India,Gurgaon,Seed,90000.0,5.0,2.0,"Online food, Grocery ordering & Delivery"
numberz.in,Technology,India,Gurgaon,Seed,650000.0,5.0,2.0,Cash Flow Management Solution for Businesses
Housing.com,Consumer Internet,India,Mumbai,Growth,5000000.0,5.0,2.0,Real Estate Portal
Awesummly,Consumer Internet,India,Bangalore,Seed,147000.0,5.0,2.0,Short News Mobile App
VoLT,Consumer Internet,India,Mumbai,Seed,0.0,5.0,2.0,Ed-Tech Platform
Vymo,Technology,India,Bangalore,Growth,5000000.0,5.0,2.0,SaaS-based predictive analytics platform
ShubhLoans,Technology,India,Bangalore,Seed,0.0,5.0,2.0,Consumer Finance & Credit Score platform
Noddapp,Consumer Internet,India,Mumbai,Seed,147000.0,5.0,2.0,App based networking platform
Knowlarity,Consumer Internet,India,Bangalore,Growth,20000000.0,5.0,2.0,Cloud Telephony Platform
Infisecure,Technology,India,Mumbai,Seed,600000.0,5.0,2.0,Bot Protection Solutions
FroyoFit,Consumer Internet,India,Indore,Seed,0.0,5.0,2.0,Fitness Discovery Platform
Betterplace,Consumer Internet,India,Bangalore,Seed,0.0,5.0,2.0,Background Verification Services
UClean,Consumer Internet,India,Gurgaon,Growth,0.0,5.0,2.0,Tech Enabled Laundry Service Provider
Servify,Consumer Internet,India,Mumbai,Growth,0.0,5.0,2.0,Personal Device Assistant App
Hubilo,Consumer Internet,India,Ahmedabad,Seed,0.0,5.0,2.0,End-to-end Event Organizers Solutions
FunOnGo,Consumer Internet,India,Mumbai,Growth,0.0,5.0,2.0,Digital Media Content and Distribution platform
121Policy,Consumer Internet,India,Kolkata,Seed,0.0,5.0,2.0,Online Insurance Platform
TapChief,Consumer Internet,India,Bangalore,Seed,0.0,5.0,2.0,Professional Expert Advice Platform
Kloseby,Consumer Internet,India,Bangalore,Seed,100000.0,5.0,2.0,proximity based\\xc2\\xa0 Rewards platform
WholeSaleBox,eCommerce,India,Jaipur,Growth,2000000.0,5.0,2.0,B2B Wholesale Apparel Marketplace
Crossahead,Consumer Internet,India,Noida,Seed,0.0,5.0,2.0,Creative Artists Discovery & Booking platform
Affordplan,Consumer Internet,India,New Delhi,Growth,3000000.0,5.0,2.0,Savings platform for Medical Expenses
ShopsUp,eCommerce,India,Bangalore,Seed,963000.0,5.0,2.0,Hyperlocal Shopping App
Indofash,eCommerce,India,Bangalore,Seed,150000.0,5.0,2.0,Ethnic Indian Fashion Marketplace
Entropika,Technology,India,Bangalore,Seed,200000.0,5.0,2.0,"AI, Machine learning Solutions"
MarianaIQ,Technology,India,Bangalore,Growth,2000000.0,5.0,2.0,AI-driven B2B marketing platform
Chai Thela,Food & Beverage,India,Noida,Seed,218000.0,5.0,2.0,Quick Service Restaurants
Interviewpad,Technology,India,Pune,Seed,100000.0,5.0,2.0,Engineering Interview facilitation platform
Math Buddy,Consumer Internet,India,Vadodara,Seed,440000.0,5.0,2.0,Online Math Learn
Carcrew.in,Consumer Internet,India,Mumbai,Seed,500000.0,5.0,2.0,Online Car repair Marketplace
MeraKisan,eCommerce,India,Bangalore,Seed,0.0,5.0,2.0,Fruit & vegetable eTailer
Mystifly,Consumer Internet,India,Bangalore,Growth,5000000.0,5.0,2.0,Airline Ticket Aggregator
HelpChat,Consumer Internet,India,Bangalore,Growth,0.0,5.0,2.0,AI Powered Content & Commerce platform
World Art Community,eCommerce,India,Gurgaon,Seed,200000.0,5.0,2.0,Art & Craft Marketplace
Giftxoxo,eCommerce,India,Bangalore,Growth,450000.0,5.0,2.0,Online Gifting platform
Bharat Bazaar,eCommerce,India,Mumbai,Seed,0.0,5.0,2.0,Online B2B Marketplace
India Gifts Portal,eCommerce,India,Noida,Growth,2000000.0,5.0,2.0,Online Gifting platform
NetLinx,Consumer Internet,India,Hyderabad,Growth,3000000.0,5.0,2.0,Internet Service Provider
Scandid,Consumer Internet,India,Pune,Growth,0.0,5.0,2.0,Product Shopping Comparison App
Remitr,Consumer Internet,India,Mumbai,Seed,1000000.0,5.0,2.0,Foreign Currency Payments Platform
InnerChef,Consumer Internet,India,Gurgaon,Growth,2500000.0,5.0,2.0,Online food ordering platform
AppsDaily,Consumer Internet,India,Mumbai,Growth,3750000.0,5.0,2.0,"Mobile Phone Theft, Damage Protection platform"
MuhurtMaza,Consumer Internet,India,Pune,Seed,0.0,5.0,2.0,Online Puja Booking Service
NeuroSynaptic,Technology,India,Bangalore,Growth,0.0,5.0,2.0,Remote Healthcare Delivery Solutions
UE LifeSciences,Technology,India,Mumbai,Growth,1200000.0,5.0,2.0,Mobile Health Technology Solutions
FindmeaShoe,Consumer Internet,India,Bangalore,Seed,0.0,5.0,2.0,Footwear Recommendation App
RealBox,Technology,India,Noida,Seed,300000.0,5.0,2.0,Data Sciences Platform
Sportido,Consumer Internet,India,Noida,Seed,0.0,5.0,2.0,Sports Discovery platform
GoZefo,eCommerce,India,Bangalore,Growth,1050000.0,5.0,2.0,Used Furniture & Appliances Marketplace
RayIOT,Technology,India,Bangalore,Seed,100000.0,5.0,2.0,Baby Monitoring Devices manufacturer
KOOH Sports,Technology,India,Mumbai,Growth,2200000.0,5.0,2.0,Sports Training & Technology
Flexiloans,Consumer Internet,India,Mumbai,Growth,15000000.0,5.0,2.0,Online Funds Raising Platform
Sibia Analytics,Technology,India,Kolkata,Seed,0.0,5.0,2.0,Marketing & Customer Analytics Solutions
Vithi.com,eCommerce,India,New Delhi,Seed,375000.0,5.0,2.0,Online Hair Extension etailer
Yupp TV,Consumer Internet,India,Bangalore,Growth,50000000.0,5.0,2.0,Internet-based TV streaming service provider
Deyor Camps,Consumer Internet,India,Gurgaon,Seed,500000.0,5.0,2.0,Branded Camping location Aggregator
FabAlley,ecommerce,India,Noida,Growth,2000000.0,5.0,2.0,online fashion brand store
Shoekonnect,eCommerce,India,Agra,Seed,0.0,5.0,2.0,B2B Marketplace for Shoes
Maya,Consumer Internet,India,Bangalore,Seed,0.0,5.0,2.0,Womens Health Tracker App
RoboVac,Technology,India,Ahmedabad,Seed,450000.0,5.0,2.0,waterless car washing solution
Newspatrolling,Consumer Internet,India,New Delhi,Seed,25000.0,5.0,2.0,Online News portal
Postman,Consumer Internet,India,Bangalore,Growth,7000000.0,5.0,2.0,API Platform
ISFC,Finance,India,Hyderabad,Growth,6000000.0,5.0,2.0,Education Sector Lending
BeatRoute,Technology,India,Gurgaon,Seed,0.0,5.0,2.0,SAAS based mobile application platform
Kidsstoppress,Consumer Internet,India,Mumbai,Seed,0.0,5.0,2.0,Parenting and Baby care Platform
DailyHunt,Consumer Internet,India,Bangalore,Growth,25000000.0,5.0,2.0,Vernacular content mobile app
Tazzo Bikes,Consumer Internet,India,Hyderabad,Seed,227000.0,5.0,2.0,Motorbike rental platform
MyKindofJob,Consumer Internet,India,Mumbai,Seed,1000000.0,5.0,2.0,Internet & Fresher Job platform
Yumigo,Consumer Internet,India,Gurgaon,Seed,300000.0,5.0,2.0,App based Travel Discovery and Transactions platform
Rentalpha,Others,India,Mumbai,Growth,16000000.0,5.0,2.0,equipment rental and leasing company
3Dexter,Technology,India,New Delhi,Seed,150000.0,5.0,2.0,3D Printing Solutions for Edu space
BabyChakra,Consumer Internet,India,Mumbai,Growth,0.0,5.0,2.0,Parenting and Child Care portal
Coppre,eCommerce,India,Pune,Seed,0.0,5.0,2.0,Copper based items etailer
MySUN,Technology,India,Noida,Growth,2500000.0,5.0,2.0,Solar Energy harnessing products marketplace
ePathsala,Technology,India,Bangalore,Seed,0.0,5.0,2.0,Cloud based ERP for Accreditation & ICT
Actofit,Technology,India,Mumbai,Growth,750000.0,5.0,2.0,Wearable Technology platform & devices
Stayology,Consumer Internet,India,Bangalore,Seed,0.0,5.0,2.0,Stay & Travel related services
Hipcask,Consumer Internet,India,Mumbai,Seed,0.0,5.0,2.0,Alcoholic beverage discovery platform
ChatOnGo,Consumer Internet,India,Mumbai,Seed,300000.0,5.0,2.0,Hyperlocal\\xc2\\xa0 Communication Mobile app
Kredx,eCommerce,India,Bangalore,Growth,6000000.0,5.0,2.0,Invoice discounting marketplace
CreditMate,Consumer Internet,India,Mumbai,Seed,500000.0,5.0,2.0,Credit Report Info platform
Pickrr,Technology,India,New Delhi,Seed,0.0,5.0,2.0,Courier Logistics & Order management Solutions
SatvaKart,eCommerce,India,Gurgaon,Seed,0.0,5.0,2.0,Online Grocery Etailer
SooperMO,Technology,India,Gurgaon,Seed,100000.0,5.0,2.0,Android utility app suite creator
OrangeTwig,Consumer Internet,India,New Delhi,Seed,1000000.0,5.0,2.0,Social Media Marketing platform
The Kettlery,eCommerce,India,Ahmedabad,Growth,1000000.0,5.0,2.0,Online Tea Etailer
Idea Bubbles,Consumer Internet,India,Bangalore,Growth,700000.0,5.0,2.0,Doctor Consulting platform
Pikkol,Logistics,India,Bangalore,Seed,0.0,5.0,2.0,Relocation Service provider
Velmenni,Technology,India,New Delhi,Seed,100000.0,5.0,2.0,LiFi based wireless communication provider
Volta Motors,Technology,India,Chennai,Seed,100000.0,5.0,2.0,Electric Bike Manufacturer
Cyclops,Technology,India,Bangalore,Seed,100000.0,5.0,2.0,Clinical and Wearable Diagnostic Product creator
Impact Analytics,Technology,India,Bangalore,Growth,750000.0,5.0,2.0,Business intelligence and data science Startup
Talent Next,Consumer Internet,India,Mumbai,Seed,1000000.0,5.0,2.0,Talent Discovery & Audition management platform
Mihup,Technology,India,Kolkata,Growth,6700000.0,5.0,2.0,Personal Digital Assistant
Renowala,eCommerce,India,Hyderabad,Seed,0.0,5.0,2.0,Home Improvement Marketplace
Trackbizz,Technology,India,Kochi,Growth,0.0,5.0,2.0,Field Force Automation System
Social Quotient,Technology,India,Mumbai,Seed,0.0,5.0,2.0,Platform for Social Causes
CheersOye!,Consumer Internet,India,Mumbai,Seed,500000.0,5.0,2.0,Online Gift Vouchers platform
Alternacare,Consumer Internet,India,New Delhi,Seed,500000.0,5.0,2.0,Online Doctor Consulting platform
Simplilearn,Education,India,Bangalore,Growth,6000000.0,5.0,2.0,Online Certification programs
Prozo,eCommerce,India,Gurgaon,Seed,315000.0,5.0,2.0,Study Material Marketplace
TopRankers,Education,India,Bangalore,Seed,670000.0,5.0,2.0,Online Test Preparation platform
BuildTraders,eCommerce,India,Bangalore,Seed,200000.0,5.0,2.0,Online Construction Materials Marketplace
Freshboxx,eCommerce,India,Hubli,Seed,0.0,5.0,2.0,Fruits & vegetable eTailer
CureInstant,Consumer Internet,India,New Delhi,Seed,150000.0,5.0,2.0,Social Health Networking Platform
Poshtic,Consumer Internet,India,Noida,Seed,450000.0,5.0,2.0,Online health & Wellness platform
KarmaCircles,Consumer Internet,India,New Delhi,Seed,0.0,5.0,2.0,Peer-to-peer Social Learning platform
Purple Style Labs,Consumer Internet,India,Mumbai,Seed,448000.0,5.0,2.0,Personal Styling Online platform
Inuxu,Technology,India,Pune,Growth,3000000.0,5.0,2.0,Online Advertising Solutions
Glam Studios,Consumer Internet,India,Noida,Seed,300000.0,5.0,2.0,Beauty Salon Aggregator
Findow,Consumer Internet,India,Bangalore,Seed,0.0,5.0,2.0,Fashion Discovery Mobile app
IdeaChakki,Consumer Internet,India,Delhi,Seed,0.0,5.0,2.0,Restaurant Menu & Food mobile app
ShoeKonnect,eCommerce,India,Agra,Seed,0.0,5.0,2.0,Footwear & Leather B2B App
NearBuy,Consumer Internet,India,Gurgaon,Growth,2500000.0,5.0,2.0,Online Deals & Discount platform
ZeroInfy,Consumer Internet,India,Kolkata,Seed,0.0,5.0,2.0,Online Video Lectures platform
Flocareer,Consumer Internet,India,Bangalore,Seed,150000.0,5.0,2.0,Jobs & Skill Validation platform
LensPick,eCommerce,India,Bangalore,Growth,0.0,5.0,2.0,eyewear eTailer
infeedo,Consumer Internet,India,Gurgaon,Seed,200000.0,5.0,2.0,Employee engagement platform
GoPigeon,Consumer Internet,India,Bangalore,Growth,1500000.0,5.0,2.0,on-demand logistics service provider
NewsDistill,Consumer Internet,India,Hyderabad,Seed,100000.0,5.0,2.0,City based News Aggregator App
DoctorInsta,Consumer Internet,India,Gurgaon,Growth,1000000.0,5.0,2.0,Online Doctor Consultations
Milofy,Consumer Internet,India,Bangalore,Seed,750000.0,5.0,2.0,Couple Socialization App
Liqvid,Technology,India,New Delhi,Growth,0.0,5.0,2.0,Integrated eLearning content solutions
Codemojo,Consumer Internet,India,Bangalore,Seed,0.0,5.0,2.0,Customer Engagement Platform
JustLikeNew,eCommerce,India,Hyderabad,Seed,500000.0,5.0,2.0,Online gadget Repair Services Marketplace
JoeHukum,Technology,India,New Delhi,Seed,0.0,5.0,2.0,Enterprise customer engagement solutions
Co Life,Consumer Internet,India,Bangalore,Seed,1000000.0,5.0,2.0,shared living and working spaces platform
PurpleDocs,Consumer Internet,India,Vadodara,Seed,0.0,5.0,2.0,Electronic Health care records platform
eQuickies,eCommerce,India,Ahmedabad,Seed,298000.0,5.0,2.0,Online Book etailer
Gadgetwood,Consumer Internet,India,New Delhi,Growth,6000000.0,5.0,2.0,On-Demand Gadget repair services platform
DailyRounds,Consumer Internet,India,Bangalore,Growth,0.0,5.0,2.0,Mobile App for Doctors
Flixy Games,Technology,India,Bangalore,Seed,425000.0,5.0,2.0,Mobile Game Publisher for Indian audience
HashTaag,Technology,India,Bangalore,Seed,1000000.0,5.0,2.0,Mobile App Development company
PharmaRack,Technology,India,Pune,Growth,745000.0,5.0,2.0,SAAS application for Pharma Industry
\\xc2\\xa0CloudCherry,Technology,India,Chennai,Growth,6000000.0,5.0,2.0,CRM SAAS Platform
Parentlane,Consumer Internet,India,Bangalore,Seed,0.0,5.0,2.0,Social Platform for babycare and parenting
First Moms Club,Consumer Internet,India,Mumbai,Seed,0.0,5.0,2.0,Social Network for Mothers
inMotion,Technology,India,Noida,Seed,0.0,5.0,2.0,Financial platform for daily wage earning communities
Let\xe2\x80\x99s Barter,Consumer Internet,India,New Delhi,Seed,0.0,5.0,2.0,Goods & Services Barter Platform
EvenGini,Consumer Internet,India,Chennai,Growth,0.0,5.0,2.0,Event Registration and Ticketing platform
Canvs,Consumer Internet,India,Mumbai,Seed,0.0,5.0,2.0,Community Platform for Artists and Designers
Beardo,eCommerce,India,Ahmedabad,Seed,500000.0,5.0,2.0,Mens Grooming products etailer
Instacar,Consumer Internet,India,Indore,Seed,1000000.0,5.0,2.0,Out-Station Taxi Rental Platform
Druva,Technology,India,Pune,Growth,51000000.0,5.0,2.0,Cloud Based Data Protection Solution
Promon,eCommerce,India,New Delhi,Seed,180000.0,5.0,2.0,Local Commerce Platform
Fastudent,eCommerce,India,Noida,Seed,0.0,5.0,2.0,Education eCommerce platform
Unocoin,Consumer Internet,India,Bangalore,Growth,1500000.0,5.0,2.0,Bitcoin Wallet
Demyto,Consumer Internet,India,Pune,Seed,0.0,5.0,2.0,Vehicle maintenance Services platform
Zeta,Technology,India,Mumbai,Growth,19000000.0,5.0,2.0,Enterprise Cloud Solutions
Kalaage,Consumer Internet,India,Jaipur,Seed,0.0,5.0,2.0,Social Networking Platform for Writers
HealthKart,eCommerce,India,Gurgaon,Growth,12000000.0,5.0,2.0,Online Pharmacy & Health Marketplace
RepairEasy,Consumer Internet,India,Pune,Seed,275000.0,5.0,2.0,Gadget Repair Services Platform
Tokri,Consumer Internet,India,Pune,Growth,2500000.0,5.0,2.0,Hyperlocal Grocery Delivery platform
Sheroes,Consumer Internet,India,Noida,Growth,1800000.0,5.0,2.0,Online Job and Career Platform for Women
Yumlane,Food & Beverage,India,Mumbai,Seed,1000000.0,5.0,2.0,Retail Food & Snack Offline centres
Xcode,Healthcare,India,Chennai,Growth,0.0,5.0,2.0,Personal Genomics
ExtraCarbon,Consumer Internet,India,Gurgaon,Seed,225000.0,5.0,2.0,Waste Recycle Management platform
FlickBay,Consumer Internet,India,Mumbai,Seed,890000.0,5.0,2.0,Mobile Based Bollywood Discovery platform
Petoo,Consumer Internet,India,Bangalore,Seed,500000.0,5.0,2.0,Food Delivery Platform
lehlehsports,Others,India,New Delhi,Seed,0.0,5.0,2.0,Sports Arena discovery
Tricog,Healthcare,India,Bangalore,Growth,0.0,5.0,2.0,Healthcare Analytics Platform
VST Travels,Technology,India,Kerala,Seed,27000.0,5.0,2.0,Travel Ticket Booking Software
AdPushUp,Technology,India,New Delhi,Growth,0.0,5.0,2.0,Ad optimization Platform
Wefly Indoor Skydiving,Others,India,Mumbai,Seed,40000.0,5.0,2.0,Indoor Skydiving Sports Provider
Mojarto,eCommerce,India,Gurgaon,Seed,445000.0,5.0,2.0,"Original Art, Digital Prints etailer"
Zipgrid,Consumer Internet,India,Mumbai,Seed,200000.0,5.0,2.0,Community services platform
Zeolr/RespirON,Technology,India,New Delhi,Seed,0.0,5.0,2.0,Healthcare related IoT platform
Travelyaari,Consumer Internet,India,Bangalore,Growth,7000000.0,5.0,2.0,Online ticket booking platform
Genextstudents,Consumer Internet,India,Mumbai,Seed,209000.0,5.0,2.0,Online Tutoring Service provider
Crofarm,Technology,India,Gurgaon,Growth,1500000.0,5.0,2.0,Agri-Tech supply chain Solution provider
Faircent.com,Consumer Internet,India,Gurgaon,Growth,1500000.0,5.0,2.0,peer-to-peer lending platform
Innovaccer,Technology,India,Noida,Growth,15600000.0,5.0,2.0,Integrated Enterprise Analytics Platform
Cuberoot,Technology,India,Gurgaon,Seed,500000.0,5.0,2.0,Data Analytics & Audience Management Platform
Funcastic,Consumer Internet,India,New Delhi,Seed,0.0,5.0,2.0,B2C vernacular podcast aggregator platform
Buttercups,ECommerce,India,Bangalore,Seed,0.0,5.0,2.0,Women Intimate Wear eTailer
Hike,Consumer Internet,India,New Delhi,Growth,175000000.0,5.0,2.0,Mobile Messaging App
Joolz,eCommerce,India,Mumbai,Growth,500000.0,5.0,2.0,Online Jewellery Store
SaleBhai,eCommerce,India,Ahmedabad,Growth,1500000.0,5.0,2.0,"Sweets, Dry Fruits & Handicrafts etailer"
Makkajai,Technology,India,Pune,Seed,250000.0,5.0,2.0,Online & Mobile learning for kids
Gradopedia,Consumer Internet,India,Mumbai,Seed,0.0,5.0,2.0,Career progression Portal
MaalGaadi,Logistics,India,Indore,Seed,375000.0,5.0,2.0,Online Logistics Marketplace
ZiPi,Technology,India,Bangalore,Seed,0.0,5.0,2.0,Mobile Chatbot App
Appknox,Technology,India,Bangalore,Growth,675000.0,5.0,2.0,Mobile security solutions
Sesame Software,Technology,India,Kozhikode,Growth,0.0,5.0,2.0,Financial Technology Solutions Provider
Quikr,Consumer Internet,India,Mumbai,Growth,20000000.0,5.0,2.0,Classified Listings platform
Digio,Technology,India,Bangalore,Growth,375000.0,5.0,2.0,Aadhar based Document Signing platform
Ziffity,Technology,India,Chennai,Growth,0.0,5.0,2.0,Full Service Ecommerce Agency
Zzungry,Consumer Internet,India,Bangalore,Seed,0.0,5.0,2.0,Food Delivery platform
Puro Wellness,healthcare,India,Mumbai,Growth,37000000.0,5.0,2.0,"Organic,\\xc2\\xa0 Natural\\xc2\\xa0 Food substitute manufacturer"
TAC Security,Technology,India,New Delhi,Seed,0.0,5.0,2.0,Cyber-Security Solutions Provider
Notesgen,Consumer Internet,India,New Delhi,Seed,100000.0,5.0,2.0,Online Notes Sharing Portal
NearU,Consumer Internet,India,Mumbai,Seed,0.0,5.0,2.0,Marketing app for retailers
Octo.ai,Technology,India,New Delhi,Seed,200000.0,5.0,2.0,Artificial Intelligence based marketing platform
ShaadiSaga,Consumer Internet,India,New Delhi,Seed,0.0,5.0,2.0,Wedding Website Creator
UnaAcademy,Consumer Internet,India,Bangalore,Growth,1000000.0,5.0,2.0,Free Interactive education platform
Advenio,Technology,India,Chandigarh,Seed,100000.0,5.0,2.0,Clinical Imaging Solution Provider
Guarented,eCommerce,India,Bangalore,Seed,500000.0,5.0,2.0,Home Furnishing rental marketplace
Beyond Evolution,Technology,India,Gurgaon,Seed,0.0,5.0,2.0,Mobile Apps & Tech Services provider
Uber Dreams,eCommerce,India,Mumbai,Seed,500000.0,5.0,2.0,Dreams fulfilling marketplace
Convegenius,Education,India,Noida,Growth,900000.0,5.0,2.0,Edutainment platform
UrbanLadder,eCommerce,India,Mumbai,Growth,3000000.0,5.0,2.0,Online Furniture Store
enCashea,Consumer Internet,India,Bangalore,Seed,0.0,5.0,2.0,Scrap Collection and Recycling platform
EngineerBabu,Technology,India,Indore,Seed,0.0,5.0,2.0,Mobile App & Web Development company
Cult,Healthcare,India,Bangalore,Growth,3000000.0,5.0,2.0,Health and Fitness Centres
WitWorks,Technology,India,Bangalore,Seed,0.0,5.0,2.0,Consumer IoT Startup
NearFox,Consumer Internet,India,Mumbai,Seed,0.0,5.0,2.0,Local Lifestyle Content and Discovery Platform
ZoomCar,Consumer Internet,India,Bangalore,Growth,24000000.0,5.0,2.0,Self-driven car booking platform
Plix,Consumer Internet,India,Gurgaon,Seed,500000.0,5.0,2.0,Photo and Video Sharing App
Mobikwik,Consumer Internet,India,Gurgaon,Growth,40000000.0,5.0,2.0,Digital Wallet platform
MyDidi,Consumer Internet,India,Mumbai,Seed,550000.0,5.0,2.0,"on-demand, hyper-local Cleaning services provider"
CrownIt,Consumer Internet,India,Gurgaon,Seed,0.0,5.0,2.0,Cashback Mobile app
LoanTap,Consumer Internet,India,Mumbai,Growth,3000000.0,5.0,2.0,Lending platform for Salaried professionals
Runnr,Consumer Internet,India,Bangalore,Growth,7000000.0,5.0,2.0,hyperlocal Logistics services provider
Zolo,Consumer Internet,India,Noida,Growth,0.0,5.0,2.0,on-demand online talent marketplace
Notion Press,Consumer Internet,India,Chennai,Growth,1000000.0,5.0,2.0,Self-Publishing books platform
LivSpace,Consumer Internet,India,Bangalore,Growth,15000000.0,5.0,2.0,Online portal for Home Design
iAugmentor Labs,Technology,India,Gurgaon,Seed,149000.0,5.0,2.0,Assessment & Learning Platform
DayBox,Consumer Internet,India,New Delhi,Seed,104000.0,5.0,2.0,Fruit & Vegetable Delivery platform
CropIn,Technology,India,Bangalore,Growth,2000000.0,5.0,2.0,Agriculture Technology Solutions
Prime Focus Technologies,Technology,India,Mumbai,Growth,0.0,5.0,2.0,Hybrid Cloud technology enabled Media ERP platform
Flyrobe,eCommerce,India,Mumbai,Growth,5300000.0,5.0,2.0,Online fashion rental platform
inclov,Consumer Internet,India,Mumbai,Seed,0.0,5.0,2.0,Matchmaking App for Disabled
RazorPay,Consumer Internet,India,Bangalore,Growth,0.0,5.0,2.0,Online Payment Gateway
Venture Catalysts,Consumer Internet,India,Mumbai,Seed,500000.0,5.0,2.0,Seed Investment & Innovation Platform
PressPlay TV,Consumer Internet,India,New Delhi,Growth,0.0,5.0,2.0,Video Content Discovery Platform
WealthTrust,Consumer Internet,India,Mumbai,Seed,0.0,5.0,2.0,Wealth Management App
Curefit,Consumer Internet,India,Bangalore,Growth,15000000.0,5.0,2.0,Online Preventive Healthcare Platform
StitchWood,eCommerce,India,Mumbai,Seed,200000.0,5.0,2.0,Custom Furniture Online
Grab.in,Logistics,India,Mumbai,Growth,2000000.0,5.0,2.0,hyperlocal logistics service
Fulfil.IO,Consumer Internet,India,US,Seed,0.0,5.0,2.0,Cloud Based ERP Software
NeoGrowth,Finance,India,Mumbai,Growth,16000000.0,5.0,2.0,SME Lending platform
SeeDoc,Consumer Internet,India,Gurgaon,Growth,1000000.0,5.0,2.0,Video Based Doctor Consulting platform App
BookMyShow,Consumer Internet,India,Mumbai,Growth,82000000.0,5.0,2.0,Event & Movie Ticketing platform
HappilyUnmarried,eCommerce,India,New Delhi,Growth,740000.0,5.0,2.0,Online Merchandize etailer
Don\\xe2\\x80\\x99t Scratch Your Head,Technology,India,Ahmedabad,Seed,250000.0,5.0,2.0,Full Stack Offline & Online ERP Solution
Wedding Wishlist,Consumer Internet,India,Chennai,Seed,297000.0,5.0,2.0,"Wedding Wishlist, Gifts & Registry Creation platform"
AppDaily,Technology,India,Mumbai,Growth,2000000.0,5.0,2.0,Mobile Security App development & Distribution
Adytude,Consumer Internet,India,New Delhi,Growth,1000000.0,5.0,2.0,Gamified Consumer Insights Portal
Quickli,Logistics,India,Gurgaon,Growth,0.0,5.0,2.0,On-Demand Delivery Startup
SpectraVR,Technology,India,Mumbai,Seed,0.0,5.0,2.0,Virtual Reality Content Studio
Trak N Tell,Technology,India,Gurgaon,Growth,3500000.0,5.0,2.0,Car Tracking & Safety System
Overcart.com,eCommerce,India,Gurgaon,Growth,3000000.0,5.0,2.0,Unboxed & refurbished electronic products marketplace
SirionLabs,Technology,India,Gurgaon,Growth,12250000.0,5.0,2.0,SAAS based Service Agreement Management
MintM,Consumer Internet,India,Bangalore,Growth,0.0,5.0,2.0,Digital Marketing & AdTech Platform
HitGrit,Consumer Internet,India,Chandigarh,Seed,0.0,5.0,2.0,Online Legal Consultation platform
Find My Stay,Consumer Internet,India,New Delhi,Seed,0.0,5.0,2.0,Online Budget Hotel Aggregator & Booking Platform
YAAP,Consumer Internet,India,New Delhi,Growth,5000000.0,5.0,2.0,"Online Content Discovery, Creation & Distribution Platform"
Utoo Cabs,Consumer Internet,India,Chennai,Seed,0.0,5.0,2.0,Cab aggregation & Rental platform
Twigly,Consumer Internet,India,Gurgaon,Seed,600000.0,5.0,2.0,Online Food Ordering & Delivery Startup
Urban Tailor,Consumer Internet,India,Bangalore,Growth,0.0,5.0,2.0,E-Tailoring service provider
RentMojo,Consumer Internet,India,Bangalore,Growth,5000000.0,5.0,2.0,Online Furniture Renting Platform
CityFurnish,Consumer Internet,India,Gurgaon,Seed,0.0,5.0,2.0,Online Furniture Renting Platform
HEAL Institute,Healthcare,India,Mumbai,Seed,0.0,5.0,2.0,Sports Focused Healthcare Startup
Augrav,eCommerce,India,Coimbatore,Seed,450000.0,5.0,2.0,Personalized precious Jewellery etailer
ShoppinPal,Technology,India,Pune,Growth,1070000.0,5.0,2.0,M-Commerce Solutions for Retail Stores
TransTutors / AskIITians,Consumer Internet,India,New Delhi,Growth,0.0,5.0,2.0,Online Education & Tutoring portals
WorkApps,Technology,India,Pune,Seed,1000000.0,5.0,2.0,Enterprise Work Management Software
BankerBay,Consumer Internet,India,Bangalore,Growth,2000000.0,5.0,2.0,Online Investment Banking platform
BaggOut,eCommerce,India,New Delhi,Seed,0.0,5.0,2.0,Women\\xe2\\x80\\x99s Fashion etailer
SatvaCart,eCommerce,India,New Delhi,Seed,0.0,5.0,2.0,Online Grocers
Ridlr,Consumer Internet,India,Mumbai,Growth,6000000.0,5.0,2.0,Public Transport Mobile App
Yellowdig,Consumer Internet,India,Pune,Seed,650000.0,5.0,2.0,Online Learning Platform
Zuppler,Consumer Internet,India,New Delhi,Seed,650000.0,5.0,2.0,Online Food Ordering platform
BlueStone,eCommerce,India,Mumbai,Growth,30000000.0,5.0,2.0,Jewellery Etailer
underDOGS,Technology,India,Mumbai,Growth,0.0,5.0,2.0,Game Development Startup
ImageProVision,Technology,India,Pune,Seed,0.0,5.0,2.0,Image Analysis Solutions
Sagacito,Technology,India,New Delhi,Growth,10000000.0,5.0,2.0,Cloud-Based Enterprise Solutions
Deal4Loans / Wishfin,Consumer Internet,India,Noida,Growth,15000000.0,5.0,2.0,\\nLoans Comparison platform\\n\\n\\n\\n     (adsbygoogle = window.adsbygoogle || []).push({});\\n\\n
NiYO Solutions,Technology,India,Bangalore,Growth,1000000.0,5.0,2.0,Payroll & Benefits Software solutions
AppLop,Consumer Internet,India,Gurgaon,Seed,250000.0,5.0,2.0,Mobile Apps SaaS Platform
Tax2Win,Consumer Internet,India,Jaipur,Growth,1000000.0,5.0,2.0,Online Tax Filing Portal
Truckola,Logistics,India,Mumbai,Seed,595000.0,5.0,2.0,Tech-focused cargo transport startup
iServe Financial,Consumer Internet,India,Pune,Seed,0.0,5.0,2.0,Loan Comparison & Deals platform
MyTaxiIndia,Consumer Internet,India,New Delhi,Growth,1000000.0,5.0,2.0,Online Car rental booking platform
AbeRuk,eCommerce,India,Bangalore,Seed,0.0,5.0,2.0,Online Marketplace for books
Wiwigo,Consumer Internet,India,Bangalore,Seed,595000.0,5.0,2.0,Inter-City Taxi Booking platform
Drums Food,Food & Beverage,India,Mumbai,Seed,0.0,5.0,2.0,Yogurt and Ice Cream maker
Chikoop,Consumer Internet,India,Indore,Seed,0.0,5.0,2.0,Free Ad based Voice Calling
BRIDGEi2I,Technology,India,Bangalore,Growth,0.0,5.0,2.0,Data Analytics Platform
Atomberg,Technology,India,Mumbai,Growth,1000000.0,5.0,2.0,"smart, energy efficient home appliance manufacturer"
Coutloot,eCommerce,India,Mumbai,Seed,0.0,5.0,2.0,Fashion Re-Commerce Platform
Limo,Consumer Internet,India,Mumbai,Growth,1000000.0,5.0,2.0,Bus Aggregator Mobile app
iCliniq,Consumer Internet,India,Bangalore,Seed,0.0,5.0,2.0,Doctor Consultation platform
GoGo Truck,Consumer Internet,India,Chennai,Seed,75000.0,5.0,2.0,Truck Aggregator & Booking platform
Vyome Biosciences,Healthcare,India,New Delhi,Growth,2000000.0,5.0,2.0,Treatment Development for Antibiotic-resistant diseases
SillyMonks,Consumer Internet,India,Hyderabad,Seed,448000.0,5.0,2.0,Digital Media and Entertainment Startup
Intgrea,Technology,India,Bangalore,Seed,100000.0,5.0,2.0,Post merger Integration Partners
HelpShift,Technology,India,Pune,Growth,23000000.0,5.0,2.0,Mobile CRM Platform
CreditVidya,Technology,India,Mumbai,Growth,1000000.0,5.0,2.0,Credit Scoring Platform
Grey Campus,Consumer Internet,India,Hyderabad,Seed,1000000.0,5.0,2.0,Online Learning Platform
ListUp,eCommerce,India,Mumbai,Seed,500000.0,5.0,2.0,Location based Classified Mobile app
6Degree,Technology,India,Mumbai,Seed,200000.0,5.0,2.0,Tech-enabled Fashion Talent platform
Shopwati,Consumer Internet,India,Gurgaon,Seed,0.0,5.0,2.0,Online Fashion Discussion Community
Cookifi,Consumer Internet,India,Bangalore,Seed,0.0,5.0,2.0,Online Chef Discovery & Booking Service
StoreKing,eCommerce,India,Bangalore,Growth,16000000.0,5.0,2.0,Connecting Small Town Consumers to E-Commerce
Wired Hub,Real Estate,India,Jaipur,Seed,0.0,5.0,2.0,Co-Working Spaces
MySeniorDoctor,Consumer Internet,India,Gurgaon,Seed,200000.0,5.0,2.0,Online medical support platform
Teabox,eCommerce,India,Siliguri,Seed,0.0,5.0,2.0,Online Tea Store
ExtraaEdge,Consumer Internet,India,Pune,Seed,0.0,5.0,2.0,Student Acquisition Platform
EPayLater,Technology,India,Mumbai,Seed,2000000.0,5.0,2.0,Fin-Tech Platform
Kyazoonga,eCommerce,India,Mumbai,Seed,0.0,5.0,2.0,Online event ticketing Platform
Paytunes,Consumer Internet,India,New Delhi,Growth,500000.0,5.0,2.0,Mobile based rewards platform
Kickstart Jobs,Technology,India,Gurgaon,Seed,0.0,5.0,2.0,Entry level hiring platform
Freshee,FMCG,India,Mumbai,Growth,0.0,5.0,2.0,Household packaging & Storage product manufacturer
MadRat Games,Technology,India,Bangalore,Seed,0.0,5.0,2.0,Wearable Gaming Platform
Jazzmyride,eCommerce,India,New Delhi,Growth,0.0,5.0,2.0,Auto Parts & Accessories eTailer
AutoSense,Technology,India,New Delhi,Growth,0.0,5.0,2.0,Data Analytics based Customer Management Services
Redsun Telematics,Consumer Internet,India,Chennai,Growth,0.0,5.0,2.0,Internet of Things Platform
KhanaGadi,Consumer Internet,India,Jaipur,Seed,0.0,5.0,2.0,Online Food Delivery for Train Travelers
Bombay Shirt Company,eCommerce,India,Mumbai,Growth,1000000.0,5.0,2.0,Online custom Shirt retailer
Matrubharti,Consumer Internet,India,Unknown,Seed,30000.0,5.0,2.0,e-Book Publisher
EdTechReview,Consumer Internet,India,New Delhi,Seed,0.0,5.0,2.0,Education based online portal
Bonhomia,Food & Beverage,India,New Delhi,Growth,0.0,5.0,2.0,Premium Tea & Coffee Capsules maker
Gobolt,Logistics,India,New Delhi,Seed,0.0,5.0,2.0,B2B Logistics provider
Jivox,Technology,India,Bangalore,Growth,6000000.0,5.0,2.0,Data Driven Advertising platform
Sminq,Consumer Internet,India,Pune,Seed,1000000.0,5.0,2.0,Queue management Mobile app
CureJoy,Consumer Internet,India,Bangalore,Growth,4400000.0,5.0,2.0,Online Alternative health community platform
Oneway.cab,Consumer Internet,India,Vadodara,Seed,450000.0,5.0,2.0,Taxi Rental Platform
GrabOnRent,eCommerce,India,Bangalore,Growth,0.0,5.0,2.0,On-demand product rental marketplace
Unnati Helpers,Consumer Internet,India,Gurgaon,Growth,600000.0,5.0,2.0,Help Hiring Platform
Athletto,Consumer Internet,India,Bangalore,Seed,0.0,5.0,2.0,Sports Venue discovery and booking platform
Saavn,Consumer Internet,India,USA,Growth,0.0,5.0,2.0,Web/Mobile Music Streaming service
ThinkPhi,Technology,India,Mumbai,Seed,0.0,5.0,2.0,Sustainable Green Tech Solution developer
Cleartax,Consumer Internet,India,New Delhi,Growth,12000000.0,5.0,2.0,Online Tax Filing Platform
Silvan Innovation Labs,Technology,India,Bangalore,Growth,900000.0,5.0,2.0,Home Automation Solutions
GreytHR,Technology,India,Bangalore,Growth,5200000.0,5.0,2.0,Payroll & HR Software Developer
BYG,Consumer Internet,India,Bangalore,Seed,0.0,5.0,2.0,Fitness centre Discovery & Booking Mobile app
Dipper,eCommerce,India,New Delhi,Seed,0.0,5.0,2.0,Freight Logistics Marketplace
Qonfuse,Consumer Internet,India,New Delhi,Seed,0.0,5.0,2.0,Online Test Papers for competitive exams
The Indian IRIS,Consumer Internet,India,Ahmedabad,Seed,0.0,5.0,2.0,Govt Policy Research & Information portal
Onspoon,Consumer Internet,India,Mumbai,Seed,150000.0,5.0,2.0,Online Platform for Event Sponsorship
REstate,Consumer Internet,India,Bangalore,Seed,0.0,5.0,2.0,Real Estate Platform
Cleartrip,Consumer Internet,India,Mumbai,Growth,0.0,5.0,2.0,Online Travel Agency
ProcMart,Consumer Internet,India,Noida,Growth,0.0,5.0,2.0,Online Procurement Marketplace
Celerix,Technology,India,Bangalore,Seed,400000.0,5.0,2.0,Fintech Product Development & Services Startup
NatureNama,Consumer Internet,India,Mumbai,Seed,225000.0,5.0,2.0,Online Outdoors & travel
CyclopsMedtech,Technology,India,Bangalore,Seed,0.0,5.0,2.0,Medical Technology Provider
Syona Cosmetics,FMCG,India,Chennai,Seed,150000.0,5.0,2.0,Beauty Products & Training to Salons & Spas
PrettySecrets,eCommerce,India,Mumbai,Growth,6000000.0,5.0,2.0,Women Lingerie Store
SpiderG,Consumer Internet,India,Pune,Seed,150000.0,5.0,2.0,Online invoice app for SMEs
FarEye,Technology,India,New Delhi,Growth,3500000.0,5.0,2.0,Logistics Management Software
The Uolo,Consumer Internet,India,Bangalore,Seed,210000.0,5.0,2.0,School Parent Communication App
Staqu,Technology,India,Gurgaon,Seed,0.0,5.0,2.0,Artificial Intelligence based search platform
Padhopadhao,Consumer Internet,India,New Delhi,Growth,0.0,5.0,2.0,Home Tutors search & Discovery
Drivify,Consumer Internet,India,Mumbai,Seed,50000.0,5.0,2.0,Professional Driver discovery & Booking Mobile app
PratiLipi,Consumer Internet,India,Bangalore,Seed,0.0,5.0,2.0,Multi-Lingual self-publishing platform
ParaBlu,Technology,India,Bangalore,Seed,500000.0,5.0,2.0,Cloud Data Security & Privacy Solutions
Schedulers Logistics,Logistics,India,Mumbai,Growth,6000000.0,5.0,2.0,Cold Storage Logistics solutions
LEAP India,Others,India,Mumbai,Growth,3000000.0,5.0,2.0,Supply Chain Equipment & Services provider
KabadiExpress,Others,India,New Delhi,Seed,148000.0,5.0,2.0,Free Door Step Scrap Pickup Service
YourDost,Consumer Internet,India,Bangalore,Seed,1200000.0,5.0,2.0,Online counselling & Personal coaching platform
Gomalon,Consumer Internet,India,Bangalore,Seed,100000.0,5.0,2.0,Online Spa & Salon discovery & Booking platform
Voler Cars,Consumer Internet,India,New Delhi,Seed,0.0,5.0,2.0,Self-Driven Car rental platform
Locanix,Technology,India,Ahmedabad,Seed,300000.0,5.0,2.0,GPS based SaaS Solutions
Hello Tax,Consumer Internet,India,New Delhi,Seed,295000.0,5.0,2.0,Online Tax Filing Platform
MySuperBrain,Consumer Internet,India,Hyderabad,Seed,0.0,5.0,2.0,Online Talent Discovery Platform for Kids
BlogBeats,Consumer Internet,India,Bangalore,Seed,0.0,5.0,2.0,Online Blogging Platform
LetReach,eCommerce,India,New Delhi,Growth,100000.0,5.0,2.0,ECommerce SAAS Solutions
TrendieApp,Technology,India,Kolkata,Seed,50000.0,5.0,2.0,Visual Content Marketing
ImpactGuru,Consumer Internet,India,Mumbai,Seed,0.0,5.0,2.0,Crowdfunding Platform
Velvetcase,eCommerce,India,Mumbai,Growth,1500000.0,5.0,2.0,Online designer jewellery marketplace
Meru Cabs,Consumer Internet,India,Mumbai,Growth,25000000.0,5.0,2.0,Online/ Mobile Tax Cab booking
Campus Diaries,Consumer Internet,India,Bangalore,Seed,220000.0,5.0,2.0,Student focussed Content Discovery portal
Scripbox,Consumer Internet,India,Bangalore,Growth,0.0,5.0,2.0,Online Mutual Fund Investment platform
Biryani Blues,Food & Beverage,India,Gurgaon,Growth,368000.0,5.0,2.0,QSR Chain
MotoMojo,Consumer Internet,India,Mumbai,Seed,0.0,5.0,2.0,Mobile based Vehicle maintenance App
Prescribez,Consumer Internet,India,Pune,Seed,145000.0,5.0,2.0,Health Service Aggregator Platform
Airwood,Technology,India,Chennai,Seed,0.0,5.0,2.0,Agri Data & Analytics Platform
iDreamCareer,Consumer Internet,India,New Delhi,Growth,0.0,5.0,2.0,Career Planning Services Portal
Zwayam,Consumer Internet,India,Bangalore,Seed,250000.0,5.0,2.0,Online Recruitment Platform
BoiBanit,Consumer Internet,India,Vadodara,Seed,0.0,5.0,2.0,Online Food Delivery platform
Zuver,Consumer Internet,India,Mumbai,Seed,180000.0,5.0,2.0,Car driver Discovery App
Prepathon,Education,India,Mumbai,Growth,0.0,5.0,2.0,Competitive Exam learning platform
EasyRoads,Consumer Internet,India,Mumbai,Seed,200000.0,5.0,2.0,Road Trip planning Mobile app
Seclore,Technology,India,Mumbai,Growth,12000000.0,5.0,2.0,Enterprise Security Technology platform
SolarTown,Technology,India,Chennai,Seed,200000.0,5.0,2.0,Solar Rooftop system installation company
Comarete,Technology,India,Pune,Seed,200000.0,5.0,2.0,Telecom & Media IT services company
MyDentistChoice,eCommerce,India,Hyderabad,Seed,150000.0,5.0,2.0,Medical Supplies eTailer
Indee,Consumer Internet,India,Bangalore,Seed,500000.0,5.0,2.0,Web Video Streaming Platform
WebAlligator,Consumer Internet,India,Bangalore,Seed,375000.0,5.0,2.0,Cloud Based Software Solutions
EduAce Services,Education,India,Lucknow,Growth,1000000.0,5.0,2.0,Education Workshops & mentoring programs
Zebroads,Logistics,India,Hyderabad,Seed,75000.0,5.0,2.0,Logistics and Warehousing services
Locus,Technology,India,Bangalore,Growth,2750000.0,5.0,2.0,Logistics Intelligence platform
Toko Innovations,Consumer Internet,India,Bangalore,Seed,450000.0,5.0,2.0,Children\\xe2\\x80\\x99s Entertainment Portal
Rentickle,eCommerce,India,New Delhi,Seed,250000.0,5.0,2.0,"Furniture, appliances Portal"
InnoNano Research,Technology,India,Chennai,Growth,18000000.0,5.0,2.0,Clean Water Technology
SchoolWear,eCommerce,India,Mumbai,Seed,1500000.0,5.0,2.0,School Uniform & Supplies Marketplace
Zenify,Consumer Internet,India,Bangalore,Growth,900000.0,5.0,2.0,Home rental Discovery & Booking Portal
Faircent,Consumer Internet,India,Gurgaon,Growth,0.0,5.0,2.0,Online Peer to Peer Lending platform
Fractal Analytics,Technology,India,Mumbai,Growth,100000000.0,5.0,2.0,Data Analytics Company
Life Circle,Healthcare,India,Hyderabad,Growth,150000.0,5.0,2.0,Senior Healthcare Services
Dream Wallets,Consumer Internet,India,Jaipur,Seed,0.0,5.0,2.0,Online Crowdfunding platform
ShabdNagari,Consumer Internet,India,Kanpur,Seed,0.0,5.0,2.0,Hindi social networking portal
Galleri5,Consumer Internet,India,Bangalore,Seed,0.0,5.0,2.0,Visual Content Discovery platform
Derbii,Logistics,India,Gurgaon,Seed,0.0,5.0,2.0,Carpooling Services
StayZilla,Consumer Internet,India,Chennai,Growth,13500000.0,5.0,2.0,Budget Room Aggregator Booking platform
WoW Express,Logistics,India,Mumbai,Growth,2200000.0,5.0,2.0,E-Commerce Logistics Solutions
BedBathMore,Consumer Internet,India,Mumbai,Growth,0.0,5.0,2.0,Home Decor eMarketplace
Murgency,Consumer Internet,India,Mumbai,Growth,0.0,5.0,2.0,Medical Emergency Response App
Crownit,Consumer Internet,India,Gurgaon,Growth,0.0,5.0,2.0,Mobile customer rewards management platform
Blinge,eCommerce,India,Mumbai,Seed,0.0,5.0,2.0,Apparel Rental platform
TheSmartQ,Consumer Internet,India,Bangalore,Seed,250000.0,5.0,2.0,Food Ordering Mobile App
PurpleHealth,Consumer Internet,India,Trivandrum,Seed,100000.0,5.0,2.0,Online health-on-demand platform
Fundamentor,Education,India,Pune,Seed,0.0,5.0,2.0,Aptitude Development Program
EduPristine,Education,India,Mumbai,Growth,10000000.0,5.0,2.0,Online Certification Courses
BhiveWorkspace,Reality,India,Bangalore,Growth,1000000.0,5.0,2.0,Co-Working Spaces
Appie,Consumer Internet,India,Mumbai,Seed,1000000.0,5.0,2.0,Location-based offline retail discovery platform
TaxiVaxi,Consumer Internet,India,New Delhi,Seed,500000.0,5.0,2.0,Cab Aggregating Platform
Veqta,Consumer Internet,India,New Delhi,Seed,500000.0,5.0,2.0,On Demand Digital Sports Network
i2ifunding,Consumer Internet,India,Noida,Seed,300000.0,5.0,2.0,Online Peer to Peer Funding
Hoppingo,Consumer Internet,India,New Delhi,Seed,89000.0,5.0,2.0,Fashion Discovery platform
Eatonomist,Consumer Internet,India,Gurgaon,Seed,0.0,5.0,2.0,Food Delivery Platform
Goalwise,Consumer Internet,India,Bangalore,Seed,1000000.0,5.0,2.0,Online investment platform
Roast,Consumer Internet,India,New Delhi,Seed,0.0,5.0,2.0,Mobile entertainment App
Address Health,Healthcare,India,Bangalore,Growth,1500000.0,5.0,2.0,Pediatric Primary Healthcare Network
Arcatron Mobility,Technology,India,Pune,Seed,100000.0,5.0,2.0,Mobility Devices for differently abled
SheThePeople,Consumer Internet,India,New Delhi,Seed,0.0,5.0,2.0,Digital platform for Women
Consure Medical,Healthcare,India,New Delhi,Growth,0.0,5.0,2.0,Medical Devices Kit manufacturer
mChamp,Consumer Internet,India,New Delhi,Seed,475000.0,5.0,2.0,Celebrity Entertainment Contest App
Pianta,Consumer Internet,India,Bangalore,Seed,0.0,5.0,2.0,Online healthcare service discovery platform
Vahanalytics,Technology,India,Mumbai,Seed,200000.0,5.0,2.0,Safe driving Analytics platform
Play Your Sport,Consumer Internet,India,New Delhi,Seed,0.0,5.0,2.0,Location based Sports & Fitness Discovery App
CCavenue,Consumer Internet,India,Mumbai,Growth,8900000.0,5.0,2.0,Payment Gateway
Tpot,Food & Beverage,India,Gurgaon,Seed,0.0,5.0,2.0,QSR Chain
MachaDalo,Consumer Internet,India,Mumbai,Seed,175000.0,5.0,2.0,Hyperlocal Advertising Platform
Dil Mil,Consumer Internet,India,SFO / Bangalore,Growth,2700000.0,5.0,2.0,Matchmaking Mobile App
PicsDream,Consumer Internet,India,Delhi,Seed,0.0,5.0,2.0,Online Marketplace for Photographers
Process 9,Consumer Internet,India,Gurgaon,Seed,0.0,5.0,2.0,online translation and transliteration
Housing,Consumer Internet,India,Mumbai,Growth,0.0,5.0,2.0,Real Estate Portal
Roll Mafia,Food & Beverage,India,Pune,Seed,0.0,5.0,2.0,Rolls & Biryanis QSR chain
Hungama,Consumer Internet,India,Mumbai,Growth,25000000.0,5.0,2.0,Digital Media Entertainment Portal
Highway Delite,Consumer Internet,India,Bangalore,Seed,0.0,5.0,2.0,Various Highway Help Services
Cult Fitness,Healthcare,India,Bangalore,Seed,0.0,5.0,2.0,Healthcare training programs
Haptik,Technology,India,Mumbai,Growth,0.0,5.0,2.0,Personal Assistant App
Shipsy,Logistics,India,Gurgaon,Growth,1000000.0,5.0,2.0,Logistics Solutions
gear6,Consumer Internet,India,Bangalore,Seed,500000.0,5.0,2.0,Online bike service and repairs platform
Truly Social,Consumer Internet,India,London,Growth,0.0,5.0,2.0,Mobile Gaming Studio
imedilane,Consumer Internet,India,New Delhi,Seed,40000.0,5.0,2.0,Online Health Diagnosis platform
Living Local,Consumer Internet,India,Mumbai,Seed,200000.0,5.0,2.0,Social discovery platform
Vegfru,eCommerce,India,New Delhi,Seed,0.0,5.0,2.0,Online Fruit & Vegetable Marketplace
Oyo,Consumer Internet,India,New Delhi,Growth,100000000.0,5.0,2.0,Online Branded Budget Room Booking Service
PriceRaja,Consumer Internet,India,Gurgaon,Seed,300000.0,5.0,2.0,Price Comparison Portal
MagicX,Consumer Internet,India,Bangalore,Seed,1000000.0,5.0,2.0,On-Demand Task Management App
Happydemic,Consumer Internet,India,Mumbai,Seed,0.0,5.0,2.0,Artist Discovery & Booking platform
LenDenClub,Finance,India,Mumbai,Seed,0.0,5.0,2.0,Peer-to-Peer Lending Platform
Indi.com,Consumer Internet,India,Unknown,Seed,0.0,5.0,2.0,Video Social Network
Legalraasta,Consumer Internet,India,New Delhi,Seed,1000000.0,5.0,2.0,Online legal Services for Startups
RainCan,Consumer Internet,India,Pune,Seed,150000.0,5.0,2.0,Subscription-based grocery delivery Mobile App
Hippily,eCommerce,India,Mumbai,Seed,250000.0,5.0,2.0,Fashion ECommerce App
kredX,eCommerce,India,Bangalore,Seed,750000.0,5.0,2.0,Invoice discounting\\xc2\\xa0 Marketplace
Wedwise,Consumer Internet,India,New Delhi,Seed,0.0,5.0,2.0,Wedding related services community
BeaconsTalk,Technology,India,Mumbai,Seed,100000.0,5.0,2.0,contextual mobile advertising
Deal 4Loans,Consumer Internet,India,Noida,Seed,0.0,5.0,2.0,Loan Comparison Portal
Blue Box Media,Consumer Internet,India,Jaipur,Seed,0.0,5.0,2.0,Online Tech Portals
Vyomo,Consumer Internet,India,New Delhi,Growth,15000000.0,5.0,2.0,On-Demand Beauty Service provider
Organicshop,eCommerce,India,Jaipur,Seed,0.0,5.0,2.0,Marketplace for organic products
MInd Your Fleet,Consumer Internet,India,Noida,Seed,0.0,5.0,2.0,Car Rental Software
NestAway,Consumer Internet,India,Bangalore,Growth,30000000.0,5.0,2.0,Furnished Home Rental Platform
Tapchief,Consumer Internet,India,Bangalore,Seed,150000.0,5.0,2.0,Expert Advice Platform
Yufta,eCommerce,India,Bangalore,Seed,0.0,5.0,2.0,Women\\xe2\\x80\\x99s Fashion ECommerce Portal
Smytten,eCommerce,India,Gurgaon,Seed,0.0,5.0,2.0,Online Discovery and Shopping Platform
Houssup,Consumer Internet,India,Jaipur,Seed,0.0,5.0,2.0,interior design and home furnishing portal
Jugnoo,Consumer Internet,India,Chandigarh,Growth,10000000.0,5.0,2.0,On-demand Delivery & Logistics platform
Tork Motocycles,Auto,India,Pune,Seed,0.0,5.0,2.0,Electric Motorcycle Manufacturer
Betaout,eCommerce,India,Noida,Growth,1500000.0,5.0,2.0,customer intelligence and marketing automation platform
DriversCart,Consumer Internet,India,Chennai,Seed,450000.0,5.0,2.0,on-demand chauffeur provider
OYOfit,Consumer Internet,India,Bangalore,Seed,0.0,5.0,2.0,Fitness Services Aggregator platform
Oliveboard,Consumer Internet,India,Bangalore,Growth,0.0,5.0,2.0,Online exam practice & preparation platform
Broomberg,Consumer Internet,India,New Delhi,Seed,0.0,5.0,2.0,Cleaning Services Provider
m.paani,Consumer Internet,India,Mumbai,Seed,0.0,5.0,2.0,Loyalty rewards platform
mishTag,Consumer Internet,India,New Delhi,Seed,0.0,5.0,2.0,"Style, Fashion Discovery Mobile app"
Advanced Structures India,Auto,India,Bangalore,Growth,0.0,5.0,2.0,Automotive Design and Engineering company
Knolskae,Consumer Internet,India,Bangalore,Growth,0.0,5.0,2.0,Educational Gamification & Simulation platform
TOKO Innovation Studios,Consumer Internet,India,New Delhi,Seed,450000.0,5.0,2.0,Children\xe2\x80\x99s Entertainment Games & Products
Commut,Consumer Internet,India,Hyderabad,Seed,200000.0,5.0,2.0,Shuttle Service Provider
intouchapp,Consumer Internet,India,Pune,Seed,0.0,5.0,2.0,Contact Management Mobile App
Dropkaffe,Food & Beverage,India,Bangalore,Seed,550000.0,5.0,2.0,Ready-to-Drink Beverage Producer
Transerv,Consumer Internet,India,Mumbai,Growth,15000000.0,5.0,2.0,Digital Payments platform
ClearTax,Consumer Internet,India,Bangalore,Growth,1300000.0,5.0,2.0,Online filing of Tax returns
CareonGO,Consumer Internet,India,Unknown,Seed,0.0,5.0,2.0,Online Pharmacy
ICHR,Consumer Internet,India,New Delhi,Seed,450000.0,5.0,2.0,Mobile based Children health Information app
Impact Guru,Consumer Internet,India,Mumbai,Seed,500000.0,5.0,2.0,Online Crowdfunding platform for NGOs & Social Projects
Gympik,Consumer Internet,India,Bangalore,Growth,0.0,5.0,2.0,"Fitness Centres, Gym Discovery online marketplace"
Testbook,Consumer Internet,India,Mumbai,Growth,0.0,5.0,2.0,Online Test Preparation Platform
IQlect,Technology,India,Bangalore,Growth,0.0,5.0,2.0,Big Data Analytics Platform
MoMark,Consumer Internet,India,Noida,Growth,600000.0,5.0,2.0,Mobile Wallet Aggregation platform
Skedool,Consumer Internet,India,Seattle / Bangalore,Seed,0.0,5.0,2.0,AI based Office Assistant Mobile App
Systemantics,Technology,India,Bangalore,Growth,1400000.0,5.0,2.0,Industrial robots maker
Vertuals,Technology,India,Mumbai,Seed,0.0,5.0,2.0,Audio Visual Digital Content creators for Brands
Imarticus Learning,Education,India,Mumbai,Growth,1000000.0,5.0,2.0,Financial Services & Analytics Education Institute
Shouut,Consumer Internet,India,New Delhi,Seed,500000.0,5.0,2.0,Social Discovery Mobile app
Aahaa,ECommerce,India,Chennai,Growth,1000000.0,5.0,2.0,Office Products Super Store
FTCash,Consumer Internet,India,Kolkata,Seed,150000.0,5.0,2.0,Mobile Payments Platform
Civilsdaily,Consumer Internet,India,New Delhi,Seed,0.0,5.0,2.0,Civil Services News Aggregator
Zappka,Consumer Internet,India,Gurgaon,Seed,100000.0,5.0,2.0,Mobile App discovery and review platform
Tarusa World,ECommerce,India,Mumbai,Seed,0.0,5.0,2.0,Handicraft products eTailer
medECUBE,Healthcare,India,Gurgaon,Growth,4000000.0,5.0,2.0,Healthcare related Services provider
N.O.W,Consumer Internet,India,Noida,Seed,500000.0,5.0,2.0,Bike Taxi Service & Hyperlocal Delivery App
Vanity Cube,Consumer Internet,India,New Delhi,Seed,250000.0,5.0,2.0,Hyperlocal Beauty Services platform
Medidaili,Consumer Internet,India,Bangalore,Seed,100000.0,5.0,2.0,Medical Support service platform
Finomena,Technology,India,New Delhi,Growth,0.0,5.0,2.0,Credit Worthiness Big Data Analytics
Cookaroo,Consumer Internet,India,Bangalore,Seed,0.0,5.0,2.0,Food Delivery Platform
vPhrase Analytics,Technology,India,Mumbai,Seed,0.0,5.0,2.0,AI based data analytics platform
LoveCycles,Consumer Internet,India,Bangalore,Seed,750000.0,5.0,2.0,Women\\xe2\\x80\\x99s health Tracker
Kartrocket,ECommerce,India,New Delhi,Growth,8000000.0,5.0,2.0,ECommerce SAAS platform
dunzo,Consumer Internet,India,Bangalore,Seed,650000.0,5.0,2.0,Daily Task Management App
Indiamart,ECommerce,India,Noida,Growth,0.0,5.0,2.0,B2B Marketplace for SMBs
SmartVizX,Technology,India,Noida,Seed,500000.0,5.0,2.0,Virtual Reality Solutions
Nukkad Shops,Consumer Internet,India,Hyderabad,Seed,1000000.0,5.0,2.0,Hyperlocal Grocery Delivery Service
Cloudacar,Consumer Internet,India,Pune,Seed,0.0,5.0,2.0,Carpooling Mobile App
Justride,Consumer Internet,India,Mumbai,Seed,400000.0,5.0,2.0,Self Drive Car Rental
Yana,Consumer Internet,India,Gurgaon,Seed,0.0,5.0,2.0,Personal AI Transaction Engine App
Big Fish Ventures,Food & Beverage,India,New Delhi,Growth,11100000.0,5.0,2.0,premium dining lounges Chain
Stylflip,ECommerce,India,Mumbai,Seed,0.0,5.0,2.0,Pre-Owned Fashion marketplace mobile app
Supplified,ECommerce,India,New Delhi,Seed,1000000.0,5.0,2.0,Construction material eTailer
JollyFoodFellow,Technology,India,Ahmedabad,Seed,0.0,5.0,2.0,Food Related Marketing & Branding platform
PinkBlue,ECommerce,India,Bangalore,Seed,223608.0,5.0,2.0,Medical Supplies eTailer
TruckingCube,Logistics,India,New Delhi,Growth,14900000.0,5.0,2.0,"Domestic, Commercial, and Industrial Goods Movers"
eSwasthya,Consumer Internet,India,Ahmedabad,Seed,0.0,5.0,2.0,Online Medicine Delivery Aggregator
FlipClass,Consumer Internet,India,Bangalore,Growth,1000000.0,5.0,2.0,Tutor Search Platform
Proximit,Technology,India,Pune,Seed,150000.0,5.0,2.0,Advertising Technology
WithMe,Consumer Internet,India,Gurgaon,Seed,250000.0,5.0,2.0,Personalized Fashion App
Avagmah,Consumer Internet,India,Bangalore,Seed,0.0,5.0,2.0,Online Education Portal
Wealthy,Consumer Internet,India,Bangalore,Seed,250000.0,5.0,2.0,Online Investment management portal
Pramati,Healthcare,India,Noida,Seed,200000.0,5.0,2.0,Specialized Patient Care platform
Qlivery,Consumer Internet,India,Gurgaon,Seed,230000.0,5.0,2.0,Ondemand Concierge Service
HealthEnablr,Consumer Internet,India,Mumbai,Seed,800000.0,5.0,2.0,Doctor Discovery and booking platform
Liftiee,Consumer Internet,India,Mumbai,Seed,108000.0,5.0,2.0,Car/ bike Pooling App
Hello Curry,Food & Beverage,India,Hyderabad,Growth,1500000.0,5.0,2.0,Quick Service Restaurant Chain
goSporto,Consumer Internet,India,New Delhi,Seed,30000.0,5.0,2.0,Online Sports discovery and booking platform
OneClickWash,Consumer Internet,India,Gurgaon,Seed,0.0,5.0,2.0,Online Laundry & Washing service Booking & Delivery
Girnar Software,Consumer Internet,India,Jaipur,Growth,0.0,5.0,2.0,Online News Media Network
Room On Call,Consumer Internet,India,Gurgaon,Growth,2000000.0,5.0,2.0,Budget hotel aggregator
DrivoJoy,Consumer Internet,India,Bangalore,Seed,600000.0,5.0,2.0,On-demand 2-wheeler Servicing platform
Smartron,Technology,India,Bangalore,Growth,0.0,5.0,2.0,Internet of Things Device manufacturer
LifCare,Consumer Internet,India,Jaipur,Seed,0.0,5.0,2.0,Online Pharmacy portal
CreditSeva,Consumer Internet,India,Hyderabad,Seed,360000.0,5.0,2.0,Online Credit management tools
CityShor,Consumer Internet,India,Ahmedabad,Seed,0.0,5.0,2.0,online lifestyle media recommendation portal
Endless Robotics,Technology,India,Hyderabad,Seed,100000.0,5.0,2.0,Interior Painting Automation
SP Robotics,Technology,India,Chennai,Seed,300000.0,5.0,2.0,Robotic Classes for Students
HashLearn,Consumer Internet,India,Unknown,Seed,0.0,5.0,2.0,Mobile based private tutoring services
Wheelstreet,Consumer Internet,India,Bangalore,Growth,500000.0,5.0,2.0,Online Bike Rental platform
Horntell,Consumer Internet,India,Gurgaon,Seed,150000.0,5.0,2.0,Unified Push Notification service
Schoolkart,eCommerce,India,Noida,Seed,300000.0,5.0,2.0,Online Marketplace for Schools
HealthEminds,Consumer Internet,India,Bangalore,Seed,0.0,5.0,2.0,Online mental healthcare
Babygogo,Consumer Internet,India,New Delhi,Seed,300000.0,5.0,2.0,Child healthcare experts aggregator mobile app
Veritas Finance,Finance,India,Chennai,Growth,4700000.0,5.0,2.0,Asset Based Lending platform
QikShip,Consumer Internet,India,New Delhi,Seed,200000.0,5.0,2.0,Mobile based Logistics provider
FixNix,Consumer Internet,India,Chennai,Seed,500000.0,5.0,2.0,GRC SAAS Platform
Touchkin,Healthcare,India,Bangalore,Seed,400000.0,5.0,2.0,Predictive Healthcare platform
SwitchMe,Consumer Internet,India,Mumbai,Seed,0.0,5.0,2.0,Home Loan Rate comparison platform
Transcell,Healthcare,India,Hyderabad,Seed,0.0,5.0,2.0,Family Stem Cell Banking Services
Blue Tokai Coffee,ECommerce,India,New Delhi,Seed,0.0,5.0,2.0,Specialty Coffee Etailer
Altizone,Technology,India,Pune,Growth,4000000.0,5.0,2.0,IoT & M2M Solutions
Oust App,Consumer Internet,India,Bangalore,Seed,0.0,5.0,2.0,Competitive Exam Preparation Platform
MaaxMarket,Consumer Internet,India,Unknown,Seed,22500.0,5.0,2.0,Marketing Automation platform
Gamooz,Technology,India,Gurgaon,Seed,22500.0,5.0,2.0,Augmented Reality Solutions
SoundSurround,Technology,India,Mumbai,Seed,22500.0,5.0,2.0,Audio Technology Solutions
Mazkara,Consumer Internet,India,Pune / Dubai,Seed,1000000.0,5.0,2.0,Beauty & Wellness Platform
RoadGods,ECommerce,India,New Delhi,Seed,100000.0,5.0,2.0,Auto Spare Parts eTailer
Pindropmusic,Consumer Internet,India,Noida,Seed,100000.0,5.0,2.0,Music Discovery Mobile App
Woodpie,Consumer Internet,India,Bangalore,Seed,30000.0,5.0,2.0,Book Recommendation Service
Perfumery,ECommerce,India,New Delhi,Seed,30000.0,5.0,2.0,Fragrances & Perfume eTailer
Magic Crate,Education,India,Bangalore,Seed,0.0,5.0,2.0,Children Education Platform
ZenDrive,Technology,India,Bangalore / SFO,Growth,13500000.0,5.0,2.0,Safe Driving Data & Analytics platform
Smartcooky,ECommerce,India,New Delhi,Growth,0.0,5.0,2.0,Marketplace for Health Foods
Turtlemint,Consumer Internet,India,Mumbai,Growth,0.0,5.0,2.0,online personalized insurance platform
BHIVE,Real Estate,India,Bangalore,Seed,0.0,5.0,2.0,Workspace Rentals
Gingercrush,Ecommerce,India,Vadodara,Growth,1000000.0,5.0,2.0,Personalized Products & Merchandize eTailer
American Vision,Consumer Internet,India,Pune,Seed,81000.0,5.0,2.0,Optical Store Aggregator Platform
DawaiLelo,Consumer Internet,India,Varanasi,Seed,52000.0,5.0,2.0,Healthcare Services & Online Pharmacy Mobile App
LiveNutriFit,Healthcare,India,New Delhi,Seed,0.0,5.0,2.0,Weight loss & Healthcare Info portal
iStyleYou,Consumer Internet,India,Gurgaon,Seed,100000.0,5.0,2.0,Personal Fashion Stylist App
AdUrCup,Consumer Internet,India,New Delhi,Seed,100000.0,5.0,2.0,Ad Network
Weddingz,Consumer Internet,India,Mumbai,Growth,0.0,5.0,2.0,online marketplace for wedding venues and vendors
Urban Dhobi,Consumer Internet,India,Jaipur,Seed,0.0,5.0,2.0,On Demand Laundry Services
Gray Routes,Consumer Internet,India,Mumbai,Seed,0.0,5.0,2.0,Last mile logistics solutions
Xpressbees,ECommerce,India,Pune,Growth,12500000.0,5.0,2.0,ECommerce Logistics solutions
Invictus Oncology,Healthcare,India,New Delhi,Growth,0.0,5.0,2.0,Cancer therapeutic Info & Solutions
Inc42,Consumer Internet,India,New Delhi,Seed,0.0,5.0,2.0,Startup Focused Media News Portal
Capzest,Consumer Internet,India,Mumbai,Seed,200000.0,5.0,2.0,Digital Lending Platform
GlamStudios,Consumer Internet,India,Noida,Seed,0.0,5.0,2.0,Online Salon Aggregator
Affimity,Consumer Internet,India,Bangalore,Seed,1200000.0,5.0,2.0,Social Networking platform
Anandakanda,Technology,India,Pune,Seed,150000.0,5.0,2.0,Medicine Intake Reminder System
JoulestoWatts,Technology,India,Bangalore,Seed,0.0,5.0,2.0,IT services & Talent collaboration services startup
Shopkirana,Consumer Internet,India,Indore,Seed,0.0,5.0,2.0,Retailer Supply Chain platform
Stylofie,Consumer Internet,India,Gurgaon,Seed,0.0,5.0,2.0,Online Beauty Parlour search & discovery Platform
OyBob,eCommerce,India,Gurgaon,Seed,0.0,5.0,2.0,Hyperlocal Products & Services marketplace
ActOnMagic,Technology,India,Bangalore,Seed,125000.0,5.0,2.0,Cloud Analytics and Management Products
iGrenEnergi,Technology,India,Mumbai,Seed,1000000.0,5.0,2.0,Solar Power Solutions
RKSV,Consumer Internet,India,Mumbai,Growth,4000000.0,5.0,2.0,Online Stock Trading Platform
Aasaanjobs,Consumer Internet,India,Mumbai,Growth,5000000.0,5.0,2.0,Online Recruitment Marketplace
Snapdeal,eCommerce,India,New Delhi,Growth,200000000.0,5.0,2.0,Horizontal Online Marketplace
Snapbizz,Technology,India,Bangalore,Growth,0.0,5.0,2.0,Connectivity platform for local grocery stores
GoYaNo,Consumer Internet,India,Gurgaon,Seed,50000.0,5.0,2.0,Events & Restaurant Discovery Marketplace App
Buddy,Finance,India,Bangalore,Seed,500000.0,5.0,2.0,Micro Lending Platform for eCommerce purchases
Legistify,Consumer Internet,India,New Delhi,Seed,0.0,5.0,2.0,Online Legal services platform
TableHero,Consumer Internet,India,Bangalore,Seed,1000000.0,5.0,2.0,Dynamic Restaurant Website creator
BetterPlace,Technology,India,Bangalore,Seed,970000.0,5.0,2.0,Data analytics based Verification services Platform
Salebhai,eCommerce,India,Ahmedabad,Seed,0.0,5.0,2.0,"Sweets, Eatables, Handicrafts Online Marketplace"
icustommadeit,eCommerce,India,Pune,Growth,4000000.0,5.0,2.0,Professional Custom creators Marketplace
Tring,Consumer Internet,India,Pune,Seed,0.0,5.0,2.0,Instant Messaging App
Timemytask,Consumer Internet,India,Mumbai,Seed,0.0,5.0,2.0,On-Demand home cleaning services
GameZop,Technology,India,New Delhi,Seed,350000.0,5.0,2.0,Mobile Gaming Platform
Notary Mama,Consumer Internet,India,Bangalore,Seed,0.0,5.0,2.0,On-demand Legal documentation and registration service
The Viral Fever,Consumer Internet,India,Mumbai,Growth,10000000.0,5.0,2.0,Independent Online Video production company
Avanti Learning,Education,India,New Delhi,Growth,5000000.0,5.0,2.0,Private Coaching Classes
Bollant Industries,Technology,India,Hyderabad,Growth,0.0,5.0,2.0,Eco-friendly consumer & packaging products
GetVee,Consumer Internet,India,New Delhi,Growth,0.0,5.0,2.0,Matrimony & Couples only mobile platform
HealthKumbh,Consumer Internet,India,Ahmedabad,Seed,73000.0,5.0,2.0,Health related Information portal
Unlaze,Consumer Internet,India,Gurgaon,Seed,0.0,5.0,2.0,Social Networking app for outdoor interests
Tracxn,Technology,India,Bangalore,Growth,0.0,5.0,2.0,Indian Startup ecosystem trends analyzer & funding platform
Careongo,ECommerce,India,New Delhi,Seed,300000.0,5.0,2.0,Online Pharmacy store
Ark Robot,Technology,India,Bangalore,Seed,350000.0,5.0,2.0,Warehouse Automation
Jaypore,ECommerce,India,New Delhi,Growth,5000000.0,5.0,2.0,Ethnic Products marketplace
Finance Buddha,Consumer Internet,India,Bangalore,Seed,0.0,5.0,2.0,Online Loan Comparison & Discovery platform
AlmaConnect,Consumer Internet,India,New Delhi,Seed,0.0,5.0,2.0,Alumni social network
LocalRamu,Consumer Internet,India,Bangalore,Seed,0.0,5.0,2.0,mobile based aggregator for local service providers
Baby Berry,Consumer Internet,India,Bangalore,Seed,1000000.0,5.0,2.0,Parenting Mobile app
First Eat,Consumer Internet,India,New Delhi,Seed,100000.0,5.0,2.0,Healthy Food Delivery platform
SigTuple,Technology,India,Bangalore,Seed,0.0,5.0,2.0,Healthcare based Tech Solutions
Taskbob,Consumer Internet,India,Mumbai,Growth,4500000.0,5.0,2.0,Hyperlocal Handyman services platform
Styledotme,Consumer Internet,India,New Delhi,Seed,37000.0,5.0,2.0,Mobile Fashion App
NewsLaundry,Consumer Internet,India,New Delhi,Growth,0.0,5.0,2.0,Independent News Media Portal
CupoNation,Consumer Internet,India,Gurgaon,Growth,11000000.0,5.0,2.0,Deals and Discount platform
Aarav UAV,Technology,India,Kanpur,Seed,0.0,5.0,2.0,unmanned aerial vehicles creator
Sayfix,Consumer Internet,India,Bangalore,Seed,160000.0,5.0,2.0,Hyperlocal Home Services Provider
LoanZen,Consumer Internet,India,Bangalore,Seed,0.0,5.0,2.0,Peer to peer Lending marketplace
AppilyEver,Consumer Internet,India,Hyderabad,Seed,400000.0,5.0,2.0,Online wedding services marketplace
Pocketin,Consumer Internet,India,Noida,Seed,150000.0,5.0,2.0,Hotel reservations & Deal platform
FeetApart,Consumer Internet,India,Bangalore,Seed,0.0,5.0,2.0,Employee engagements & Rewards platform
CarveNiche,Consumer Internet,India,Bangalore,Seed,0.0,5.0,2.0,Personalized Learning Solutions & products
Juspay,Consumer Internet,India,Bangalore,Growth,5800000.0,5.0,2.0,Digital Payments solutions
Funcart,eCommerce,India,New Delhi,Seed,70000.0,5.0,2.0,Party Supplies Etailer
Freedom Smart Labs,Technology,India,New Delhi,Seed,145000.0,5.0,2.0,IoT retail solutions
EduBridge,Consumer Internet,India,Mumbai,Growth,2500000.0,5.0,2.0,Skill development and vocational training platform
Nestaway,Consumer Internet,India,Bangalore,Growth,0.0,5.0,2.0,Online Home Rental Marketplace
Hopscotch,eCommerce,India,Mumbai,Growth,13000000.0,5.0,2.0,Baby & Kids Products Online Flash sales platform
PinClick,Consumer Internet,India,Bangalore,Growth,0.0,5.0,2.0,Online real estate listings
Helpi,Consumer Internet,India,Mumbai,Seed,0.0,5.0,2.0,On Demand Cleaning Services Mobile App
DogSpot,ECommerce,India,Gurgaon,Seed,0.0,5.0,2.0,Online Pet Store
Career360,Education,India,New Delhi,Growth,0.0,5.0,2.0,College Education Portal
B9 Beverages,Food & Beverage,India,New Delhi,Growth,6000000.0,5.0,2.0,Craft Beer manufacturing company
WIMWI Foods,Food & Beverage,India,Ahmedabad,Seed,0.0,5.0,2.0,Healthy food manufacturing & sales startup
MyChild App,Education,India,Bhopal,Seed,100000.0,5.0,2.0,Child Disorder Information & Education
Instaproc,ECommerce,India,Noida,Seed,0.0,5.0,2.0,B2B Procurement Marketplace for Office Products
360Ride,Consumer Internet,India,Bangalore,Seed,150000.0,5.0,2.0,Ride Sharing platform
Alef\\nMobitech,Consumer Internet,India,Mumbai,Growth,5000000.0,5.0,2.0,Cloud Mobility Solutions
Qdesq,Real Estate,India,Gurgaon,Seed,0.0,5.0,2.0,Branded Workspaces Aggregator
Sensara,Technology,India,Bangalore,Seed,750000.0,5.0,2.0,"TV Search, Guide and Remote mobile app"
Zebpay,Consumer Internet,India,Ahmedabad,Growth,1000000.0,5.0,2.0,Bitcoin Buying & Selling Mobile App
PlanMy\\nMedicalTrip,Healthcare,India,Pune,Seed,150000.0,5.0,2.0,Medical Tourism platform
MyCity4Kids,Education,India,Gurgaon,Growth,3000000.0,5.0,2.0,Children Education & Information platform
Justdakhila.com,Education,India,New Delhi,Seed,750000.0,5.0,2.0,School Student admissions platform
PitStop,Consumer Internet,India,Bangalore,Seed,0.0,5.0,2.0,Automobile Service Booking App
Bikxie,Consumer Internet,India,Gurgaon,Seed,0.0,5.0,2.0,Two Wheeler Taxi Service
Infurnia,Consumer Internet,India,Bangalore,Seed,160000.0,5.0,2.0,Online Furniture Customization platform
Melorra,ECommerce,India,Bangalore,Growth,5000000.0,5.0,2.0,Online/ Mobile Jewellery Retailer
ConfirmTKT,Consumer Internet,India,Bangalore,Seed,250000.0,5.0,2.0,Train PNR Status Prediction Platform
Gyaanzone,Education,India,Mumbai,Seed,45000.0,5.0,2.0,Career Planning and Education Advisory Platform
FlatFurnish,Consumer Internet,India,Gurgaon,Seed,0.0,5.0,2.0,Online Furnishing Rental Platform
Lumiere,ECommerce,India,Bangalore,Growth,0.0,5.0,2.0,Organic Food eTailer
Wishup,Consumer Internet,India,New Delhi,Seed,0.0,5.0,2.0,Mobile app based Concierge Service
FreshMenu,Consumer Internet,India,Bangalore,Growth,16500000.0,5.0,2.0,Online / Mobile Food Ordering platform
SavvyMob,ECommerce,India,Bangalore,Seed,1000000.0,5.0,2.0,Last Minute Hotel Bookings mobile marketplace
Fashionablyin,Consumer Internet,India,Mumbai,Seed,0.0,5.0,2.0,Mobile based Geo-target Fashion Marketplace
Hike Messenger,Consumer Internet,India,New Delhi,Growth,0.0,5.0,2.0,P2P Messaging Service
iBus Networks,Technology,India,Bangalore,Growth,2300000.0,5.0,2.0,Next Generation in-building connectivity
Happy2Refer,Consumer Internet,India,Mumbai,Seed,250000.0,5.0,2.0,Mobile based Referral Platform
CarTrade,Consumer Internet,India,Mumbai,Growth,145000000.0,5.0,2.0,Auto Classifieds Portal
Rentomo,Consumer Internet,India,Bangalore,Seed,100000.0,5.0,2.0,peer-to-peer renting Marketplace
Roder,Consumer Internet,India,New Delhi,Seed,240000.0,5.0,2.0,inter-city cab aggregator
Bucker,Consumer Internet,India,Hyderabad,Seed,0.0,5.0,2.0,Food Ordering Mobile App
Care24,Healthcare,India,Mumbai,Growth,4000000.0,5.0,2.0,Professional Health Services Platform
Obino,Healthcare,India,Mumbai,Growth,0.0,5.0,2.0,Weigh Loss Coaching
Snapshopr,Consumer Internet,India,Bangalore,Seed,0.0,5.0,2.0,Visual Search & Image Recognition Platform
Buildkar,ECommerce,India,Bangalore,Seed,0.0,5.0,2.0,Construction Material Marketplace
Orahi,Consumer Internet,India,Gurgaon,Seed,520000.0,5.0,2.0,Carpooling Mobile App
Remidio,Healthcare,India,Bangalore,Growth,0.0,5.0,2.0,Healthcare Product Manufacturer
evibe.in,Consumer Internet,India,Bangalore,Seed,0.0,5.0,2.0,Party Hall Booking platform
Jobick,Consumer Internet,India,Noida,Seed,0.0,5.0,2.0,Mobile app based Job Search
Plick,Consumer Internet,India,Mumbai,Seed,0.0,5.0,2.0,Instant Content Transfer Mobile App
Voice Friends,Consumer Internet,India,Mumbai,Seed,0.0,5.0,2.0,Dating & Singles Chat Platform
Cashkaro,Consumer Internet,India,Gurgaon,Growth,0.0,5.0,2.0,Coupon & Cashback platform
Gameezop,Consumer Internet,India,New Delhi,Seed,0.0,5.0,2.0,Casual Gaming platform
DailyObjects,ECommerce,India,New Delhi,Growth,1400000.0,5.0,2.0,Mobile Accessories etailer
CollegeDunia,Consumer Internet,India,New Delhi,Seed,445000.0,5.0,2.0,Educational College Search platform
Villgro,Finance,India,Chennai,Growth,3500000.0,5.0,2.0,Social Business Incubator & Fund
Reddoorz,Consumer Internet,India,New Delhi,Growth,0.0,5.0,2.0,Budget Accomodation Aggregator
IndustryBuying,ECommerce,India,New Delhi,Growth,1800000.0,5.0,2.0,B2B Industrial Goods Marketplace
Just Buy Live,ECommerce,India,Mumbai,Growth,20000000.0,5.0,2.0,B2B Marketplace for Distributors
IMbesharam,ECommerce,India,New Delhi / US,Growth,4000000.0,5.0,2.0,Adult Products Etailers
Moodoo,Consumer Internet,India,Mumbai / UK,Seed,40000.0,5.0,2.0,Social Meeting organizer App
Saral Designs,Healthcare,India,Mumbai,Seed,0.0,5.0,2.0,Women Hygiene Product Manufacturer
FirstCry,ECommerce,India,Pune,Growth,0.0,5.0,2.0,Kids Focused eTailer
Easypolicy,Consumer Internet,India,Noida,Growth,2200000.0,5.0,2.0,Online insurance policy aggregator
CREO,Technology,India,Bangalore,Growth,3000000.0,5.0,2.0,Smartphone OS Developer
ShabdaNagari,Consumer Internet,India,Kanpur,Seed,200000.0,5.0,2.0,Hindi Language Social Networking Portal
Little,Consumer Internet,India,Bangalore,Growth,0.0,5.0,2.0,Deal Discovery App
SnapBizz,ECommerce,India,Bangalore,Growth,7200000.0,5.0,2.0,Mobile based Retail Market Ecosystem
PlexusMD,Consumer Internet,India,Ahmedabad,Seed,0.0,5.0,2.0,Social Network for Healthcare Professionals
Silvan,Technology,India,Bangalore,Seed,515000.0,5.0,2.0,Home Automation & Security Solutions
EPS,Technology,India,Mumbai,Growth,35000000.0,5.0,2.0,Electronic Payments Solution Company
Gajty,Healthcare,India,Gurgaon,Seed,0.0,5.0,2.0,Salons & Spa Chain
SIFTR Labs,Consumer Internet,India,Mumbai,Seed,150000.0,5.0,2.0,Photography curation & Aggregator platform
SkyCandle,ECommerce,India,New Delhi,Growth,0.0,5.0,2.0,Home D\\xc3\\xa9cor Product etailer
Teabox.com,ECommerce,India,Siliguri,Growth,0.0,5.0,2.0,Specialty Tea ETailer
Buildzar,ECommerce,India,Gurgaon,Growth,4000000.0,5.0,2.0,Construction Material ETailer
Applicate,Technology,India,Bangalore,Seed,1000000.0,5.0,2.0,"Sales, Market, Distribution & Data Analytics Platform"
WhatsOnRent,ECommerce,India,Bangalore,Seed,0.0,5.0,2.0,Online Rental Marketplace
Zebi (yet to launch),Technology,India,Hyderabad,Seed,1000000.0,5.0,2.0,Data Intelligence & Analytics
Truce,FMCG,India,Mumbai,Seed,370000.0,5.0,2.0,Vegetables & Fruits Supply Chain
JustDoc,Consumer Interne,India,Bangalore,Seed,0.0,5.0,2.0,Medical Video Consultation platform
Myeglu,Technology,India,Bangalore,Seed,0.0,5.0,2.0,Connected Smart Home Solutions
BitGiving,Consumer Internet,India,New Delhi,Seed,0.0,5.0,2.0,Crowd Funding Platform
Rare Media,Technology,India,New Delhi,Growth,1100000.0,5.0,2.0,Mobile & Cloud based App developer
TinMen,Consumer Internet,India,Hyderabad,Seed,0.0,5.0,2.0,Food Delivery Platform
CodingLabs,Technology,India,Hyderabad,Seed,0.0,5.0,2.0,Coding Skill Showcase & Resume Builder
FindUrClass,Consumer Internet,India,Mumbai,Seed,0.0,5.0,2.0,Hobby & Activity Class Aggregator
DesignBids,Consumer Internet,India,New Delhi,Seed,0.0,5.0,2.0,Interior Design Marketplace
Black White Orange Brands,Brand Licensing Startup,India,Mumbai,Seed,0.0,5.0,2.0,Unknown
Biteclub,Gourmet Food Discovery & Delivery platform,India,Gurgaon,Growth,0.0,5.0,2.0,Unknown
Patel Logistics,Transportation & Logistics Platform,India,Mumbai,Growth,5600000.0,5.0,2.0,Unknown
Zapluk,"Health, Wellness & Beauty Services App",India,Hyderabad,Seed,0.0,5.0,2.0,Unknown
Godof Hospitals,Digital Healthcare,India,New Delhi,Seed,2000000.0,5.0,2.0,Unknown
RoomsTonite,Last Minute Hotel Booking App,India,Bangalore,Seed,1500000.0,5.0,2.0,Unknown
Kaaryah,Womens Fashion Wear Portal,India,New Delhi,Growth,0.0,5.0,2.0,Unknown
Anakage,Product Learning platform,India,Bangalore,Seed,0.0,5.0,2.0,Unknown
EasyKhaana,Online Food ordering & Delivery platform,India,New Delhi,Seed,100000.0,5.0,2.0,Unknown
Eckovation,Social Learning Platform,India,New Delhi,Seed,0.0,5.0,2.0,Unknown
Fitcircle,Social Fitness platform,India,Mumbai,Seed,0.0,5.0,2.0,Unknown
Applop,On Demand Mobile app developer,India,Kolkata,Seed,100000.0,5.0,2.0,Unknown
CaRPM,Car Maintenance & Management mobile app,India,Gurgaon,Seed,100000.0,5.0,2.0,Unknown
NDTV Wedding portal,Online Wedding Marketplace,India,New Delhi,Growth,20000000.0,5.0,2.0,Unknown
Splitkart,Splitting Bills Mobile App,India,New Delhi,Seed,0.0,5.0,2.0,Unknown
Customfurnish,Custom Made furniture e-tailer,India,Hyderabad,Growth,4500000.0,5.0,2.0,Unknown
Vlurn,eLearning platform,India,Mumbai,Seed,0.0,5.0,2.0,Unknown
Leaf Wearables,Smart Safety Wearable Devices,India,New Delhi,Seed,250000.0,5.0,2.0,Unknown
Coolshare,Cab Sharing service Mobile app,India,Mumbai,Seed,100000.0,5.0,2.0,Unknown
mFicient,Cloud Enterprise Mobility Platform,India,New Delhi,Seed,0.0,5.0,2.0,Unknown
HeyBiz,Online Shopping Assistant Mobile app,India,New Delhi,Seed,0.0,5.0,2.0,Unknown
Yumist,Home Cooked Food Order & Delivery platform,India,Gurgaon,Growth,2000000.0,5.0,2.0,Unknown
Jigsaw Academy,Online School for Analytics learning,India,Bangalore,Growth,3000000.0,5.0,2.0,Unknown
JumboBasket,eCommerce returns etailer,India,Chandigarh,Seed,0.0,5.0,2.0,Unknown
HomeStudio,Online Branded Furniture etailer,India,Bangalore,Growth,5000000.0,5.0,2.0,Unknown
PropheSee,Digital Analytics Platform,India,New Delhi,Seed,500000.0,5.0,2.0,Unknown
i2e1,Internet Network Infrastructure Services,India,New Delhi,Seed,500000.0,5.0,2.0,Unknown
Holisol Logistics,Supply Chain & Logistics Solutions,India,New Delhi,Growth,10000000.0,5.0,2.0,Unknown
Stay Simple Resorts,Holiday Resort Chain,India,Bangalore,Seed,0.0,5.0,2.0,Unknown
Paynear,Mobile Point of Sale solutions,India,Hyderabad,Growth,2500000.0,5.0,2.0,Unknown
Chillr,Peer-to-Peer Money Transfer & Recharge App,India,Mumbai,Growth,70000000.0,5.0,2.0,Unknown
EureQa,Test Automation SAAS platform,India,Hyderabad/USA,Seed,600000.0,5.0,2.0,Unknown
LocalCircles,Citizens Engagement Platform,India,Noida,Growth,0.0,5.0,2.0,Unknown
GetFocus,Indoor Navigation & Analytics Solutions,India,Mumbai,Seed,0.0,5.0,2.0,Unknown
OnlineRTI,Online RTI application services,India,Bangalore,Seed,150000.0,5.0,2.0,Unknown
Powerstores,ECommerce Website Creation SAAS platform,India,Goa,Seed,0.0,5.0,2.0,Unknown
Intelligent Interfaces,Interface development platform for Government officials,India,Bangalore,Seed,0.0,5.0,2.0,Unknown
Capricoast,Modular Furnishings Marketplace,India,Bangalore,Growth,3500000.0,5.0,2.0,Unknown
JetSetGo,Private Jet Bookings Marketplace,India,Bangalore,Growth,0.0,5.0,2.0,Unknown
Cabsguru,Cab search Comparison & Booking platform,India,New Delhi,Seed,200000.0,5.0,2.0,Unknown
Whoop,Performance Optimization Platform for athletes,India,Boston,Growth,3000000.0,5.0,2.0,Unknown
Deal Street Asia,Digital Media Platform,India,Singapore,Seed,0.0,5.0,2.0,Unknown
Streamoid,visual search and discovery platform,India,Bangalore / Palo Alto,Seed,1000000.0,5.0,2.0,Unknown
Housejoy,Home services marketplace,India,Bangalore,Growth,22500000.0,5.0,2.0,Unknown
Bluebirch,End to End reverse logistics Solution platform,India,Bangalore,Seed,2000000.0,5.0,2.0,Unknown
MeraDoctor,Virtual Health consultation app,India,Mumbai,Growth,1200000.0,5.0,2.0,Unknown
STAGE 3,Online Renting platform,India,New Delhi,Seed,0.0,5.0,2.0,Unknown
Eatfresh,Online marketplace for Chef Meals,India,Bangalore,Growth,0.0,5.0,2.0,Unknown
Ampere Vehicles,Electric Bike Manufacturers,India,Coimbatore,Seed,1200000.0,5.0,2.0,Unknown
Focus Digit,ECommerce platform solutions,India,New Delhi,Seed,0.0,5.0,2.0,Unknown
The News Minute,Online Media Publication,India,Bangalore,Seed,0.0,5.0,2.0,Unknown
CBREX,International Hiring Platform,India,Mumbai / NY,Seed,200000.0,5.0,2.0,Unknown
TruckMandi,Logistics Service Provider Marketplace,India,New Delhi,Growth,2000000.0,5.0,2.0,Unknown
Peppertap,Hyperlocal\\xc2\\xa0 Grocery Delivery Service,India,Gurgaon,Growth,4000000.0,5.0,2.0,Unknown
Industrybuying,Online Marketplace for Industrial Goods,India,New Delhi,Seed,0.0,5.0,2.0,Unknown
PlanetGogo,Content Discovery & reward points platform,India,Gurgaon,Seed,0.0,5.0,2.0,Unknown
Arya.ai,Artificial Intelligence platform,India,Mumbai,Growth,750000.0,5.0,2.0,Unknown
LafaLafa,"Digital Coupons, Deal & Cashback aggregator app",India,Mumbai,Growth,0.0,5.0,2.0,Unknown
Shotang.com,B2B eCommerce Marketplace,India,Bangalore,Growth,5000000.0,5.0,2.0,Unknown
Black White Orange,B2B Merchandize platform,India,Mumbai,Seed,303000.0,5.0,2.0,Unknown
Kolabro,Real Estate focused Tech platform,India,Gurgaon,Seed,0.0,5.0,2.0,Unknown
Town Essentials,Grocery Delivery platform,India,Bangalore,Seed,1000000.0,5.0,2.0,Unknown
Bumper,Mobile Car Servicing appointment app,India,Bangalore,Seed,500000.0,5.0,2.0,Unknown
Hotify,New Curation Mobile App,India,Bangalore,Seed,150000.0,5.0,2.0,Unknown
MobiKwik,Mobile Wallet,India,Gurgaon,Growth,6600000.0,5.0,2.0,Unknown
CityFlo,Bus Aggregation and rental mobile app,India,Mumbai,Seed,750000.0,5.0,2.0,Unknown
Findyahan,hyperlocal online Services platform,India,Noida,Growth,0.0,5.0,2.0,Unknown
Sabse,WiFi \xe2\x80\x93 first Cloud communication platform,India,Mumbai,Growth,0.0,5.0,2.0,Unknown
Pokkt,Alternate Mobile Monetization platform,India,Mumbai,Growth,5000000.0,5.0,2.0,Unknown
oibanit,Online Food Ordering Marketplace,India,Vadodara,Seed,150000.0,5.0,2.0,Unknown
Stuffed,Quick Service Restaurant & Online Delivery,India,Mumbai,Seed,385000.0,5.0,2.0,Unknown
LoanBaba,Online Loans Marketplace,India,Mumbai,Seed,320000.0,5.0,2.0,Unknown
Deyor Rooms,Budget Hotels Aggregator,India,New Delhi,Seed,500000.0,5.0,2.0,Unknown
Bidgely,Efficient Energy Management platform,India,USA/India,Growth,16600000.0,5.0,2.0,Unknown
YourDOST,Online Counselling and psychological support platform,India,Gwalior,Seed,400000.0,5.0,2.0,Unknown
BookMyBai,Domestic Help Aggregation platform,India,Mumbai,Seed,150000.0,5.0,2.0,Unknown
MyIndianStay,Home Stay & room rentals platform,India,Goa,Seed,200000.0,5.0,2.0,Unknown
Bobble,Selfie Mobile App,India,New Delhi,Growth,0.0,5.0,2.0,Unknown
RepUp,Online Reputation Management Platform,India,Gurgaon,Seed,0.0,5.0,2.0,Unknown
Satvacart,Online Grocery platform,India,Gurgaon,Growth,1800000.0,5.0,2.0,Unknown
POPxo.com,Online content platform for women,India,New Delhi,Growth,2000000.0,5.0,2.0,Unknown
SparesHub,Online Vehicle Spare Parts etailer,India,Pune,Seed,460000.0,5.0,2.0,Unknown
Explara,Event Ticketing platform,India,Pune,Growth,490000.0,5.0,2.0,Unknown
Soothe Healthcare,affordable Personal Healthcare Products,India,Noida,Seed,0.0,5.0,2.0,Unknown
Yuvi Hospitality,Premium dining Lounges & restaurants,India,Gurgaon,Growth,15000000.0,5.0,2.0,Unknown
AppVirality,Mobile Growth Hacking\\nPlatform,India,Hyderabad,Seed,500000.0,5.0,2.0,Unknown
iStar Skill Development,Skill Training Startup,India,Bangalore,Growth,1500000.0,5.0,2.0,Unknown
BigStylist.com,Beauty and Wellness Marketplace,India,Mumbai,Growth,1000000.0,5.0,2.0,Unknown
Didi,On-demand Maids Service Provider,India,Mumbai,Seed,150000.0,5.0,2.0,Unknown
Skoov.com,eCommerce Product Search Engine,India,Mumbai,Seed,150000.0,5.0,2.0,Unknown
Chefs Basket,Ready to cook packaged Foods,India,Mumbai,Growth,6000000.0,5.0,2.0,Unknown
Delight Foods,Branded Food products online sales,India,Bangalore,Growth,600000.0,5.0,2.0,Unknown
Grab,Hyperlocal Logistics Service Provider,India,Mumbai,Seed,0.0,5.0,2.0,Unknown
Hitwicket,Cricket Management Mobile Game,India,Hyderabad,Seed,250000.0,5.0,2.0,Unknown
Flashdoor,On Demand Laundry Service platform,India,Bangalore,Seed,0.0,5.0,2.0,Unknown
Cashkaro.com,Ecommerce Discount & Cashback coupons platform,India,Gurgaon,Growth,3700000.0,5.0,2.0,Unknown
Absentia,Virtual Reality Headset creator,India,Bangalore,Seed,180000.0,5.0,2.0,Unknown
TaskBucks,mobile-only tasks marketplace,India,New Delhi,Growth,15000000.0,5.0,2.0,Unknown
CraftsVilla,Women Ethnic Wear\\xc2\\xa0 Online Marketplace,India,Mumbai,Growth,34000000.0,5.0,2.0,Unknown
StyleTag,Designer fashion Jewellery Marketplace,India,Bangalore,Seed,7500000.0,5.0,2.0,Unknown
BiBox,Kids Tool kit for Innovation platform,India,Bangalore,Seed,530000.0,5.0,2.0,Unknown
ScoopWhoop,Viral Content web Platform,India,New Delhi,Growth,4000000.0,5.0,2.0,Unknown
Hipship,Express local delivery platform,India,Bangalore,Seed,0.0,5.0,2.0,Unknown
Truelancer,Curated Freelancer Marketplace,India,New Delhi,Seed,0.0,5.0,2.0,Unknown
AHA Taxis,Online Taxi Rental Platform,India,Noida,Seed,0.0,5.0,2.0,Unknown
SenseGiz,Smartwatch Maker,India,Belgaum,Seed,500000.0,5.0,2.0,Unknown
PlaceofOrigin,Online Gourmet Food Marketplace,India,Bangalore,Seed,0.0,5.0,2.0,Unknown
Fourseven,Online Jewellery etailer,India,New Delhi,Seed,455000.0,5.0,2.0,Unknown
Shopsense,ecommerce related software product platform,India,Mumbai,Seed,0.0,5.0,2.0,Unknown
OUWT,Nightlife Discovery Mobile App,India,Mumbai,Seed,150000.0,5.0,2.0,Unknown
HeyPillow,Online Real Estate Marketplace,India,Bangalore,Growth,3000000.0,5.0,2.0,Unknown
Healers At Home,"Home Healthcare Services platform,",India,New Delhi,Seed,0.0,5.0,2.0,Unknown
Caravan Craft,Indian Ethnic Crafts Etailer,India,Bangalore,Growth,1200000.0,5.0,2.0,Unknown
Talkoot,Social platform for traders and investors,India,Bangalore,Seed,100000.0,5.0,2.0,Unknown
RentoMojo,"Online Furniture, Home Appliances Rental Platform",India,Bangalore,Growth,2000000.0,5.0,2.0,Unknown
Medikoe,Healthcare Services Discovery platform,India,Bangalore,Seed,100000.0,5.0,2.0,Unknown
ServX,Automotive Services platform,India,New Delhi,Seed,0.0,5.0,2.0,Unknown
Naaptol,Online and TV Shopping Marketplace,India,Mumbai,Growth,52000000.0,5.0,2.0,Unknown
EarlySalary.com,Mobile App based Loan disbursement platform,India,Mumbai,Seed,1500000.0,5.0,2.0,Unknown
Tooler,On Demand Laundry Services App,India,New Delhi,Seed,110000.0,5.0,2.0,Unknown
S Chand,Education Content Provider,India,New Delhi,Growth,27000000.0,5.0,2.0,Unknown
Stelae,Content Management Software Solutions,India,Chennai,Growth,0.0,5.0,2.0,Unknown
GoQii,Fitness Tracking Management Solutions,India,Mumbai,Growth,13400000.0,5.0,2.0,Unknown
Pluss,Hyperlocal healthcare product Delivery Service provider,India,Gurgaon,Growth,1000000.0,5.0,2.0,Unknown
KountMoney,Online Lending Marketplace,India,Bangalore,Seed,0.0,5.0,2.0,Unknown
StayGlad,On Demand Beauty Services Platform,India,Bangalore,Growth,0.0,5.0,2.0,Unknown
LearnOn,Clud based Learning platform,India,Chennai,Seed,0.0,5.0,2.0,Unknown
Talentrack,Talent Exchange & Talent Services Marketplace,India,New Delhi,Seed,0.0,5.0,2.0,Unknown
M-TAXI,Two-Wheeler Taxi Service,India,Gurgaon,Seed,0.0,5.0,2.0,Unknown
Baxi,Two-Wheeler Taxi Service,India,Gurgaon,Seed,1450000.0,5.0,2.0,Unknown
Superhero Brands,character merchandize sales platform,India,Mumbai,Seed,540000.0,5.0,2.0,Unknown
MoMagic,Mobile Application Developer,India,New Delhi,Growth,0.0,5.0,2.0,Unknown
QikPod,Ecommerce Delivery locker services,India,Bangalore,Growth,9000000.0,5.0,2.0,Unknown
Butterfly Interactive,extra curricular activities marketplace app,India,New Delhi,Seed,0.0,5.0,2.0,Unknown
Bro4U,Hyperlocal Online Home services provider,India,Bangalore,Seed,0.0,5.0,2.0,Unknown
EasyFix,Professional Services Marketplace,India,Gurgaon,Seed,0.0,5.0,2.0,Unknown
Muvizz,Movie-on-demand platform,India,Singapore,Seed,350000.0,5.0,2.0,Unknown
Abhibus,us ticketing and fleet management platform,India,Hyderabad,Growth,0.0,5.0,2.0,Unknown
Shopalyst,Product discovery & recommendation platform,India,Bangalore,Growth,2000000.0,5.0,2.0,Unknown
Voylla,Fashion jewelry and accessories e-tailer,India,Jaipur,Growth,15000000.0,5.0,2.0,Unknown
IndiaLends,Online Consumer Lending platform,India,New Delhi,Growth,1000000.0,5.0,2.0,Unknown
Rock N Shop,Premium Apparel shopping portal,India,New Delhi,Seed,150000.0,5.0,2.0,Unknown
DocPlexus,Exclusive Platform for Doctors & Healthcare professionals,India,Pune,Seed,700000.0,5.0,2.0,Unknown
SportzVillage,Sports Management & Physical Education Business,India,Bangalore,Growth,10000000.0,5.0,2.0,Unknown
SportyBeans,multi-sport program for preschoolers,India,Pune,Seed,0.0,5.0,2.0,Unknown
Welcome Cure,Online Homeopathy Clinic,India,Mumbai,Growth,6000000.0,5.0,2.0,Unknown
SchoolGuru,E-Learning Service Provider,India,Mumbai,Growth,3000000.0,5.0,2.0,Unknown
Naturally Yours,Organic Food etailer,India,Mumbai,Seed,0.0,5.0,2.0,Unknown
GoJavas,Delivery & Logistics Service provider,India,Gurgaon,Growth,20000000.0,5.0,2.0,Unknown
ZuperMeal,Home Cooked Food marketplace & Delivery,India,Mumbai,Growth,2000000.0,5.0,2.0,Unknown
Cube26,Gesture based Mobile Development,India,New Delhi,Growth,7700000.0,5.0,2.0,Unknown
Grabhouse,Rental Accommodation Search platform,India,Bangalore,Growth,10000000.0,5.0,2.0,Unknown
Quifers,Logistics Tech Platform,India,Mumbai,Seed,310000.0,5.0,2.0,Unknown
Cloud Lending,End-to-End Lending platform,India,Bangalore / San Mateo,Growth,8000000.0,5.0,2.0,Unknown
Inayo,on-demand healthcare marketplace,India,Mumbai,Seed,300000.0,5.0,2.0,Unknown
WoNoBo,360-degree view creating platform,India,Bangalore,Growth,0.0,5.0,2.0,Unknown
Kulzy,Advertising & Marketing Community Networking platform,India,New Delhi,Seed,1000000.0,5.0,2.0,Unknown
Zeppery,Food Ordering & Delivery App,India,New Delhi,Seed,77000.0,5.0,2.0,Unknown
Zify,Ride Sharing platform,India,Hyderabad,Seed,190000.0,5.0,2.0,Unknown
Gridle,Cloud Based Collaboration platform,India,Ahmedabad,Seed,100000.0,5.0,2.0,Unknown
Mubble,Prepaid Bill manager App,India,Bangalore,Growth,0.0,5.0,2.0,Unknown
Voodoo,Mobile Only Shopping Assistant,India,New Delhi,Seed,1000000.0,5.0,2.0,Unknown
Lookup,Mobile Messaging Assistant App,India,Bangalore,Growth,2500000.0,5.0,2.0,Unknown
AskMyGift,Personalized Wish List creator app,India,Noida,Seed,50000.0,5.0,2.0,Unknown
Gaana.com,Music Streaming mobile app,India,Mumbai,Growth,0.0,5.0,2.0,Unknown
GymTrekker,Gym Discovery platform,India,Mumbai,Seed,0.0,5.0,2.0,Unknown
Bounty App,Online Purchase rewards app,India,Bangalore,Seed,0.0,5.0,2.0,Unknown
Homers.in,Home rental platform,India,Gurgaon,Seed,0.0,5.0,2.0,Unknown
mShipper,Crowdsourced Delivery platform,India,New Delhi,Seed,0.0,5.0,2.0,Unknown
BolRealty,Real Estate Insights platform,India,New Delhi,Seed,0.0,5.0,2.0,Unknown
S-Cube Futuretech,Structural & Civil Engg Service Automation,India,Mumbai,Growth,1000000.0,5.0,2.0,Unknown
LetsVenture,Startup Funding Marketplace,India,Bangalore,Growth,0.0,5.0,2.0,Unknown
Citrus Payment,Payments Solution platform,India,Mumbai,Growth,25000000.0,5.0,2.0,Unknown
Holidify,Travel Destination Discovery platform,India,New Delhi,Seed,100000.0,5.0,2.0,Unknown
PrimaSeller,Order Fulfillment SAAS platform,India,Bangalore,Seed,0.0,5.0,2.0,Unknown
Opinio,Last Mile Delivery Service,India,Bangalore,Growth,7000000.0,5.0,2.0,Unknown
Attune Technologies,Healthcare IT Solutions & services,India,Chennai,Growth,10000000.0,5.0,2.0,Unknown
iChef.in,Gourmet Meals Delivery,India,Mumbai,Growth,0.0,5.0,2.0,Unknown
Jiyo Natural,Healthy Meals Food delivery platform,India,Bangalore,Seed,0.0,5.0,2.0,Unknown
AgentDesks,Real Estate Mobile CRM,India,New York/ India,Seed,2950000.0,5.0,2.0,Unknown
White Owl Brewery,Micro-Brewery,India,Mumbai,Growth,1530000.0,5.0,2.0,Unknown
MealHopper,Home Made Food Marketplace,India,Gurgaon,Seed,100000.0,5.0,2.0,Unknown
Zenify.in,residential rental management platform,India,Bangalore,Seed,640000.0,5.0,2.0,Unknown
Medd,Personal Diagnostic Mobile App,India,Mumbai,Seed,150000.0,5.0,2.0,Unknown
Leaping Caravan,Online food ordering & Delivery service,India,Gurgaon,Seed,150000.0,5.0,2.0,Unknown
Frsh,Online food ordering & Delivery service,India,Gurgaon,Growth,1000000.0,5.0,2.0,Unknown
Qik Stay,Hotel Aggregator & booking platform,India,New Delhi,Seed,250000.0,5.0,2.0,Unknown
Parcelled,Online Logistics Platform,India,Bangalore,Growth,5000000.0,5.0,2.0,Unknown
AlmaMapper,Online Student & Campus Social Networking platform,India,Ahmedabad,Seed,400000.0,5.0,2.0,Unknown
Flexing It,Professionals & Project Search Marketplace,India,New Delhi,Seed,500000.0,5.0,2.0,Unknown
Netmeds.com,Online Pharmacy,India,Chennai,Growth,50000000.0,5.0,2.0,Unknown
Jombay,Psychometric Test Online Software,India,Pune,Growth,0.0,5.0,2.0,Unknown
Happitoo,Location based Nightlife recommendation\\xc2\\xa0 Platform,India,Mumbai,Seed,77000.0,5.0,2.0,Unknown
Roadrunnr,Hyperlocal Logistics Service,India,Bangalore,Growth,10000000.0,5.0,2.0,Unknown
Simpli5d,Online user engagement platform,India,Gurgaon,Growth,0.0,5.0,2.0,Unknown
ORIGA Leasing,Asset Financing platform,India,Mumbai,Seed,1100000.0,5.0,2.0,Unknown
Smartivity.in,Virtual Reality activity based learning platform,India,New Delhi,Seed,200000.0,5.0,2.0,Unknown
Tavaga,Investment management platform,India,Mumbai,Seed,0.0,5.0,2.0,Unknown
ZopHop,Public Commute helper App,India,Mumbai,Seed,450000.0,5.0,2.0,Unknown
Instavans,Truck Aggregator & Logistics service,India,Bangalore,Seed,0.0,5.0,2.0,Unknown
LiftO,Ridesharing Mobile app,India,Mumbai,Seed,130000.0,5.0,2.0,Unknown
TinyOwl,Food Discovery & Delivery Mobile app,India,Mumbai,Growth,7500000.0,5.0,2.0,Unknown
Toppr.com,Competitive exam learning platform,India,Mumbai,Growth,2000000.0,5.0,2.0,Unknown
Kleeto,Document Digitization platform,India,Gurgaon,Seed,230000.0,5.0,2.0,Unknown
TOFlo,FinTech Startup Incubation platform,India,Mumbai,Seed,100000.0,5.0,2.0,Unknown
FXMartIndia,Payment Services platform,India,Chandigarh,Growth,0.0,5.0,2.0,Unknown
Stylecracker,Personalized Styling platform,India,Mumbai,Growth,1000000.0,5.0,2.0,Unknown
Luxuryhues,Luxury goods\\xc2\\xa0 Shopping Platform,India,Gurgaon,Growth,900000.0,5.0,2.0,Unknown
Zivame,Online Lingerie Marketplace,India,Bangalore,Growth,40000000.0,5.0,2.0,Unknown
Capillary Tech,Cloud software solutions,India,New Delhi,Growth,45000000.0,5.0,2.0,Unknown
Jobspire,Job Search Platform,India,Bangalore,Seed,260000.0,5.0,2.0,Unknown
Vistaar Finance,Small Business Financing (NBFC),India,Bangalore,Growth,40000000.0,5.0,2.0,Unknown
HiJinny,Beauty & Wellness Services Marketplace,India,Mumbai,Seed,0.0,5.0,2.0,Unknown
Clapsnslaps,Online Movie Review Platform,India,Mumbai,Seed,150000.0,5.0,2.0,Unknown
Blubox,ECommerce Brands\\xe2\\x80\\x99 Full Service Agency,India,Mumbai,Seed,100000.0,5.0,2.0,Unknown
RoomCentral,Cloud-based Hotel Booking Platform,India,Bangalore,Seed,2000000.0,5.0,2.0,Unknown
YouthKiAwaaz,Community Driven News/Views Platform,India,New Delhi,Seed,600000.0,5.0,2.0,Unknown
Sahayog Dairy,Dairy Based Product Manufacturer,India,Bhopal,Growth,1800000.0,5.0,2.0,Unknown
MockBank,Government Test Preparation platform,India,Bangalore,Seed,400000.0,5.0,2.0,Unknown
ReportBee,Smart Report Cards for Schools,India,Chennai,Seed,0.0,5.0,2.0,Unknown
GuruG Learning,Teacher empowerment platform,India,Bangalore,Seed,0.0,5.0,2.0,Unknown
OnlineTyari,Multilingual Test Preparation Platform,India,Gurgaon,Growth,770000.0,5.0,2.0,Unknown
The/Nudge Foundation,Non Profit Organization to alleviate poverty,India,Bangalore,Seed,315000.0,5.0,2.0,Unknown
FitMeIn,Gym & Fitness Studios Subscription platform,India,New Delhi,Seed,100000.0,5.0,2.0,Unknown
Envoged,pre-used luxury item Marketplace,India,Mumbai,Seed,0.0,5.0,2.0,Unknown
Renomania,Home Design & D\\xc3\\xa9cor platform,India,New Delhi,Seed,0.0,5.0,2.0,Unknown
CredR,Used Vehicles Marketplace,India,Mumbai,Growth,15000000.0,5.0,2.0,Unknown
YatraGenie,Online Bus & Cab ticketing platform,India,Hyderabad,Growth,0.0,5.0,2.0,Unknown
CanvasFlip,Mobile App testing platform,India,Hyderabad,Seed,1200000.0,5.0,2.0,Unknown
Shadowfax,Hyperlocal Delivery Services,India,Gurgaon,Growth,9000000.0,5.0,2.0,Unknown
UE Life Sciences,Early Cancer Detection Solutions,India,US/India,Growth,3000000.0,5.0,2.0,Unknown
Tea Trails,Chain of Tea Caf\\xc3\\xa9\\xe2\\x80\\x99s,India,Mumbai,Seed,1000000.0,5.0,2.0,Unknown
Room on Call,Branded Budget Hotel Marketplace,India,Noida,Seed,300000.0,5.0,2.0,Unknown
FYNE,Home Fitting & Fixtures Marketplace,India,Bangalore,Seed,0.0,5.0,2.0,Unknown
ChaiPoint,Food Subscription platform,India,Bangalore,Growth,10000000.0,5.0,2.0,Unknown
WedmeGood.com,Wedding Planning Platform,India,Gurgaon,Seed,410000.0,5.0,2.0,Unknown
XSTOK,B2B Mobile Auction Marketplace,India,Mumbai,Seed,450000.0,5.0,2.0,Unknown
UniLog,ECommerce Data Analytics Platform,India,Bangalore,Growth,0.0,5.0,2.0,Unknown
Paintcollar,Designer Merchandize Marketplace,India,Mumbai,Seed,0.0,5.0,2.0,Unknown
Bueno,Online Food ordering & delivery,India,Gurgaon,Seed,600000.0,5.0,2.0,Unknown
Plabro,Real Estate Broker Platform App,India,New Delhi,Seed,350000.0,5.0,2.0,Unknown
Briston Technomach,Internet of Things platform,India,New Delhi,Seed,150000.0,5.0,2.0,Unknown
LabStreet,Diagnostic Labs aggregator platform,India,Gurgaon,Seed,150000.0,5.0,2.0,Unknown
DailyNinja,Hyperlocal Delivery Platform,India,Bangalore,Seed,0.0,5.0,2.0,Unknown
Portea Medical,Home Medical Care Services,India,Bangalore,Growth,37500000.0,5.0,2.0,Unknown
Neotrade Analytics,Real-Time stock data platform,India,Bangalore,Seed,235000.0,5.0,2.0,Unknown
DishCo,Food discovery & table booking app,India,Mumbai,Seed,0.0,5.0,2.0,Unknown
ConnectAbank,Financial Products lead generation platform,India,Mumbai,Seed,0.0,5.0,2.0,Unknown
VillFarm,Sustainable Agri-inputs Firm,India,Bangalore,Seed,0.0,5.0,2.0,Unknown
Bestdealfinance,Financial Services Portal,India,Mumbai,Growth,3000000.0,5.0,2.0,Unknown
GameXS.in,Pre-owned games Marketplace,India,New Delhi,Seed,0.0,5.0,2.0,Unknown
Virtual Logic,"virtual reality, 3d simulation and stereoscopic products",India,Bangalore,Growth,800000.0,5.0,2.0,Unknown
Furdo,Online Interior Designing platform,India,Bangalore,Seed,400000.0,5.0,2.0,Unknown
LogiNext,End-to-end Logistics platform,India,Mumbai,Growth,10000000.0,5.0,2.0,Unknown
Korra,Private Label Apparel sales,India,New Delhi,Seed,300000.0,5.0,2.0,Unknown
Credihealth,Healthcare Consulting platform,India,Gurgaon,Seed,0.0,5.0,2.0,Unknown
Amigobulls,Stock Market Portal,India,Bangalore,Seed,0.0,5.0,2.0,Unknown
SilverPush,Cross-device retargeting platform,India,Gurgaon / SFO,Growth,1200000.0,5.0,2.0,Unknown
Juggernaut,Digital & Physical Publishing platform,India,New Delhi,Growth,2250000.0,5.0,2.0,Unknown
Quintype,Data Driven Publishing platform,India,Bangalore,Growth,3300000.0,5.0,2.0,Unknown
Capabiliti,Employee OnBoarding & Orientation platform,India,Noida,Seed,400000.0,5.0,2.0,Unknown
Fourth Partner Energy,Solar Power Solutions company,India,Hyderabad,Growth,2000000.0,5.0,2.0,Unknown
TravelKhana,online meal-booking platform for train travelers,India,New Delhi,Seed,0.0,5.0,2.0,Unknown
Inmobi,Mobile Advertising platform,India,Bangalore,Growth,100000000.0,5.0,2.0,Unknown
Hugefly,Ecommerce Product recommendation platform,India,Pune,Seed,0.0,5.0,2.0,Unknown
Brigge,Activity Based Social Network,India,Chennai,Seed,0.0,5.0,2.0,Unknown
Zakoopi,Fashion Discovery platform,India,New Delhi,Seed,350000.0,5.0,2.0,Unknown
LoanCircle,Consumer lending marketplace,India,Bangalore,Seed,0.0,5.0,2.0,Unknown
Infoworks,Big Data Management Platform,India,Bangalore / USA,Growth,5000000.0,5.0,2.0,Unknown
RedDoorz,Budget Accommodation Platform,India,Noida,Seed,1000000.0,5.0,2.0,Unknown
FirstTouch,Local Mobile OS,India,Gurgaon,Seed,0.0,5.0,2.0,Unknown
Eywa Media,Digital Signal processing platform,India,Bangalore,Seed,1000000.0,5.0,2.0,Unknown
Ressy,Restaurant Discount app,India,Pune,Seed,400000.0,5.0,2.0,Unknown
Cuelearn,Tech-enabled learning,India,New Delhi,Seed,0.0,5.0,2.0,Unknown
The Home Salon,on-demand home beauty and wellness portal,India,Mumbai,Seed,0.0,5.0,2.0,Unknown
Jusride,Self Driven Car rental,India,Mumbai,Seed,0.0,5.0,2.0,Unknown
Oyorooms,Budget Hotel accommodation brand,India,New Delhi,Growth,100000000.0,5.0,2.0,Unknown
Glowship,Energy & Environment Online Marketplace,India,Bangalore,Seed,0.0,5.0,2.0,Unknown
Wizrocket,User Engagment & Analytics platform,India,Mumbai,Growth,9600000.0,5.0,2.0,Unknown
Pickingo,On-Demand Delivery Logistics,India,New Delhi,Growth,1300000.0,5.0,2.0,Unknown
Grex,fund raising platform for startups,India,Pune,Seed,650000.0,5.0,2.0,Unknown
Zo Rooms,Online budget hotel chain,India,New Delhi,Growth,30000000.0,5.0,2.0,Unknown
Doormint,Hyperlocal Handyman services,India,Mumbai,Growth,3000000.0,5.0,2.0,Unknown
NightStay,hotel booking app,India,Noida,Seed,500000.0,5.0,2.0,Unknown
Zocalo,Rental Accomodation finder,India,New Delhi,Seed,0.0,5.0,2.0,Unknown
Sunday Realty Solutions,Tech Platform for property brokers,India,Mumbai,Seed,785000.0,5.0,2.0,Unknown
Klozee,Luxury Apparel rental,India,Bangalore,Seed,0.0,5.0,2.0,Unknown
Appvigil,App security\\xc2\\xa0 testing platform,India,Mumbai,Seed,500000.0,5.0,2.0,Unknown
practo,Doctor Appointment booking app,India,Bangalore,Growth,90000000.0,5.0,2.0,Unknown
LoudShout,anonymous bulletin board app,India,New Delhi,Seed,0.0,5.0,2.0,Unknown
Wetravelsolo,Travel community platform,India,New Delhi,Seed,0.0,5.0,2.0,Unknown
Ketto,Crowd funding platform,India,Mumbai,Seed,700000.0,5.0,2.0,Unknown
NDTV ecommerce venture,Car & Bike ecommerce platform,India,Mumbai,Growth,0.0,5.0,2.0,Unknown
Carl\\xe2\\x80\\x99s Jr,Fast food Chain Franchisee,India,Gurgaon,Seed,630000.0,5.0,2.0,Unknown
EasyRewardz,Loyalty Programs & Reward Points,India,Mumbai,Growth,500000.0,5.0,2.0,Unknown
GIBSS,Energy saving solutions provider,India,Mumbai,Growth,0.0,5.0,2.0,Unknown
StoreMore.in,Self-Storage Spaces,India,Noida,Seed,0.0,5.0,2.0,Unknown
eSadar,ecommerce,India,New Delhi,Seed,80000.0,5.0,2.0,Unknown
Actionable Analytics,Machine Learning Platform,India,New Delhi/ Houston,Seed,0.0,5.0,2.0,Unknown
MyPoolin,mobile social network,India,New Delhi,Seed,250000.0,5.0,2.0,Unknown
NearBuy (previously\\xc2\\xa0 groupon India),Hyper-Local Ecommerce,India,New Delhi,Growth,16000000.0,5.0,2.0,Unknown
Inkmonk,Online printing marketplace,India,Chennai,Seed,250000.0,5.0,2.0,Unknown
ToneTag,mobile payment software platform,India,Bangalore,Growth,1000000.0,5.0,2.0,Unknown
Grey Orange,Automated Storage & Warehousing Solution,India,Gurgaon,Growth,30000000.0,5.0,2.0,Unknown
Livspace,Home Design & D\\xc3\\xa9cor solutions,India,Bangalore,Growth,8000000.0,5.0,2.0,Unknown
WOW! MOMO,Quick Service Restaurant Chain,India,Kolkata,Seed,1600000.0,5.0,2.0,Unknown
Allygrow Technologies,engineering services company,India,Mumbai,Growth,20000000.0,5.0,2.0,Unknown
Infogain,Business and IT consulting,India,New Delhi / US,Growth,63000000.0,5.0,2.0,Unknown
etaout,Ecommerce Marketing Software Platform,India,Noida,Seed,500000.0,5.0,2.0,Unknown
IFMR Holdings,Financial Inclusion platform,India,Chennai,Growth,25000000.0,5.0,2.0,Unknown
Massblurb,Digital Marketing automation solution,India,Mumbai,Seed,0.0,5.0,2.0,Unknown
VoxWeb,Picture based Social App,India,Mumbai,Seed,100000.0,5.0,2.0,Unknown
VanityCube,On-Demand Beauty Services,India,New Delhi,Seed,0.0,5.0,2.0,Unknown
Edu4Share,Exam Preparation Platform,India,New Delhi,Seed,220000.0,5.0,2.0,Unknown
Sampurnearth,Waste Management Solutions,India,Mumbai,Seed,160000.0,5.0,2.0,Unknown
Orobind,App based Fitness coaching,India,Bangalore,Growth,0.0,5.0,2.0,Unknown
Fixy,On demand cleaning & fixing services,India,Mumbai,Seed,0.0,5.0,2.0,Unknown
MSM Box,Beauty & Lifestyle platform,India,New Delhi,Seed,0.0,5.0,2.0,Unknown
ShadowFax,on-demand delivery service,India,Gurgaon,Seed,310000.0,5.0,2.0,Unknown
Gadgets 360,Car & Bike ecommerce platform,India,New Delhi,Growth,0.0,5.0,2.0,Unknown
IntelligenceNODE,Data Analytics Platform,India,Mumbai,Growth,4200000.0,5.0,2.0,Unknown
HyperVerge,Deep Learning Cloud Algorithms,India,Chennai,Seed,1000000.0,5.0,2.0,Unknown
Twyst,Location based engagement & rewards platform,India,Gurgaon,Seed,0.0,5.0,2.0,Unknown
IDfy,Online Identity Verification Services platform,India,Mumbai,Growth,0.0,5.0,2.0,Unknown
Zoojoo.be,Corporate Wellness App,India,Bangalore,Growth,1000000.0,5.0,2.0,Unknown
Fashionove,Fashion Search & Review Platform,India,Kolkata,Seed,0.0,5.0,2.0,Unknown
TimeSaverz,"Hyperlocal Maintenance, Repair & Cleaning services",India,Mumbai,Growth,2400000.0,5.0,2.0,Unknown
MebelKart,Online Furniture Marketplace,India,Bangalore,Growth,20000000.0,5.0,2.0,Unknown
LabsAdvisor,Online Diagnostic Tests Marketplace,India,New Delhi,Seed,156000.0,5.0,2.0,Unknown
Flatpebble,Online marketplace for Photographers,India,Hyderabad,Seed,600000.0,5.0,2.0,Unknown
Bluegape.com,Visual Blogging platform,India,New Delhi,Seed,600000.0,5.0,2.0,Unknown
ePoise,Job Search Platform,India,Bangalore,Seed,500000.0,5.0,2.0,Unknown
Jolly Food Fellow,Food Customer analytics platform,India,Ahmedabad,Seed,300000.0,5.0,2.0,Unknown
BookMeIn,Professional Service Appointment booking service,India,Mumbai,Seed,400000.0,5.0,2.0,Unknown
iZofy,Scientific Horoscope Online Assistance platform,India,Kolkata,Seed,0.0,5.0,2.0,Unknown
rBus,Tech enabled AC bus service,India,Mumbai,Seed,0.0,5.0,2.0,Unknown
Qyk App,On-Demand App based Professional service provider,India,Bangalore,Growth,1000000.0,5.0,2.0,Unknown
RevX,Cross-channel CRM platform,India,Mumbai,Growth,4000000.0,5.0,2.0,Unknown
ICustomMadeIt,Professional Custom creators Marketplace,India,Pune,Seed,250000.0,5.0,2.0,Unknown
Belita,On-Demand Beauty Service,India,Mumbai,Seed,400000.0,5.0,2.0,Unknown
EzySolare,solar products and services marketplace,India,Ahmedabad,Seed,0.0,5.0,2.0,Unknown
FoodTalkIndia,Online Food Community Platform,India,Gurgaon,Seed,500000.0,5.0,2.0,Unknown
Eazy Coach,Education Marketplace,India,Kolkata,Seed,0.0,5.0,2.0,Unknown
Djubo.com,Cloud Based Hotel Sales Platform,India,New Delhi,Growth,0.0,5.0,2.0,Unknown
BetterButter.in,online recipe sharing platform,India,New Delhi,Seed,0.0,5.0,2.0,Unknown
RollMafia,QSR Restaurant Chain,India,Pune,Seed,160000.0,5.0,2.0,Unknown
iamwire,Digital Media publishing platform,India,Gurgaon,Seed,0.0,5.0,2.0,Unknown
DropKaffe,Online Coffee Delivery platform,India,Bangalore,Seed,300000.0,5.0,2.0,Unknown
Reverie,Language Localization Cloud platform,India,Bangalore,Growth,4000000.0,5.0,2.0,Unknown
Infinite Analytics,Big Data & predictive Analysis Platform,India,Mumbai,Growth,0.0,5.0,2.0,Unknown
Retigence Technologies,Business IT Intelligence Services,India,Mumbai,Growth,0.0,5.0,2.0,Unknown
Cloudcherry Analytics,CRM / Analytics platform,India,Chennai,Seed,1000000.0,5.0,2.0,Unknown
HandyHome,Hyperlocal Electronics repair Service,India,Mumbai,Seed,630000.0,5.0,2.0,Unknown
NxtGen,IT infrastructure & Data Center services,India,Bangalore,Growth,13500000.0,5.0,2.0,Unknown
BankBazaar,Online Financial Services,India,Chennai,Growth,60000000.0,5.0,2.0,Unknown
Gozoomo,Used Car Marketplace,India,Bangalore,Growth,5000000.0,5.0,2.0,Unknown
CultureAlley,Language Learning App,India,Jaipur,Growth,6500000.0,5.0,2.0,Unknown
Goqii,Mobile Fitness Marketplace,India,Mumbai,Growth,0.0,5.0,2.0,Unknown
Stitchwood,Custom Furniture Marketplace,India,Mumbai,Seed,395000.0,5.0,2.0,Unknown
ConfirmtTkt,Rail Ticket Confirmation predictor,India,Bangalore,Seed,0.0,5.0,2.0,Unknown
Paper Boat,Ethnic Beverages manufacturer,India,Gurgaon,Growth,30000000.0,5.0,2.0,Unknown
getNow,Hyperlocal Goods marketplace,India,Nagpur,Seed,0.0,5.0,2.0,Unknown
Wudstay,Budget Accommodation aggregator,India,Gurgaon,Growth,3000000.0,5.0,2.0,Unknown
Liases Foras,Real Estate Rating & Analysis,India,New Delhi,Growth,5000000.0,5.0,2.0,Unknown
Eatlo,Food Delivery platform,India,Bangalore,Seed,0.0,5.0,2.0,Unknown
Quinto,Food Discovery App,India,Pune,Seed,0.0,5.0,2.0,Unknown
Axtria,Big Data & Analytics platform,India,India / US,Growth,30000000.0,5.0,2.0,Unknown
33Coupons,Coupon Aggregator Platform,India,Kanpur,Seed,20000.0,5.0,2.0,Unknown
Ampere,Electric Scooter manufacturer,India,Coimbatore,Seed,0.0,5.0,2.0,Unknown
Hopping Chef,Online Food-Tech Platform,India,Mumbai,Seed,470000.0,5.0,2.0,Unknown
Collectabillia,Celebrity Fashion Brand,India,Bangalore,Growth,7500000.0,5.0,2.0,Unknown
Lybrate,Healthcare Mobile App,India,New Delhi,Growth,10200000.0,5.0,2.0,Unknown
\\xc2\\xa0News in shorts,\\xc2\\xa0News Aggregator mobile app,India,\\xc2\\xa0Noida,Growth,0.0,5.0,2.0,Unknown
\\xc2\\xa0Bluestone,\\xc2\\xa0Online Jewellery Store,India,\\xc2\\xa0Bangalore,Growth,0.0,5.0,2.0,Unknown
\\xc2\\xa0Shopsity,\\xc2\\xa0Fashion Info Aggregator App,India,\\xc2\\xa0Gurgaon,Seed,0.0,5.0,2.0,Unknown
\\xc2\\xa0Notesgen,\\xc2\\xa0Online Study Notes Marketplace,India,\\xc2\\xa0New Delhi,Seed,0.0,5.0,2.0,Unknown
\\xc2\\xa0Infinity Assurance,\\xc2\\xa0Warranty Programs Service Administration,India,\\xc2\\xa0New Delhi,Seed,0.0,5.0,2.0,Unknown
\\xc2\\xa0Footprints Education,\\xc2\\xa0Pre-School Chain,India,\\xc2\\xa0Gurgaon,Seed,0.0,5.0,2.0,Unknown
\\xc2\\xa0Loylty Rewards,\\xc2\\xa0Premium Loyalty Rewards Point Management,India,\\xc2\\xa0Mumbai,Growth,0.0,5.0,2.0,Unknown
\\xc2\\xa0Ameyo,\\xc2\\xa0Contact Center Software Platform,India,\\xc2\\xa0Gurgaon,Growth,0.0,5.0,2.0,Unknown
\\xc2\\xa0Mamagoto,\\xc2\\xa0Casual Dining restaurant Chain,India,\\xc2\\xa0New Delhi,Growth,0.0,5.0,2.0,Unknown
\\xc2\\xa0Satvacart,\\xc2\\xa0Online Grocery Delivery,India,\\xc2\\xa0Gurgaon,Seed,0.0,5.0,2.0,Unknown
MySmartPrice,Online comparison engine,India,Hyderabad,Growth,10000000.0,5.0,2.0,Unknown
Boxmyspace,Physical Storage warehouses,India,Mumbai,Seed,300000.0,5.0,2.0,Unknown
WoWexpress,Tech enabled logistics platform,India,Mumbai,Seed,500000.0,5.0,2.0,Unknown
InstaLively.com,Live video streaming app,India,New Delhi,Seed,0.0,5.0,2.0,Unknown
QuikWallet,F&B sector Mobile Payment platform,India,Mumbai,Growth,1600000.0,5.0,2.0,Unknown
Omnikart,Industrial Supplies B2B ecommerce,India,Mumbai,Seed,100000.0,5.0,2.0,Unknown
ZenRadius,Online Hiring Platform,India,Bangalore,Seed,0.0,5.0,2.0,Unknown
Joy by nature,Organic Food ecommerce,India,New Delhi,Growth,1000000.0,5.0,2.0,Unknown
Iqlect,Big Data & Analytics platform,India,Bangalore,Growth,2000000.0,5.0,2.0,Unknown
deGustibus,Fine Dining Restaurant Chain,India,Mumbai,Growth,30000000.0,5.0,2.0,Unknown
Myonsto,Online Grocers,India,Ahmedabad,Seed,320000.0,5.0,2.0,Unknown
iCrushiFlush,Casual Dating App,India,Mumbai,Seed,0.0,5.0,2.0,Unknown
HolidayIQ,Travel information portal,India,Bangalore,Growth,15000000.0,5.0,2.0,Unknown
BroEx,Real Estate Broker network App,India,Gurgaon,Growth,1000000.0,5.0,2.0,Unknown
Shopatplaces,Ethnic/ Traditional Fashion Store,India,New Delhi,Seed,0.0,5.0,2.0,Unknown
ManageMySpa,Spa & Salon Management Software,India,Hyderabad,Growth,6000000.0,5.0,2.0,Unknown
Townrush,B2B logistics delivery platform,India,Bangalore,Seed,0.0,5.0,2.0,Unknown
Bevy,Online Hiring Platform,India,Bangalore,Seed,0.0,5.0,2.0,Unknown
Flipkart.com,Online Marketplace,India,Bangalore,Growth,700000000.0,5.0,2.0,Unknown
Zimmber,Hyperlocal Handyman Services,India,Mumbai,Growth,2000000.0,5.0,2.0,Unknown
trueHb,Medical Tech Instruments,India,New Delhi,Seed,2400000.0,5.0,2.0,Unknown
Zovi.com / Little App,Hyperlocal Deals Marketplace,India,Bangalore,Growth,50000000.0,5.0,2.0,Unknown
Swajal,Innovative Water Solutions,India,Gurgaon,Growth,1200000.0,5.0,2.0,Unknown
Pipa Bella,Online Jewelry Store,India,Mumbai,Growth,600000.0,5.0,2.0,Unknown
Pragmatix,Business intelligence & Analytics,India,Mumbai,Growth,2400000.0,5.0,2.0,Unknown
Droom.in,Used Vehicle Marketplace,India,New Delhi,Growth,16000000.0,5.0,2.0,Unknown
Noodle Play,Chinese food delivery,India,Mumbai,Seed,168000.0,5.0,2.0,Unknown
Cartisan,On-Demand Car services App,India,Bangalore,Seed,0.0,5.0,2.0,Unknown
LazyLad,Hyperlocal Grocery App,India,Gurgaon,Growth,500000.0,5.0,2.0,Unknown
TripFactory,Online Curated Holiday package bookings,India,Bangalore,Growth,0.0,5.0,2.0,Unknown
Prothom,Hasbro Toy Manufacturer,India,Pune,Growth,2000000.0,5.0,2.0,Unknown
Bona Vita,Travel Tech,India,Gurgaon,Growth,5000000.0,5.0,2.0,Unknown
Veeba Foods,Healthy Food Manufacturer,India,New Delhi,Growth,6000000.0,5.0,2.0,Unknown
Meritnation,Online Learning Platform,India,New Delhi,Growth,4000000.0,5.0,2.0,Unknown
Eattreatonline,Healthy Food Online Community,India,New Delhi,Seed,350000.0,5.0,2.0,Unknown
Glamrs,Online Fashion Video Portal,India,Mumbai,Growth,1000000.0,5.0,2.0,Unknown
Proviera,Probiotic Technology Products Manufacturer,India,Chennai,Growth,550000.0,5.0,2.0,Unknown
Arth DesignBuild,Architectural Design & Consulting,India,Hyderabad,Seed,500000.0,5.0,2.0,Unknown
Saama,Big Data & Analytics Services,India,Pune / US,Growth,35000000.0,5.0,2.0,Unknown
AllIzHealth,Preventive Healthcare Services,India,Pune,Seed,350000.0,5.0,2.0,Unknown
Entropy Innovations,Engineering Innovations,India,Mumbai,Seed,0.0,5.0,2.0,Unknown
Propstack,Real Estate Intelligence Platform,India,Mumbai,Growth,3000000.0,5.0,2.0,Unknown
Arkin Net,Data Center Software platform,India,Pune / US,Growth,15000000.0,5.0,2.0,Unknown
Little Black Book Delhi,Online City & Lifestyle Guide,India,New Delhi,Seed,150000.0,5.0,2.0,Unknown
iCustomadeit,Bespoke Merchandize Marketplace,India,Pune,Seed,250000.0,5.0,2.0,Unknown
KAARYAH,Women Lifestyle Marketplace,India,Gurgaon,Seed,0.0,5.0,2.0,Unknown
Zopper,Hyperlocal Shopping App,India,Mumbai,Growth,20000000.0,5.0,2.0,Unknown
kWatt Solutions,Renewable energy solutions,India,Mumbai,Seed,500000.0,5.0,2.0,Unknown
PosterGully,Artist / Designer Marketplace,India,New Delhi,Seed,0.0,5.0,2.0,Unknown
Applied Solar Technologies,Off-grid Solar Power,India,Mumbai,Growth,40000000.0,5.0,2.0,Unknown
PayMango,Mobile Commerce Platform,India,Gurgaon,Seed,234000.0,5.0,2.0,Unknown
Printland,Online Printing Services,India,New Delhi,Growth,0.0,5.0,2.0,Unknown
Teritree,Digital Marketing Services,India,Bangalore,Seed,140000.0,5.0,2.0,Unknown
AdStringO,Mobile Compression Software,India,Mumbai,Seed,350000.0,5.0,2.0,Unknown
La Renon,Global Healthcare products,India,Ahmedabad,Growth,16000000.0,5.0,2.0,Unknown
Homelane,Home Furnishing Solutions,India,Bangalore,Growth,50000000.0,5.0,2.0,Unknown
iSTAR,Skill Training & Placement Platform,India,Bangalore,Growth,0.0,5.0,2.0,Unknown
Shippr,Intra-City Logistics service,India,Bangalore,Seed,500000.0,5.0,2.0,Unknown
FoodAbhi,online tiffin service aggregator,India,Mumbai,Seed,0.0,5.0,2.0,Unknown
Karma Recycling,Electronic Goods recycling service,India,Delhi,Growth,0.0,5.0,2.0,Unknown
CouponRaja,Online Coupon & comparison platform,India,Mumbai,Seed,500000.0,5.0,2.0,Unknown
Babychakra,Parents & Kids Online platform,India,Mumbai,Seed,0.0,5.0,2.0,Unknown
Jiffstore,Online Grocery platform,India,Bangalore,Seed,0.0,5.0,2.0,Unknown
MyDentist,Dental Clinic chain,India,Mumbai,Growth,8200000.0,5.0,2.0,Unknown
Moovo,On-Demand Logistics Service,India,New Delhi,Seed,0.0,5.0,2.0,Unknown
Hansa Customer Equity,IT / Customer Engagement Consulting,India,Mumbai,Growth,5000000.0,5.0,2.0,Unknown
CAKART.in,Online Education Marketplace,India,Bangalore,Seed,0.0,5.0,2.0,Unknown
FundsIndia.com,Financial Services Platform,India,Chennai,Growth,11000000.0,5.0,2.0,Unknown
Cupick,Social Network for Artists,India,Bangalore,Seed,120000.0,5.0,2.0,Unknown
Holachef,Food Delivery Platform,India,Mumbai,Growth,3100000.0,5.0,2.0,Unknown
elong,Data Driven recruitment recommendation,India,Bangalore,Growth,5000000.0,5.0,2.0,Unknown
SkillAngels,Brain Games Platform,India,Chennai,Seed,0.0,5.0,2.0,Unknown
Vidgyor,Video Advertisement Platform,India,Bangalore,Seed,500000.0,5.0,2.0,Unknown
Banihal,Algorithmic Match Making Platform,India,New Delhi / California,Seed,0.0,5.0,2.0,Unknown
Goodservice,Mobile Chat based concierge service,India,New Delhi,Growth,1600000.0,5.0,2.0,Unknown
EduKart,Online education marketplace,India,New Delhi,Growth,1000000.0,5.0,2.0,Unknown
Healthians.com,Preventive healthcare services,India,Hyderabad,Seed,0.0,5.0,2.0,Unknown
LabInApp,Science Learning App,India,Bangalore,Seed,0.0,5.0,2.0,Unknown
Sigrid Education,Online Education Platform,India,Noida,Seed,0.0,5.0,2.0,Unknown
Indix,SaaS product intelligence platform,India,Unknown,Growth,15000000.0,5.0,2.0,Unknown
The Porter,Logistics Tech,India,Mumbai,Growth,5500000.0,5.0,2.0,Unknown
Retention.ai,App Analytics platform,India,Bangalore,Seed,500000.0,5.0,2.0,Unknown
Fusion Microfinance,Micro Finance Platform,India,New Delhi,Growth,8600000.0,5.0,2.0,Unknown
Zinka,Freight logistics platform,India,Bangalore,Growth,6000000.0,5.0,2.0,Unknown
GetMyPeon,Hyperlocal Handyman Services,India,Mumbai,Seed,250000.0,5.0,2.0,Unknown
AdWyze,Marketing / Advertising Automation platform,India,Bangalore,Seed,1000000.0,5.0,2.0,Unknown
aagaar.com,Hyperlocal grocery delivery,India,Gurgaon,Seed,0.0,5.0,2.0,Unknown
Flatchat,Flat rental Mobile App,India,Bangalore,Growth,2500000.0,5.0,2.0,Unknown
MyCFO,Wealth Management Platform,India,Mumbai,Growth,1500000.0,5.0,2.0,Unknown
Foodpanda,Online Food Delivery,India,Gurgaon,Growth,100000000.0,5.0,2.0,Unknown
Termsheet,Fund Raising Platform,India,Chennai,Seed,100000.0,5.0,2.0,Unknown
SpoonJoy,Online Food Delivery,India,Bangalore,Seed,1000000.0,5.0,2.0,Unknown
Seed Schools,Affordable Education,India,Hyderabad,Seed,650000.0,5.0,2.0,Unknown
Ignis Careers,Career Development,India,Hyderabad,Seed,250000.0,5.0,2.0,Unknown
Fintellix,Banking Analytics Platform,India,Bangalore,Growth,15000000.0,5.0,2.0,Unknown
Customer360,Customer Engagement Platform,India,Mumbai,Seed,0.0,5.0,2.0,Unknown
BuyHatke,Online Product Comparison,India,Bangalore,Seed,1000000.0,5.0,2.0,Unknown
KleverKid,Online Education Platform,India,New Delhi,Seed,0.0,5.0,2.0,Unknown
Uniken,Online Security Platform,India,Pune,Growth,2000000.0,5.0,2.0,Unknown
GrandOpinion,Online Medical Diagnostic,India,New Delhi,Seed,150000.0,5.0,2.0,Unknown
ZapStitch,Cloud Data Integration Platform,India,Bangalore,Growth,2000000.0,5.0,2.0,Unknown
Mobiefit,Mobile Fitness App,India,Goa,Seed,0.0,5.0,2.0,Unknown
Plancess,Online Education Platform,India,Mumbai,Seed,2000000.0,5.0,2.0,Unknown
WorkHorse,Service-On-Demand Mobile App,India,Mumbai,Seed,0.0,5.0,2.0,Unknown
MyCuteOffice,Online Office Rental,India,Mumbai,Seed,0.0,5.0,2.0,Unknown
IndianRoots.com,Lifestyle Ecommerce Portal,India,Gurgaon,Growth,5000000.0,5.0,2.0,Unknown
RedPolka,Online Fashion Aggregator,India,Mumbai,Seed,250000.0,5.0,2.0,Unknown
Venturesity,Online Job skills Showcase,India,Bangalore,Seed,270000.0,5.0,2.0,Unknown
TheBetterIndia.com,Online News Media,India,Bangalore,Seed,0.0,5.0,2.0,Unknown
Akosha,Business Messaging App,India,New Delhi,Growth,16000000.0,5.0,2.0,Unknown
Cooey,Health Mobile App,India,Bangalore,Seed,470000.0,5.0,2.0,Unknown
MeetUniv,Online Ed-Tech Platform,India,Noida,Seed,1000000.0,5.0,2.0,Unknown
Inspirock,Online Travel Planning,India,Unknown,Growth,0.0,5.0,2.0,Unknown
Crown-it,Hyperlocal Mobile Marketplace,India,Gurgaon,Growth,5500000.0,5.0,2.0,Unknown
Trucksfirst,Trucking Logistic Operations,India,Gurgaon,Growth,10000000.0,5.0,2.0,Unknown
SunTerrace,Rooftop Solar Plants,India,New Delhi,Growth,0.0,5.0,2.0,Unknown
\\xc2\\xa0Nudgespot,Customer Engagement Platform,India,Bangalore,Seed,625000.0,5.0,2.0,Unknown
EveningFlavors,Online Table Reservation,India,Bangalore,Seed,500000.0,5.0,2.0,Unknown
ZenParent,Parents focused Web Content,India,Bangalore,Seed,500000.0,5.0,2.0,Unknown
Newgen Payments,Payments Solution Provider,India,New Delhi,Seed,0.0,5.0,2.0,Unknown
UrbanPro,On-demand Service marketplace,India,Bangalore,Growth,2000000.0,5.0,2.0,Unknown
Renderlogy,Online Home D\\xc3\\xa9cor,India,Hyderabad,Growth,1000000.0,5.0,2.0,Unknown
Casa2inns,Affordable Hotel Booking Online,India,New Delhi,Growth,5000000.0,5.0,2.0,Unknown
FleetRover,Logistics Intelligence,India,Goa,Seed,180000.0,5.0,2.0,Unknown
TheKarrier,Last Mile Logistics,India,Bangalore,Seed,240000.0,5.0,2.0,Unknown
Truweight,Weight Management Service,India,Hyderabad,Growth,0.0,5.0,2.0,Unknown
Bluegape,Web Content Publishing,India,Gurgaon,Seed,200000.0,5.0,2.0,Unknown
KeepTrax,Location Based App,India,Dallas / Hyderabad,Seed,1000000.0,5.0,2.0,Unknown
InstaLively,Video Streaming,India,New Delhi,Seed,120000.0,5.0,2.0,Unknown
Pricejugaad,Price Comparison,India,Hyderabad,Seed,165000.0,5.0,2.0,Unknown
PressPlay,Travel Entertainment,India,New Delhi,Seed,2200000.0,5.0,2.0,Unknown
FirstCry.com,eCommerce,India,Pune,Growth,10000000.0,5.0,2.0,Unknown
Olacabs,Cab Aggregator,India,Bangalore,Growth,400000000.0,5.0,2.0,Unknown
Changer Mints,Digital / Mobile Wallet,India,Kolkata,Seed,165000.0,5.0,2.0,Unknown
Purple Squirrel,Ed-Tech,India,Mumbai,Growth,0.0,5.0,2.0,Unknown
iMMi Life,Mobile Health Tech,India,Chennai,Seed,0.0,5.0,2.0,Unknown
ZopNow,Online Grocer,India,Bangalore,Growth,10000000.0,5.0,2.0,Unknown
Nayi Disha,Ed-Tech,India,New Delhi,Seed,300000.0,5.0,2.0,Unknown
Commeasure,Online Hotel Booking,India,Noida,Seed,1000000.0,5.0,2.0,Unknown
LocalOye,Hyper-local Online Services,India,Mumbai,Growth,5000000.0,5.0,2.0,Unknown
PepperTap,Hyper-Local Online/Mobile Grocery,India,Gurgaon,Growth,10000000.0,5.0,2.0,Unknown
Robosoft,Mobile App Development,India,Udupi,Growth,12000000.0,5.0,2.0,Unknown
Pastiwala,Material Collection & Recycling,India,Vadodara,Growth,4000000.0,5.0,2.0,Unknown
1mg (Healthkartplus),Online Pharmacy & Drug DB,India,Gurgaon,Growth,6000000.0,5.0,2.0,Unknown
Freshdesk,Online / Mobile Customer Support,India,Chennai,Growth,50000000.0,5.0,2.0,Unknown
Sulekha.com,Online Classifieds & Listings,India,Chennai,Growth,28000000.0,5.0,2.0,Unknown
FindYahan,Hyperlocal services marketplace,India,New Delhi,Growth,0.0,5.0,2.0,Unknown
Eat.Shop.Love,Fashion ECommerce,India,Bangalore,Growth,3500000.0,5.0,2.0,Unknown
Craftstvilla,Ethnic Product eCommerce,India,Mumbai,Growth,18000000.0,5.0,2.0,Unknown
HeadOut,Last Minute Travel Deals mobile marketplace,India,Bangalore / SFO,Seed,1800000.0,5.0,2.0,Unknown
Phone Warrior,Spam Call block App,India,New Delhi,Seed,0.0,5.0,2.0,Unknown
Torqus,Restaurant Management Platform,India,Pune,Seed,350000.0,5.0,2.0,Unknown
LogicRoots,Interactive Educational Games,India,Jaipur,Seed,400000.0,5.0,2.0,Unknown
GIBBS,Clean Tech,India,New Delhi,Growth,0.0,5.0,2.0,Unknown
Babajobs,Grey collar Job Board,India,Bangalore,Growth,10000000.0,5.0,2.0,Unknown
Jay Robotix,Robotic Program learning,India,Hyderabad,Seed,250000.0,5.0,2.0,Unknown
Naaptol.com,Tele-Shopping / eCommerce,India,Mumbai,Growth,21500000.0,5.0,2.0,Unknown
ReGlobe,Used Gadgets Buy / Refurbishing,India,Gurgaon,Seed,1000000.0,5.0,2.0,Unknown
Dazo,Mobile Food Ordering app,India,Bangalore,Seed,0.0,5.0,2.0,Unknown
Tradelab,Financial Markets Software,India,Bangalore,Seed,400000.0,5.0,2.0,Unknown
PiQube,Hiring Analytics platform,India,Chennai,Seed,500000.0,5.0,2.0,Unknown
TrulyMadly.com,Unknown,India,Unknown,Growth,5500000.0,5.0,2.0,Unknown
Vserv,Unknown,India,Unknown,Growth,15000000.0,5.0,2.0,Unknown
Intruo.com,Unknown,India,Unknown,Seed,0.0,5.0,2.0,Unknown
Niffler,Unknown,India,Unknown,Seed,1000000.0,5.0,2.0,Unknown
CustomFurnish.com,Unknown,India,Unknown,Growth,2500000.0,5.0,2.0,Unknown
MapMyGenome,Unknown,India,Unknown,Growth,1200000.0,5.0,2.0,Unknown
Crowdfire (formerly Justunfollow),Unknown,India,Unknown,Growth,2500000.0,5.0,2.0,Unknown
Bite Club,Unknown,India,Unknown,Seed,500000.0,5.0,2.0,Unknown
Localbanya,Unknown,India,Unknown,Growth,0.0,5.0,2.0,Unknown
Appedo,Unknown,India,Unknown,Seed,1000000.0,5.0,2.0,Unknown
Fitraq.com,Unknown,India,Unknown,Seed,150000.0,5.0,2.0,Unknown
ChargeBee,Unknown,India,Unknown,Growth,5000000.0,5.0,2.0,Unknown
Groupon India,Unknown,India,Unknown,Growth,20000000.0,5.0,2.0,Unknown
MoonFrog Labs,Unknown,India,Unknown,Growth,15000000.0,5.0,2.0,Unknown
DiabetOmics,Unknown,India,Unknown,Growth,5000000.0,5.0,2.0,Unknown
Qyk,Unknown,India,Unknown,Seed,0.0,5.0,2.0,Unknown
Daily Rounds,Unknown,India,Unknown,Seed,500000.0,5.0,2.0,Unknown
Routofy,Unknown,India,Unknown,Seed,0.0,5.0,2.0,Unknown
Digital Gorkha,Unknown,India,Unknown,Seed,166000.0,5.0,2.0,Unknown
The Better India,Unknown,India,Unknown,Seed,166000.0,5.0,2.0,Unknown
Drivestream,Unknown,India,Unknown,Growth,5000000.0,5.0,2.0,Unknown
wWhere,Unknown,India,Unknown,Seed,200000.0,5.0,2.0,Unknown
Graphic India,Unknown,India,Unknown,Seed,2800000.0,5.0,2.0,Unknown
Harness Handitouch,Unknown,India,Unknown,Growth,0.0,5.0,2.0,Unknown
Lets Corp,Unknown,India,Unknown,Seed,3000000.0,5.0,2.0,Unknown
CollateBox,Unknown,India,Unknown,Seed,180000.0,5.0,2.0,Unknown
Mahindra First Choice,Unknown,India,Unknown,Growth,15000000.0,5.0,2.0,Unknown
Round One,Unknown,India,Unknown,Seed,0.0,5.0,2.0,Unknown
Mosambee,Unknown,India,Unknown,Growth,0.0,5.0,2.0,Unknown
Cubito,Unknown,India,Unknown,Seed,160000.0,5.0,2.0,Unknown
Artoo,Unknown,India,Unknown,Growth,500000.0,5.0,2.0,Unknown
Fxkart.com,Unknown,India,Unknown,Seed,2000000.0,5.0,2.0,Unknown
Rozgar Mela,Unknown,India,Unknown,Seed,0.0,5.0,2.0,Unknown
Roposo.com,Unknown,India,Unknown,Growth,5000000.0,5.0,2.0,Unknown
Teewe,Unknown,India,Unknown,Seed,1750000.0,5.0,2.0,Unknown
Urjas,Unknown,India,Unknown,Seed,100000.0,5.0,2.0,Unknown
Chargein,Unknown,India,Unknown,Seed,100000.0,5.0,2.0,Unknown
Yogurt Labs,Unknown,India,Unknown,Seed,115000.0,5.0,2.0,Unknown
LimeRoad.com,Unknown,India,Unknown,Growth,30000000.0,5.0,2.0,Unknown
Team Indus,Unknown,India,Unknown,Growth,1500000.0,5.0,2.0,Unknown
Arohan Financial Services,Unknown,India,Unknown,Growth,10000000.0,5.0,2.0,Unknown
BillDesk,Unknown,India,Unknown,Growth,75000000.0,5.0,2.0,Unknown
Triphobo,Unknown,India,Unknown,Growth,3000000.0,5.0,2.0,Unknown
Aryaka,Unknown,India,Unknown,Growth,16000000.0,5.0,2.0,Unknown
Appsdaily,Unknown,India,Unknown,Growth,16000000.0,5.0,2.0,Unknown
Faaya,Unknown,India,Unknown,Seed,16600.0,5.0,2.0,Unknown
InstaBounce,Unknown,India,Unknown,Seed,16600.0,5.0,2.0,Unknown
Chloroplast Foods,Unknown,India,Unknown,Seed,16600.0,5.0,2.0,Unknown
Dealwithus,Unknown,India,Unknown,Seed,16600.0,5.0,2.0,Unknown
CleverSharks,Unknown,India,Unknown,Seed,16600.0,5.0,2.0,Unknown
Leaf,Unknown,India,Unknown,Seed,16600.0,5.0,2.0,Unknown
SmartPocket,Unknown,India,Unknown,Seed,250000.0,5.0,2.0,Unknown
Frsh.co.in,Unknown,India,Unknown,Seed,518000.0,5.0,2.0,Unknown
Manthan,Unknown,India,Unknown,Growth,60000000.0,5.0,2.0,Unknown
Kobster.com,Unknown,India,Unknown,Seed,0.0,5.0,2.0,Unknown
Culture Machine,Unknown,India,Unknown,Growth,18000000.0,5.0,2.0,Unknown
Aisle.co,Unknown,India,Unknown,Seed,100000.0,5.0,2.0,Unknown
NewsHunt,Unknown,India,Unknown,Growth,40000000.0,5.0,2.0,Unknown
MyNoticePeriod,Unknown,India,Unknown,Growth,3000000.0,5.0,2.0,Unknown
CarDekho.com,Unknown,India,Unknown,Growth,0.0,5.0,2.0,Unknown
Faaso\\xe2\\x80\\x99s,Unknown,India,Unknown,Growth,20000000.0,5.0,2.0,Unknown
CarTrade.com,Unknown,India,Unknown,Growth,0.0,5.0,2.0,Unknown
Nimble Wireless,Unknown,India,Unknown,Seed,3000000.0,5.0,2.0,Unknown
Townscript,Unknown,India,Unknown,Seed,0.0,5.0,2.0,Unknown
Stayzilla,Unknown,India,Unknown,Growth,20000000.0,5.0,2.0,Unknown
CimplyFive,Unknown,India,Unknown,Seed,0.0,5.0,2.0,Unknown
20Dresses,Unknown,India,Unknown,Seed,1000000.0,5.0,2.0,Unknown
Itzcash,Unknown,India,Unknown,Growth,16500000.0,5.0,2.0,Unknown
NewsInShorts,Unknown,India,Unknown,Growth,4150000.0,5.0,2.0,Unknown
iTraveller.com,Unknown,India,Unknown,Growth,1000000.0,5.0,2.0,Unknown
NextGen,Unknown,India,Unknown,Seed,0.0,5.0,2.0,Unknown
Wooplr.com,Unknown,India,Unknown,Growth,5000000.0,5.0,2.0,Unknown
Springleap,Unknown,India,Unknown,Seed,800000.0,5.0,2.0,Unknown
Klip.in,Unknown,India,Unknown,Seed,500000.0,5.0,2.0,Unknown
Appbase,Unknown,India,Unknown,Seed,290000.0,5.0,2.0,Unknown
Trip38,Unknown,India,Unknown,Growth,1000000.0,5.0,2.0,Unknown
Smartairtrip.com,Unknown,India,Unknown,Growth,10000000.0,5.0,2.0,Unknown
Caravan Craft Retail,Unknown,India,Unknown,Seed,500000.0,5.0,2.0,Unknown
SquadRun,Unknown,India,Unknown,Seed,0.0,5.0,2.0,Unknown
Clonect Solutions,Unknown,India,Unknown,Seed,250000.0,5.0,2.0,Unknown
FreshWorld,Unknown,India,Unknown,Seed,0.0,5.0,2.0,Unknown
Momoe,Unknown,India,Unknown,Seed,1200000.0,5.0,2.0,Unknown
VioletStreet,Unknown,India,Unknown,Seed,315000.0,5.0,2.0,Unknown
#Fame,Unknown,India,Unknown,Growth,10000000.0,5.0,2.0,Unknown
Near.in,Unknown,India,Unknown,Seed,285000.0,5.0,2.0,Unknown
Purplle.com,Unknown,India,Unknown,Growth,0.0,5.0,2.0,Unknown
NumberMall,Unknown,India,Unknown,Growth,10000000.0,5.0,2.0,Unknown
Tookitaki,Unknown,India,Unknown,Seed,1000000.0,5.0,2.0,Unknown
Frankly,Unknown,India,Unknown,Seed,600000.0,5.0,2.0,Unknown
Bewakoof,Unknown,India,Unknown,Seed,0.0,5.0,2.0,Unknown
Stridalyzer,Unknown,India,Unknown,Seed,30768.0,5.0,2.0,Unknown
Commonfloor,Unknown,India,Unknown,Growth,5000000.0,5.0,2.0,Unknown
Sokrati,Unknown,India,Unknown,Growth,0.0,5.0,2.0,Unknown
TapCibo,Unknown,India,Unknown,Seed,0.0,5.0,2.0,Unknown
Verayu,Unknown,India,Unknown,Growth,0.0,5.0,2.0,Unknown
MyDreamStore,Unknown,India,Unknown,Seed,290000.0,5.0,2.0,Unknown
RateGain,Unknown,India,Unknown,Growth,50000000.0,5.0,2.0,Unknown
ShopClues,Unknown,India,Unknown,Growth,100000000.0,5.0,2.0,Unknown
Refiral,Unknown,India,Unknown,Seed,330000.0,5.0,2.0,Unknown
Ping Digital,Unknown,India,Unknown,Seed,0.0,5.0,2.0,Unknown
HealthyWorld.in,Unknown,India,Unknown,Seed,200000.0,5.0,2.0,Unknown
Hostel Dunia,Unknown,India,Unknown,Seed,16000.0,5.0,2.0,Unknown
Play your sport,Unknown,India,Unknown,Seed,16000.0,5.0,2.0,Unknown
Yo Grad,Unknown,India,Unknown,Seed,16000.0,5.0,2.0,Unknown
Enabli,Unknown,India,Unknown,Seed,16000.0,5.0,2.0,Unknown
CBS,Unknown,India,Unknown,Seed,16000.0,5.0,2.0,Unknown
Knit,Unknown,India,Unknown,Seed,0.0,5.0,2.0,Unknown
Corporate360,Unknown,India,Unknown,Seed,200000.0,5.0,2.0,Unknown
Freshmonk,Unknown,India,Unknown,Seed,0.0,5.0,2.0,Unknown
Englishleap.com,Unknown,India,Unknown,Growth,0.0,5.0,2.0,Unknown
Antuit,Unknown,India,Unknown,Growth,56000000.0,5.0,2.0,Unknown
Caratlane.com,Unknown,India,Unknown,Growth,31000000.0,5.0,2.0,Unknown
Impartus,Unknown,India,Unknown,Growth,0.0,5.0,2.0,Unknown
Thrill App,Unknown,India,Unknown,Growth,1000000.0,5.0,2.0,Unknown
Grabhouse.com,Unknown,India,Unknown,Growth,2500000.0,5.0,2.0,Unknown
Printvenue,Unknown,India,Unknown,Growth,4500000.0,5.0,2.0,Unknown
Graphene,Unknown,India,Unknown,Growth,825000.0,5.0,2.0,Unknown
Simplotel,Unknown,India,Unknown,Growth,0.0,5.0,2.0,Unknown
couponmachine.in,Unknown,India,Unknown,Seed,140000.0,5.0,2.0,Unknown
